ds,SALES,yearly,trend,monthly,weekly,holidays,PLA_AD_SPEND_PLA,TOA_AD_SPEND_TOA,REDEMPTION_COST_LOYAL_CUSTOMER_MAILER,REDEMPTION_COST_MY_MAGAZINE
2021-06-06,73484297.11998719,-6652593.2972741565,44321341.55737102,-2914406.527248838,12619676.934240555,0.0,465.983874,0.0,0.0,0.0
2021-06-07,57650327.999995984,-5580360.277738416,44283577.52512725,-969291.5836200567,-2028258.5882359145,0.0,477.3700820000001,0.0,0.0,0.0
2021-06-08,54097346.87999819,-4543713.118955082,44245813.49288347,596966.500028466,-6898703.119649625,0.0,465.05575599999986,0.0,0.0,0.0
2021-06-09,51984515.359999776,-3577997.384582732,44208049.46063971,695379.8411686749,-8478589.045898734,0.0,465.3608,0.0,0.0,0.0
2021-06-10,55099385.11999773,-2716479.6011551507,44170285.428395934,-221064.94065190645,-8502502.962100629,0.0,461.82882799999993,0.0,0.0,0.0
2021-06-11,56189666.07999746,-1989351.4637307983,44132521.39615216,-791018.12546649,4962829.2629710175,0.0,458.184328,0.0,0.0,0.0
2021-06-12,59189587.359996304,-1422815.3005131443,44094757.36390839,-360619.9868473264,8325547.518678113,0.0,457.911156,0.0,0.0,0.0
2021-06-13,75181075.1999848,-1038277.2101082032,44056993.33166461,228261.09614056343,12619676.9342327,0.0,465.48980800000004,0.0,0.0,0.0
2021-06-14,60014713.27999452,-851671.3090928604,44019229.29942084,-357758.95195126894,-2028258.5882394435,0.0,467.91999400000003,0.0,0.0,0.0
2021-06-15,55401251.83999546,-872934.8794948007,43981465.26717707,-2128601.432119697,-6898703.1196576,0.0,451.52307600000006,0.0,0.0,0.0
2021-06-16,62199378.400002845,-1105649.9884807428,43943701.2349333,-3159016.1079966403,-8478589.04591512,0.0,441.935714,0.0,0.0,0.0
2021-06-17,65315882.08000276,-1546862.4877952456,43905937.20268952,-1143504.8874032164,-8502502.962105991,0.0,466.941788,0.0,0.0,0.0
2021-06-18,72168947.36000238,-2187084.320279706,43868173.17044575,4129909.093421212,4962829.262936775,0.0,463.59276,0.0,0.0,0.0
2021-06-19,75399807.04000346,-3010479.9087731023,43830409.13820198,9817772.075176934,8325547.518681535,0.0,447.7541320000001,0.0,0.0,0.0
2021-06-20,71949773.92000203,-3995232.224356476,43792645.1059582,11843638.781146672,12619676.93423483,0.0,469.025502,0.0,0.0,0.0
2021-06-21,63248634.720003,-5114079.075186688,43754881.07371444,8212922.120505245,-2028258.5882429716,0.0,454.588306,0.0,0.0,0.0
2021-06-22,57542448.80000275,-6335005.3666694295,43717117.04147066,951009.0051752732,-6898703.11962716,0.0,436.682094,0.0,0.0,0.0
2021-06-23,33009187.840001103,-7622072.695370328,43679353.00922689,-5201691.337689141,-8478589.04588848,0.0,444.848986,0.0,0.0,0.0
2021-06-24,31882736.1600006,-8936363.776552768,43641588.97698312,-6407384.164538621,-8502502.962105762,0.0,440.12542599999995,0.0,0.0,0.0
2021-06-25,33147508.00000065,-10237015.977399793,43603824.94473935,-2652822.695071739,4962829.262946943,0.0,442.546876,0.0,0.0,0.0
2021-06-26,35873077.92000035,-11482315.726013085,43566060.91249557,2470392.103302749,8325547.518685369,0.0,439.439658,0.0,0.0,0.0
2021-06-27,46287926.8799966,-12630823.858749008,43528296.8802518,4847352.10393843,12619676.934216984,0.0,458.659472,0.0,81.0,0.0
2021-06-28,36668127.199999824,-13642501.103217958,43490532.84800803,3069840.2282983703,-2028258.588222604,10274084.413941525,436.311048,0.0,226.5,0.0
2021-06-29,33065727.360000562,-14479802.892630251,43452768.81576425,-874216.8153324111,-6898703.119656831,0.0,421.456122,0.0,618.0,0.0
2021-06-30,32899104.320000805,-15108713.568189792,43406284.81731974,-3767589.5412836783,-8478589.045904865,0.0,422.76195,0.0,2204.25,0.0
2021-07-01,34819530.719999686,-15499691.72203006,43359800.81887524,-4012116.489051692,-8502502.962105533,0.0,1094.81641,0.0,4017.75,0.0
2021-07-02,37343112.79999954,-15628500.9139501,43313316.82043073,-2614748.859936109,4962829.262957109,0.0,1023.9443720000002,0.0,5506.5,0.0
2021-07-03,36082278.559999816,-15476903.188183436,43266832.82198622,-1706122.0319315193,8325547.518668184,0.0,428.83822599999996,0.0,5872.5,0.0
2021-07-04,27933220.320000913,-15033196.628598131,43220348.82354172,-2290237.023573348,12619676.934219118,0.0,428.20953399999996,0.0,4149.75,0.0
2021-07-05,37185064.16000013,-14292582.512424558,43173864.8250972,-3436506.769379088,-2028258.588226135,12794415.118160725,433.35984200000007,0.0,5655.75,0.0
2021-07-06,35927946.719999366,-13257352.330038438,43127380.82665269,-3510793.306437428,-6898703.119643109,0.0,433.485794,0.0,5194.5,0.0
2021-07-07,45819801.43999887,-11936889.896542808,43080896.828208186,-2002163.449252124,-8478589.045899738,0.0,426.88650199999995,0.0,5409.0,0.0
2021-07-08,45600583.83999748,-10347488.849752111,43034412.82976368,-39832.175059677495,-8502502.962105304,0.0,428.22132799999997,0.0,5727.0,0.0
2021-07-09,48815972.7999958,-8511990.864695337,42987928.83131917,838680.9369069856,4962829.262958035,0.0,434.25628000000006,0.0,6625.5,0.0
2021-07-10,53364813.43999451,-6459254.776040185,42941444.832874656,281844.6231036548,8325547.518672436,0.0,432.8792020000001,0.0,8646.75,0.0
2021-07-11,67053497.11998319,-4223471.350698862,42894960.83443016,-624368.6409151793,12619676.93422125,0.0,436.246462,0.0,8063.25,0.0
2021-07-12,52306828.15999399,-1843342.566937755,42848476.835985646,-679981.1087468135,-2028258.5882296632,0.0,415.92907599999995,0.0,5914.5,0.0
2021-07-13,47754241.27999741,638852.1785404332,42801992.83754113,8018.433015344493,-6898703.119651084,0.0,424.815196,0.0,4833.0,0.0
2021-07-14,44737167.519999094,3178277.5953236474,42755508.83909663,131369.2321589487,-8478589.045895876,0.0,433.49884199999997,0.0,4375.5,0.0
2021-07-15,47121498.399998225,5728624.22015635,42709024.84065212,-1178379.7529881475,-8502502.962110667,0.0,416.81989,0.0,4593.0,0.0
2021-07-16,48630313.11999786,8243221.382873966,42662540.84220761,-2901900.441636768,4962829.2629774455,0.0,432.22702599999997,0.0,5678.25,0.0
2021-07-17,53365402.23999519,10676151.86403438,42616056.84376311,-2618573.217022752,8325547.518675857,0.0,427.13612,0.0,6051.0,0.0
2021-07-18,64649452.499987535,12983338.912995929,42569572.84531859,1200156.723484279,12619676.934203403,0.0,434.90631,0.0,6383.25,0.0
2021-07-19,52384303.20999637,15123577.32725539,42523088.84687408,7186040.0731765535,-2028258.5881917116,0.0,424.22782400000006,0.0,4456.5,0.0
2021-07-20,45756700.479997136,17059482.100174993,42476604.84842958,11498431.127472429,-6898703.11963736,0.0,439.42340400000006,0.0,3861.0,0.0
2021-07-21,41088694.07999831,18758330.66653152,42430120.84998507,10704538.192441134,-8478589.04589075,0.0,439.955138,0.0,3355.5,0.0
2021-07-22,44890502.09999744,20192777.935238488,42383636.851540565,4765808.646484329,-8502502.962093372,0.0,411.76733199999995,0.0,3502.5,0.0
2021-07-23,48290069.639997035,21341427.000758003,42337152.85309606,-2570823.022074537,4962829.262978371,0.0,423.52909000000005,0.0,3675.0,0.0
2021-07-24,52185908.47999511,22189242.558371183,42290668.85465155,-6528922.3445715,8325547.518679693,0.0,412.164258,0.0,3539.25,0.0
2021-07-25,63927963.24998649,22727798.492650643,42244184.85620704,-4982984.384687689,12619676.93423628,0.0,406.670476,0.0,3597.75,0.0
2021-07-26,49395484.48999568,22955355.73306769,42197700.85776253,27953.727070903864,-2028258.5882128256,0.0,1.02,0.0,2808.0,0.0
2021-07-27,43655457.279997624,22876771.14306078,42151216.859318025,4178143.163928143,-6898703.119667033,0.0,0.0,0.0,3478.5,0.0
2021-07-28,41121479.22999739,22503242.79546563,42104732.86087351,4418394.705875831,-8478589.045907136,0.0,0.0,0.0,2922.0,0.0
2021-07-29,43174985.48999718,21851901.359114543,42058248.862429,1158987.1267881652,-8502502.962110208,0.0,366.609124,0.0,2634.75,0.0
2021-07-30,48656941.70999578,20945261.3561456,42011764.863984495,-2615095.1903047604,4962829.262944127,0.0,390.16438800000003,0.0,3403.5,0.0
2021-07-31,54043285.4699927,19810549.63781011,41965280.86553999,-4211505.006118379,8325547.518683529,0.0,280.717222,0.0,3843.75,0.0
2021-08-01,67026232.07998187,18478931.47001813,41918796.86709547,-3383018.10496208,12619676.934228428,0.0,480.15503,0.0,4569.75,0.0
2021-08-02,48973337.47999439,16984657.041290455,41872312.86865097,-1989690.928040217,-2028258.588198769,0.0,476.92959999999994,0.0,497.25,0.0
2021-08-03,44547960.349997446,15364152.94232218,41825828.87020646,-1830702.6392677417,-6898703.119653312,0.0,492.1684640000001,0.0,624.0,0.0
2021-08-04,33404913.03000141,13655084.180052357,41779344.87176196,-2902629.6176384264,-8478589.045880498,0.0,475.847132,0.0,986.25,0.0
2021-08-05,33084690.399999768,11895412.560109546,41732860.87331745,-3681728.059403231,-8502502.962092914,0.0,445.793722,0.0,2298.75,0.0
2021-08-06,33130760.399999987,10122476.80455422,41686376.87487294,-2914406.5272462848,4962829.262954297,0.0,466.23221199999995,0.0,3867.75,0.0
2021-08-07,38638999.189998835,8372118.590835185,41639892.876428425,-969291.5836254628,8325547.518687366,0.0,472.8260000000001,0.0,4973.25,0.0
2021-08-08,52544254.46999094,6677876.849323293,41593408.87798392,596966.5000319524,12619676.934230557,0.0,364.14268,0.0,5983.5,0.0
2021-08-09,40328229.48999818,5070270.204749206,41546924.879539415,695379.8411697072,-2028258.5882198827,0.0,467.50399600000003,0.0,4013.25,0.0
2021-08-10,35796187.999999285,3576184.473020323,41500440.8810949,-221064.9406547497,-6898703.119644567,0.0,479.4542340000001,0.0,4333.5,0.0
2021-08-11,33592780.6900006,2218378.7246749843,41453956.882650405,-791018.1254675811,-8478589.045896882,0.0,458.2079,0.0,4400.25,0.0
2021-08-12,34051507.439999595,1015119.7070437104,41407472.884205885,-360619.986856969,-8502502.962092685,0.0,464.6115979999999,0.0,4287.0,0.0
2021-08-13,34818857.29000023,-20049.506732460795,41360988.88576138,228261.09615105973,4962829.262964462,0.0,473.322516,0.0,5526.75,0.0
2021-08-14,41288396.669998,-878404.7823173974,41314504.88731688,-357758.9519490711,8325547.518690788,0.0,469.9472420000001,0.0,4059.0,0.0
2021-08-15,57454997.30998645,-1556002.2167524763,41268020.88887236,-2128601.4321277025,12619676.93424346,0.0,466.663874,0.0,5775.0,0.0
2021-08-16,41880125.9799963,-2053511.3946708988,41221536.86633992,-3159016.10799422,-2028258.588240995,0.0,466.7641719999999,0.0,3510.75,0.0
2021-08-17,37823146.7399988,-2375930.101483199,41175052.84380747,-1143504.887402356,-6898703.119652541,0.0,463.16602,0.0,3516.0,0.0
2021-08-18,34950667.54000005,-2532193.180315198,41128568.821275,4129909.0934199807,-8478589.045893023,0.0,457.962602,0.0,3348.75,0.0
2021-08-19,34232931.37999984,-2534690.957778685,41082084.79874256,9817772.07516545,-8502502.962092454,0.0,432.72053800000003,0.0,3114.75,0.0
2021-08-20,35488057.96000017,-2398714.875285662,41035600.7762101,11843638.781148594,4962829.2629653895,0.0,455.6741959999999,0.0,3780.75,0.0
2021-08-21,41973923.80999729,-2141849.5882027694,40989116.75367765,8212922.120511105,8325547.51867443,0.0,450.158812,0.0,3955.5,0.0
2021-08-22,58721896.459984995,-1783331.7983800415,40942632.7311452,951009.0051821024,12619676.934245594,0.0,450.8952460000001,0.0,4575.0,0.0
2021-08-23,43226409.76999792,-1343396.446400457,40896148.70861273,-5201691.337688678,-2028258.58822694,0.0,429.1324680000001,0.0,2941.5,0.0
2021-08-24,39756659.269998476,-842630.6100667684,40849664.68608029,-6407384.164534058,-6898703.119660517,0.0,414.556394,0.0,3014.25,0.0
2021-08-25,37896028.299998194,-301354.555891012,40803180.66354784,-2652822.695061137,-8478589.045909407,0.0,447.29513399999996,0.0,2406.75,0.0
2021-08-26,38489822.909999095,260952.0902581413,40756696.64101537,2470392.103302578,-8502502.962114885,0.0,464.37556400000005,0.0,2958.0,0.0
2021-08-27,40262307.31999704,826163.0909564922,40710212.61848293,4847352.103945882,4962829.262966314,0.0,455.26957000000004,0.0,3205.5,0.0
2021-08-28,47818786.19999573,1377943.7566489968,40663728.59595047,3069840.228311413,8325547.518677853,0.0,278.5175,0.0,3300.75,0.0
2021-08-29,67108575.7099831,1902103.8316441595,40617244.57341802,-874216.815330786,12619676.934237735,0.0,462.119406,0.0,3506.25,0.0
2021-08-30,46481005.489995375,2386857.5137051945,40570760.55088557,-3767589.5412821886,-2028258.5882480529,0.0,292.09881400000006,0.0,3517.5,0.0
2021-08-31,41780305.9399967,2822986.2753836387,40524276.52835311,-4012116.4890542976,-6898703.119646795,0.0,444.6904,0.0,3346.5,0.0
2021-09-01,41363840.319997564,3203903.4774093176,40477792.50582066,-2614748.859938415,-8478589.045882769,0.0,538.9593399999999,941.0240000000001,4124.25,0.0
2021-09-02,40793463.81999944,3525623.042124431,40431308.483288206,-1706122.0319365617,-8502502.962097589,0.0,546.143556,999.628,6951.0,0.0
2021-09-03,43072017.34999689,3786637.583296825,40384824.46075576,-2290237.023581868,4962829.262985725,0.0,554.7048199999999,1082.2000000000003,8543.25,0.0
2021-09-04,44921798.42999754,3987714.26978137,40338340.4382233,-3436506.769377711,8325547.518681687,0.0,548.291874,1173.6200000000001,9494.25,0.0
2021-09-05,45520359.83999683,4131619.245738195,40291856.41569085,-3510793.3064416144,12619676.93422988,0.0,548.867234,1193.136,8954.25,0.0
2021-09-06,51962776.7199938,4222783.562100263,40245372.3931584,-2002163.4492675052,-2028258.5882101024,13484368.030233014,550.3985959999999,1191.6519999999998,6503.25,0.0
2021-09-07,42215172.62999724,4266925.229842087,40198888.37062594,-39832.175063979616,-6898703.119676467,0.0,543.69337,983.3600000000001,4864.5,0.0
2021-09-08,37667450.68999842,4270643.138108849,40152404.348093495,838680.9369062855,-8478589.045899155,0.0,568.096208,976.5,5590.5,0.0
2021-09-09,37131773.219999425,4240999.1599817565,40105920.32556103,281844.62310459395,-8502502.962114427,0.0,558.291776,1102.024,4159.5,0.0
2021-09-10,37024028.61000008,4185104.783974757,40059436.30302858,-624368.6409154095,4962829.262986651,0.0,552.0857619999999,984.1439999999999,4285.5,0.0
2021-09-11,42712649.84999867,4109728.0665319096,40012952.28049613,-679981.1087510426,8325547.518664502,0.0,554.3121940000001,1199.1840000000002,5707.5,0.0
2021-09-12,60643609.16999141,4020935.625828588,39966468.25796368,8018.433022365978,12619676.934222022,0.0,553.547752,1228.808,6304.5,0.0
2021-09-13,44259930.96999596,3923782.830307391,39919984.23543122,131369.23215601218,-2028258.5882312143,0.0,556.235002,967.5399999999998,4563.0,20.25
2021-09-14,36745258.329999164,3822063.335735207,39873500.21289876,-1178379.7529885983,-6898703.119646026,0.0,552.804892,748.9999999999999,3253.5,162.0
2021-09-15,35653266.98000014,3718126.76220482,39827016.19036632,-2901900.4416342736,-8478589.045894027,0.0,552.9352339999999,1249.808,3928.5,1113.75
2021-09-16,35086702.399999455,3612770.6603769534,39780532.16783386,-2618573.217026447,-8502502.96209713,0.0,540.3089699999999,1238.496,3334.5,2423.25
2021-09-17,35768858.6499995,3505210.0858235327,39734048.14530141,1200156.7234886829,4962829.262952407,0.0,544.5745679999999,969.6120000000001,4320.0,4360.5
2021-09-18,40824220.139998004,3393125.17767266,39687564.12276895,7186040.073180356,8325547.518668752,0.0,548.553952,1253.4759999999999,3807.0,5835.375
2021-09-19,57469905.81998882,3272784.222933568,39641080.100236505,11498431.127470754,12619676.934224157,0.0,554.2339219999999,1270.136,4968.0,6766.875
2021-09-20,41470339.559996344,3139236.8790131267,39594596.07770406,10704538.19244109,-2028258.58821716,0.0,551.363068,1034.9639999999997,3820.5,4006.125
2021-09-21,35739488.559999004,2986569.6188496607,39548112.0551716,4765808.646482106,-6898703.119632303,0.0,536.3840059999999,751.5200000000001,3240.0,4046.625
2021-09-22,32636904.040000696,2808213.1437223284,39501628.03263915,-2570823.0220686668,-8478589.045890167,0.0,544.507608,461.97200000000004,3213.0,3904.875
2021-09-23,33193987.009999827,2597289.555971477,39455144.01010669,-6528922.344568424,-8502502.9620969,0.0,528.041064,385.86799999999994,2457.0,4124.25
2021-09-24,33606392.95999966,2346985.56326872,39408659.98757424,-4982984.384690381,4962829.262962575,0.0,516.8714580000001,399.89600000000013,3604.5,5025.375
2021-09-25,39493470.319997326,2050936.9495531092,39362175.96504179,27953.727069802047,8325547.518672176,0.0,525.5243800000001,543.0319999999999,2983.5,5845.5
2021-09-26,54426392.40998773,1703609.0298401357,39315691.94250933,4178143.1639290927,12619676.934206309,0.0,553.409246,1101.968,3739.5,5683.5
2021-09-27,39454783.75999647,1300657.825863754,39269207.91997688,4418394.705878536,-2028258.5882382724,0.0,526.266154,747.376,2781.0,4043.25
2021-09-28,33800774.55999884,839257.2565571363,39222723.89744443,1158987.1267932586,-6898703.119640277,0.0,525.792344,784.9519999999998,3631.5,3240.0
2021-09-29,31797122.969999284,318378.7149952209,39176239.87491197,-2615095.190303618,-8478589.045885041,0.0,503.4826319999999,829.5,4104.0,2936.25
2021-09-30,32262580.989999365,-260989.0337523261,39129755.85237952,-4211505.006111919,-8502502.962079603,0.0,514.542676,1039.4160000000002,5818.5,3145.5
2021-10-01,33218498.099999387,-895689.7011272806,39083271.82984706,-3383018.104959382,4962829.262972741,0.0,418.48,1244.0400000000002,7209.0,3479.625
2021-10-02,37883901.86999822,-1580326.7702249766,39036787.80731461,-1989690.9280414616,8325547.5186755955,0.0,133.72573599999998,1744.876,10975.5,3881.25
2021-10-03,52311906.859991014,-2307273.278238365,38990303.78478216,-1830702.639275452,12619676.934239186,0.0,140.64,2027.7040000000002,11043.0,4012.875
2021-10-04,37312250.66999726,-3066766.2641002666,38943819.76224971,-2902629.617636522,-2028258.588241801,0.0,141.06,1482.124,5508.0,2484.0
2021-10-05,31686432.23999875,-3847085.0867824256,38897335.73971726,-3681728.0594022265,-6898703.119648253,0.0,133.784254,1004.36,4239.0,2605.5
2021-10-06,30556580.579999935,-4634809.837736816,38850851.7171848,-2914406.527246396,-8478589.045901425,0.0,134.225846,1026.9560000000001,4860.0,2858.625
2021-10-07,29597557.259998936,-5415153.178785785,38804367.69465234,-969291.583625706,-8502502.962096442,0.0,129.06,859.992,4158.0,2322.0
2021-10-08,30125578.939999487,-6172356.232522928,38757883.67211989,596966.5000280718,4962829.262929258,0.0,139.92,690.032,5940.0,2473.875
2021-10-09,33021146.969997853,-6890136.727869312,38711399.64958744,695379.8411709099,8325547.518679847,0.0,141.577184,952.0839999999996,4671.0,2328.75
2021-10-10,44023830.96999492,-7552175.543177603,38664915.62705499,-221064.94065091215,12619676.934231332,0.0,136.57999999999998,349.86,5886.0,2689.875
2021-10-11,34009187.949996956,-8142626.165106451,38618431.60452253,-791018.1254753327,-2028258.5882038493,7156531.693184714,138.861104,0.0,3766.5,2176.875
2021-10-12,29756650.679998927,-8646630.452880183,38571947.58199007,-360619.98685102194,-6898703.119656227,0.0,134.70000000000002,0.0,4387.5,1724.625
2021-10-13,28299670.79999943,-9050823.5077931,38525463.55945764,228261.0961490489,-8478589.045874784,0.0,132.59413,0.0,3928.5,1950.75
2021-10-14,28336987.93999873,-9343810.42249987,38478979.53692517,-357758.9519490938,-8502502.962101806,0.0,133.87829599999998,0.0,3415.5,2163.375
2021-10-15,28748180.109999757,-9516598.232876848,38432495.51439272,-2128601.432125676,4962829.262948665,0.0,127.53577800000001,0.0,4671.0,2551.5
2021-10-16,32871996.059997547,-9562967.505751032,38386011.49186027,-3159016.1079969825,8325547.51868327,0.0,129.76,0.0,4576.5,2480.625
2021-10-17,43742471.169991314,-9479769.639930686,38339527.469327815,-1143504.887398793,12619676.934233462,0.0,132.217534,0.0,5143.5,3135.375
2021-10-18,32940066.989996552,-9267138.090244744,38293043.44679537,4129909.093422086,-2028258.5882073792,0.0,133.11960200000001,0.0,4185.0,2082.375
2021-10-19,27946642.76999811,-8928604.280681495,38246559.42426291,9817772.075163832,-6898703.119625788,0.0,124.62,0.0,3013.2,1777.9499999999998
2021-10-20,25842182.069999587,-8471111.877675064,38200075.40173045,11843638.781150822,-8478589.04589117,0.0,124.19999999999999,0.0,3213.0,1825.875
2021-10-21,25408131.72999904,-7904926.258004506,38153591.379198,8212922.1205006195,-8502502.962101575,0.0,125.7,0.0,3677.4,1817.775
2021-10-22,25926217.449999798,-7243439.329663091,38107107.35666554,951009.0051739736,4962829.262949592,0.0,125.16000000000001,0.0,3658.5,1930.5
2021-10-23,29562749.86999891,-6502873.243574403,38060623.334133096,-5201691.337692043,8325547.518687104,0.0,125.76666600000003,0.0,4489.965,1908.0900000000001
2021-10-24,40686437.649991006,-5701889.861023828,38014139.31160065,-6407384.164534108,12619676.93421562,0.0,129.170952,0.0,4320.0,2109.375
2021-10-25,30000097.17999828,-4861116.008722324,37967655.28906818,-2652822.695065397,-2028258.5882284911,0.0,127.26,0.0,3186.0,1609.875
2021-10-26,26760242.48999936,-4002597.4566764417,37921171.266535744,2470392.103293352,-6898703.119655457,0.0,124.22,0.0,2794.5,1262.25
2021-10-27,24280665.510000046,-3149197.0961247985,37874687.24400328,4847352.103947875,-8478589.045907555,0.0,126.41999999999999,0.0,3349.215,1527.93
2021-10-28,24347221.139999554,-2323954.889718828,37828203.221470825,3069840.2283143178,-8502502.962101348,0.0,122.39447999999999,0.0,3199.5,1707.75
2021-10-29,26400312.149999626,-1549428.738959571,37781719.19893838,-874216.8153337053,4962829.262959759,0.0,120.770212,0.0,4032.315,1670.625
2021-10-30,32463993.339997448,-847036.4079431589,37735235.17640592,-3767589.541282966,8325547.518670334,0.0,119.22000000000001,0.0,5709.6900000000005,2436.12
2021-10-31,37990957.90999526,-236419.0148022117,37688751.15387347,-4012116.4890472367,12619676.93421775,0.0,115.54000000000002,0.0,5346.0,2548.125
2021-11-01,29108883.249998312,265153.6667924755,37642267.13134102,-2614748.859930248,-2028258.588214436,0.0,151.315,0.0,243.0,1285.56
2021-11-02,28196277.759998783,643316.7681482646,37595783.10880856,-1706122.031928382,-6898703.119641737,0.0,143.44,0.0,351.0,1208.25
2021-11-03,26940270.01000042,887064.9602636856,37549299.08627611,-2290237.0235807323,-8478589.045902427,0.0,139.02,0.0,216.0,1819.125
2021-11-04,25591413.87999958,989112.5035059614,37502815.06374365,-3436506.7693709373,-8502502.962123778,0.0,145.86,0.0,216.0,1548.99
2021-11-05,26377682.939999815,946145.7131933958,37456331.0412112,-3510793.3064407785,4962829.262960686,0.0,148.25999999999996,0.0,81.0,1771.875
2021-11-06,30613489.449998353,758957.9582758823,37409847.01867876,-2002163.44926775,8325547.518674171,0.0,146.04,0.0,237.06,2778.12
2021-11-07,42850957.26999205,432460.79481492017,37363362.9961463,-39832.17505964633,12619676.934219882,0.0,141.00000000000003,0.0,0.0,2262.285
2021-11-08,32923377.90999781,-24431.41593179809,37316878.97361385,838680.9369034626,-2028258.5882355487,3835783.134714613,142.05110999999994,0.0,0.0,1886.625
2021-11-09,32843081.69999652,-599042.1535914001,37270394.95108139,281844.62309598003,-6898703.119649712,0.0,142.62000000000003,0.0,0.0,1866.1499999999999
2021-11-10,32407718.47999689,-1275293.4630608258,37223910.92854895,-624368.6409173118,-8478589.045898568,0.0,76.8,0.0,0.0,1984.5
2021-11-11,33134706.449995115,-2034177.724017355,37177426.90601648,-679981.1087473675,-8502502.962106481,0.0,74.05638400000001,0.0,0.0,1990.6650000000002
2021-11-12,33767345.35999569,-2854327.7937274184,37130942.88348403,8018.433019924111,4962829.262980095,0.0,75.77999999999999,0.0,0.0,2165.2650000000003
2021-11-13,39207233.79999423,-3712669.536716641,37084458.86095158,131369.23215486575,8325547.518677591,0.0,75.95647000000001,0.0,0.0,2554.2
2021-11-14,50649513.31998362,-4585137.873410824,37037974.83841912,-1178379.7529874798,12619676.934232784,0.0,76.519728,0.0,0.0,2117.16
2021-11-15,38048031.96999552,-5447435.126073685,36991490.81588666,-2901900.4416317767,-2028258.5881975985,0.0,76.14000000000001,0.0,0.0,2102.625
2021-11-16,34101361.71999785,-6275808.698127828,36945006.79335421,-2618573.217024619,-6898703.119657685,0.0,76.56,0.0,0.0,2292.0299999999997
2021-11-17,33157662.52999876,-7047824.054333136,36898522.770821765,1200156.723490836,-8478589.045893442,0.0,74.75999999999999,0.0,0.0,2084.8050000000003
2021-11-18,32238368.789997563,-7743108.62094637,36852038.74828931,7186040.073185643,-8502502.96212332,0.0,73.56,0.0,0.0,2048.625
2021-11-19,33521805.379998878,-8344042.61857671,36805554.72575686,11498431.127477637,4962829.262981022,0.0,70.26,0.0,0.0,2814.3
2021-11-20,36010699.18999726,-8836373.979077095,36759070.703224406,10704538.192436868,8325547.518681427,0.0,5.28,0.0,0.0,2200.5
2021-11-21,42139527.74999416,-9209736.358387796,36712586.68069196,4765808.646483426,12619676.934234915,0.0,76.80000000000001,0.0,0.0,2436.48
2021-11-22,35891426.66999768,-9458051.797653276,36666102.65815949,-2570823.0220723907,-2028258.5882187115,6113730.694201656,75.872542,0.0,0.0,2065.5
2021-11-23,33556869.53999839,-9579802.739794215,36619618.63562705,-6528922.344570603,-6898703.119665661,0.0,71.28000000000002,0.0,0.0,2284.875
2021-11-24,29995979.479998846,-9578161.7931737,36573134.61309459,-4982984.384691037,-8478589.045909828,0.0,70.62,0.0,0.0,1626.75
2021-11-25,8223643.600000307,-9460971.747725915,36526650.590562135,27953.72706472192,-8502502.962106023,0.0,70.2,0.0,0.0,425.25
2021-11-26,18583630.24000077,-9240572.774048612,36480166.56802969,4178143.163930042,4962829.262946778,0.0,70.74000000000001,0.0,0.0,1266.8400000000001
2021-11-27,25651642.31000036,-8933478.346335275,36433682.54549724,4418394.705867662,8325547.518685264,0.0,72.18,0.0,0.0,1993.9499999999998
2021-11-28,42502335.57999292,-8559906.089892095,36387198.52296477,1158987.126787621,12619676.93422706,0.0,72.9755,0.0,0.0,2756.385
2021-11-29,36056861.76999623,-8143174.324662751,36340714.500432335,-2615095.190309361,-2028258.5882046556,0.0,69.60000000000001,0.0,45.629999999999995,470.88
2021-11-30,33124916.13999882,-7708979.419780093,36294230.47789987,-4211505.006113874,-6898703.119651938,0.0,72.0,0.0,261.63,175.23
2021-12-01,31385575.520000823,-7284573.056090219,36247746.455367416,-3383018.104962103,-8478589.045884455,0.0,94.231236,0.0,1120.5,162.0
2021-12-02,30174280.05000009,-6897861.989475189,36201262.43283497,-1989690.928042956,-8502502.962088726,0.0,91.52000000000001,0.0,1984.5,146.88
2021-12-03,30998485.080001324,-6576455.804096626,36154778.41030251,-1830702.6392721843,4962829.262956945,0.0,92.7,0.0,3996.0,121.5
2021-12-04,35965344.87000008,-6346690.344754952,36108294.387770064,-2902629.617635525,8325547.518689099,0.0,88.25999999999999,0.0,6021.0,162.0
2021-12-05,51746255.99998878,-6232655.943588138,36061810.3652376,-3681728.059407207,12619676.934219202,0.0,96.30000000000001,0.0,5381.505,0.0
2021-12-06,36602791.08999817,-6255260.151292357,36015326.34270516,-2914406.52725425,-2028258.5882257689,0.0,94.18,0.0,3469.5,0.0
2021-12-07,32935284.68999828,-6431354.415063048,35968842.3201727,-969291.5836170894,-6898703.119664891,0.0,87.30260799999999,0.0,4936.8150000000005,0.0
2021-12-08,30700104.229999665,-6772953.005253512,35922358.29764024,596966.5000297361,-8478589.045900838,0.0,94.55999999999999,0.0,4900.5,0.0
2021-12-09,29923052.870000176,-7286570.49840814,35875874.27510779,695379.8411641922,-8502502.9620885,0.0,88.0787,0.0,5845.5,0.0
2021-12-10,29913994.40000097,-7972701.318383877,35829390.252575345,-221064.9406504141,4962829.262967114,0.0,93.17999999999999,0.0,6291.0,0.0
2021-12-11,33963560.929999545,-8825461.285625705,35782906.23004288,-791018.1254714967,8325547.518671914,0.0,95.793152,0.0,6925.5,0.0
2021-12-12,47530819.15999178,-9832406.918136526,35736422.20751044,-360619.9868481435,12619676.934242094,0.0,92.677222,0.0,8397.0,0.0
2021-12-13,35547631.879998125,-10974543.475074409,35689938.18497798,228261.09614703865,-2028258.588246881,0.0,92.88,0.0,5643.0,0.0
2021-12-14,28532848.440000452,-12226527.563313644,35643454.16244552,-357758.9519491169,-6898703.1196511695,0.0,94.34893000000001,0.0,3996.0,0.0
2021-12-15,28238761.330000464,-13557064.679840025,35596970.139913075,-2128601.432113615,-8478589.045895712,0.0,94.92000000000003,0.0,4482.0,0.0
2021-12-16,26700732.089999612,-14929496.490094643,35550486.11738062,-3159016.107994561,-8502502.962088268,0.0,92.88214199999999,0.0,4441.5,0.0
2021-12-17,28411061.229999788,-16302567.10192299,35504002.09484817,-1143504.8873943896,4962829.262968038,0.0,157.02,0.0,5305.5,0.0
2021-12-18,30724219.009999007,-17631352.245055195,35457518.072315715,4129909.0934274234,8325547.518676165,0.0,157.038834,0.0,4441.5,0.0
2021-12-19,36882772.919997424,-18868330.26328858,35411034.04978327,9817772.075170876,12619676.934244225,0.0,159.85569200000003,0.0,4356.3150000000005,0.0
2021-12-20,31480130.539998908,-19964569.31808108,35364550.027250804,11843638.78115274,-2028258.588232826,5545812.211029742,157.469338,0.0,4537.215,0.0
2021-12-21,29259223.719999913,-20871001.32483826,35318066.00471836,8212922.120506479,-6898703.119659144,0.0,156.31142800000003,0.0,4765.5,0.0
2021-12-22,29381119.469999686,-21539750.016316477,35271581.9821859,951009.0051753976,-8478589.045890585,0.0,359.57833800000003,0.0,3928.5,0.0
2021-12-23,30698543.10999929,-21925478.251641404,35225097.95965345,-5201691.337695546,-8502502.962110698,0.0,1149.9767800000002,0.0,3874.5,0.0
2021-12-24,19809572.22000063,-21986718.342638846,35178613.937121,-6407384.16454115,4962829.262987449,0.0,803.7621859999999,0.0,2133.0,0.0
2021-12-25,242558.83000001192,-21687148.802932467,35132129.91458855,-2652822.695067034,8325547.518679585,0.0,382.061152,0.0,27.0,0.0
2021-12-26,23512103.580001026,-20996781.56609121,35085645.892056085,2470392.103302236,12619676.93423637,0.0,1676.576044,0.0,2430.0,0.0
2021-12-27,27043198.019999932,-19893025.36361252,35039161.86952363,4847352.103939013,-2028258.5882539384,7969180.630294359,2069.262396,0.0,2943.0,0.0
2021-12-28,26939547.999999676,-18361593.571242817,34992677.84699118,3069840.228307565,-6898703.119628703,0.0,1082.5064159999997,0.0,2903.715,0.0
2021-12-29,27506431.87000057,-16397228.364700535,34946193.824458726,-874216.8153395309,-8478589.045885457,0.0,0.0,0.0,3917.7,0.0
2021-12-30,30590810.859999713,-14004217.38792784,34899709.80192628,-3767589.541286213,-8502502.962093402,0.0,0.0,0.0,5216.4,0.0
2021-12-31,33016881.389999673,-11196684.22053906,34853225.77939383,-4012116.489059513,4962829.262988374,0.0,0.0,0.0,5017.8150000000005,0.0
2022-01-01,21210809.080000795,-7998639.604498602,34806741.756861374,-2614748.859938049,8325547.518683421,0.0,327.70750599999997,0.0,2986.2,0.0
2022-01-02,39605019.409996554,-4443786.506400783,34760257.73432891,-1706122.031928881,12619676.934228512,0.0,338.833934,0.0,4914.0,0.0
2022-01-03,34575824.51999895,-575078.4875626634,34713773.71179647,-2290237.023579596,-2028258.5882159877,0.0,319.91686599999997,0.0,297.0,0.0
2022-01-04,33106080.129999306,3555962.641042302,34667289.68926401,-3436506.769371727,-6898703.119658374,0.0,316.89871400000004,0.0,292.815,0.0
2022-01-05,34965514.70999989,7890157.465784723,34620805.66673156,-3510793.3064408666,-8478589.04590184,0.0,311.741034,0.0,391.5,0.0
2022-01-06,28593574.739999473,12361789.313593527,34574321.6441991,-2002163.4492638973,-8502502.96211024,0.0,312.03351399999997,0.0,164.43,0.0
2022-01-07,30019603.300000172,16899909.90962849,34527837.621666655,-39832.17505382794,4962829.262989301,0.0,771.788596,0.0,218.43,0.0
2022-01-08,39326667.26999885,21429800.767966256,34481353.59913419,838680.9369042809,8325547.518666651,0.0,870.6283199999999,0.0,297.0,0.0
2022-01-09,48721110.429991774,25874556.25907558,34434869.57660175,281844.6231064725,12619676.934220657,0.0,891.2532320000001,0.0,0.0,0.0
2022-01-10,37071115.76999805,30156750.67498233,34388385.55406929,-624368.6409116086,-2028258.5882195164,0.0,820.124444,0.0,0.0,0.0
2022-01-11,32080644.72999886,34200148.94944652,34341901.53153683,-679981.1087492456,-6898703.119644654,0.0,841.4225980000001,0.0,0.0,0.0
2022-01-12,32149750.759999227,37931419.0655532,34295417.509004384,8018.433017480995,-8478589.045896715,0.0,849.5846720000001,0.0,0.0,0.0
2022-01-13,33344483.72999721,41281803.65062252,34248933.486471936,131369.23215550935,-8502502.962092943,0.0,884.0996920000001,0.0,0.0,0.0
2022-01-14,36993969.79999543,44188708.84116786,34202449.46393948,-1178379.7529890605,4962829.2629550565,0.0,888.703458,0.0,0.0,0.0
2022-01-15,39739459.34999395,46597170.19153284,34155965.44140703,-2901900.4416386327,8325547.518670486,0.0,877.974412,0.0,0.0,0.0
2022-01-16,33573537.569997944,48461158.16213048,34109481.41887458,-2618573.217019591,12619676.934222786,0.0,913.85297,0.0,0.0,0.0
2022-01-17,31137323.32999872,49744689.48950866,34062997.39634211,1200156.7234928105,-2028258.5882230452,-38150111.89498431,928.1704500000002,0.0,0.0,0.0
2022-01-18,30585982.42999924,50422715.41674584,34016513.373809665,7186040.073176624,-6898703.119630932,0.0,925.2724079999999,0.0,0.0,0.0
2022-01-19,30483881.649996243,50481763.22887713,33970029.35127721,11498431.12747596,-8478589.045892857,0.0,909.9465240000001,0.0,0.0,0.0
2022-01-20,27768685.099997513,49920313.65265759,33923545.32874476,10704538.192440996,-8502502.962092714,0.0,924.6952239999998,0.0,0.0,0.0
2022-01-21,29326739.239998415,48748903.28249577,33877061.3062123,4765808.646490249,4962829.262965225,0.0,885.7418300000002,0.0,0.0,0.0
2022-01-22,35889812.679995805,46989948.111227,33830577.28367986,-2570823.022072154,8325547.518673909,0.0,889.9207579999999,0.0,0.0,0.0
2022-01-23,45042281.96998898,44677291.29176906,33784093.261147395,-6528922.344568768,12619676.934204942,0.0,911.9381120000002,0.0,0.0,0.0
2022-01-24,33628178.379996195,41855485.24697622,33737609.23861495,-4982984.384686206,-2028258.5882026788,0.0,904.0759360000001,0.0,0.0,0.0
2022-01-25,30323862.49999857,38578824.99280688,33691125.21608249,27953.727063618942,-6898703.119660601,0.0,894.7987459999999,0.0,0.0,0.0
2022-01-26,30146745.709998667,34910155.8647104,33644641.19355004,4178143.1639302447,-8478589.04588773,0.0,892.049384,0.0,0.0,0.0
2022-01-27,30537748.389997236,30919484.56934104,33598157.17101759,4418394.705879016,-8502502.962092483,0.0,907.6619979999998,0.0,0.0,0.0
2022-01-28,31589919.669996105,26682427.46933491,33551673.14848514,1158987.1267875682,4962829.262975391,0.0,890.3052840000001,0.0,0.0,0.0
2022-01-29,35783958.029995486,22278534.11543411,33505189.125952687,-2615095.190308956,8325547.518677331,0.0,927.077012,0.0,0.0,0.0
2022-01-30,45618599.009986125,17789527.156841353,33458705.103420224,-4211505.006112053,12619676.93423782,0.0,911.860616,0.0,0.0,0.0
2022-01-31,37344918.80999317,13297501.8045455,33412221.08088777,-3383018.104970238,-2028258.588206208,0.0,879.661672,0.0,0.0,0.0
2022-02-01,39541396.849990815,8883128.940049672,33365737.05835532,-1989690.9280444512,-6898703.11964688,0.0,861.7130639999999,0.0,0.0,0.0
2022-02-02,31420517.509996545,4623905.728582682,33319253.03582287,-1830702.6392745608,-8478589.045904111,0.0,847.054374,0.0,0.0,0.0
2022-02-03,22519986.139997754,592496.2205850016,33272769.013290416,-2902629.6176317125,-8502502.962092256,0.0,876.42092,0.0,0.0,0.0
2022-02-04,24685257.129997674,-3144798.054428704,33226284.990757965,-3681728.0594033855,4962829.262931906,0.0,893.5749059999999,0.0,0.0,0.0
2022-02-05,33940897.249994114,-6529401.012340141,33179800.9682255,-2914406.5272516967,8325547.51868158,0.0,915.1593340000001,0.0,0.0,0.0
2022-02-06,44631388.2399852,-9511626.421972256,33133316.94569305,-969291.5836173316,12619676.934229966,0.0,871.491302,0.0,0.0,0.0
2022-02-07,31507871.589995634,-12051617.03110674,33086832.9231606,596966.5000270962,-2028258.5882097364,0.0,894.3140719999999,0.0,0.0,0.0
2022-02-08,28908759.56999666,-14120037.590892311,33040348.900628146,695379.8411652253,-6898703.119654855,0.0,900.550138,0.0,0.0,0.0
2022-02-09,27346430.78999803,-15698507.41381731,32993864.878095698,-221064.9406438854,-8478589.045877473,0.0,905.178228,0.0,0.0,0.0
2022-02-10,26830556.539997607,-16779764.893219344,32947380.85556325,-791018.1254725886,-8502502.962097617,0.0,888.986368,0.0,0.0,0.0
2022-02-11,27312373.70999753,-17367563.356870733,32900896.833030798,-360619.986850523,4962829.262951317,0.0,871.3352560000001,0.0,0.0,0.0
2022-02-12,34531149.55999259,-17476304.53797567,32854412.81049833,228261.0961358179,8325547.518685002,0.0,878.851418,0.0,0.0,0.0
2022-02-13,36877307.149990015,-17130422.6374794,32807928.78796588,-357758.9519468044,12619676.934222108,0.0,872.8005320000001,0.0,0.0,0.0
2022-02-14,23357232.159998417,-16363538.243732538,32761444.765433427,-2128601.432121621,-2028258.5882132656,0.0,899.392526,0.0,0.0,0.0
2022-02-15,24773537.28999792,-15217407.101909438,32714960.74290097,-3159016.1080066725,-6898703.11964611,0.0,880.8309720000001,0.0,0.0,0.0
2022-02-16,25428507.469997812,-13740693.736036086,32668476.720368523,-1143504.887398868,-8478589.045893857,0.0,887.719282,0.0,0.0,0.0
2022-02-17,22106263.189997036,-11987604.090230064,32621992.69783607,4129909.0934297126,-8502502.96209739,0.0,907.2533099999998,0.0,0.0,0.0
2022-02-18,26104413.82999708,-10016414.566912074,32575508.67530361,9817772.075168855,4962829.262952242,0.0,889.2758859999999,0.0,0.0,0.0
2022-02-19,29937271.079994466,-7887937.01873643,32529024.65277117,11843638.781145748,8325547.518688839,0.0,903.6123859999999,0.0,0.0,0.0
2022-02-20,36959654.62998676,-5663960.347002678,32482540.630238704,8212922.120507264,12619676.934214251,0.0,891.20171,0.0,0.0,0.0
2022-02-21,33267097.28999123,-3405709.3523137504,32436056.607706256,951009.0051863752,-2028258.5882343776,1540259.7099888446,892.76701,0.0,0.0,0.0
2022-02-22,25756772.98999689,-1172360.3826696617,32389572.585173804,-5201691.337695082,-6898703.119654084,0.0,896.3836400000001,0.0,0.0,0.0
2022-02-23,25324858.77999579,980348.8288415386,32343088.562641352,-6407384.164536587,-8478589.045910245,0.0,912.3406919999999,0.0,0.0,0.0
2022-02-24,23475797.509996228,3001380.881971278,32296604.5401089,-2652822.695061676,-8502502.96209716,0.0,889.5628299999998,0.0,0.0,0.0
2022-02-25,25083122.67999738,4845501.753045379,32250120.51757645,2470392.103302065,4962829.26296241,0.0,883.191656,0.0,0.0,0.0
2022-02-26,31158554.359993987,6474199.728407234,32203636.495043986,4847352.103941007,8325547.518672067,0.0,911.6768500000001,0.0,0.0,0.0
2022-02-27,41402832.839984015,7856400.212957055,32157152.472511534,3069840.2283104686,12619676.93424713,0.0,895.490046,0.0,0.0,0.0
2022-02-28,29408646.399993975,8968962.292547831,32110668.44997908,-874216.8153333633,-2028258.588220324,0.0,1054.6760179999999,0.0,3.0,0.0
2022-03-01,25141056.579995845,9796949.125526763,32064184.42744663,-3767589.541284722,-6898703.119640363,0.0,800.836026,0.0,3.0,0.0
2022-03-02,23409032.589998335,10333670.563073045,32017700.404914174,-4012116.489057295,-8478589.045883603,0.0,804.343636,0.0,27.5,0.0
2022-03-03,24189829.369996574,10580502.672815133,31971216.382381715,-2614748.859934858,-8502502.96211959,0.0,802.4452640000002,0.0,89.25,0.0
2022-03-04,25170351.679996017,10546494.890679687,31924732.35984928,-1706122.0319297884,4962829.262972577,0.0,815.2255140000001,0.0,128.0,0.0
2022-03-05,28839499.839993846,10247781.185745267,31878248.33731681,-2290237.0235881144,8325547.518675905,0.0,809.30237,0.0,174.75,0.0
2022-03-06,39130173.01998488,9706816.73771877,31831764.314784363,-3436506.769373639,12619676.93424926,0.0,810.0082180000002,0.0,281.5,0.0
2022-03-07,27795374.97999347,8951466.05914468,31785280.29225191,-3510793.306440374,-2028258.5882414351,0.0,763.5489520000001,0.0,152.25,0.0
2022-03-08,26555276.83999581,8013972.12802097,31738796.26971946,-2002163.4492586232,-6898703.119648337,0.0,795.9824120000001,0.0,122.5,0.0
2022-03-09,25306063.69999824,6929838.838084971,31692312.247187007,-39832.1750606385,-8478589.045901258,0.0,800.8730199999999,0.0,134.0,0.0
2022-03-10,26126691.039996635,5736660.8568471335,31645828.224654555,838680.9369050995,-8502502.962102296,0.0,699.152404,0.0,140.75,0.0
2022-03-11,27819143.05999556,4472935.766587103,31599344.202122103,281844.6231092535,4962829.262982746,0.0,689.8469000000001,0.0,165.5,0.0
2022-03-12,28065020.139994867,3176893.1412452385,31552860.17958964,-624368.6409118385,8325547.518679324,0.0,767.3990780000001,0.0,167.0,0.0
2022-03-13,37622961.83998837,1885374.000809918,31506376.15705719,-679981.1087511234,12619676.934231415,0.0,718.0303580000001,0.0,235.75,0.0
2022-03-14,28323253.999994554,632791.9322010967,31459892.134524737,8018.433024501998,-2028258.588203485,0.0,761.0561280000001,0.0,119.5,0.0
2022-03-15,25062587.629996866,-549795.8555872511,31413408.11199229,131369.2321609296,-6898703.119656312,0.0,754.326684,0.0,114.0,0.0
2022-03-16,23961730.509997614,-1635483.065479925,31366924.08945984,-1178379.7529879415,-8478589.045896132,0.0,494.248956,0.0,94.5,0.0
2022-03-17,22314651.17999748,-2602154.4014829225,31320440.066927385,-2901900.4416404883,-8502502.962119134,0.0,697.005538,0.0,119.25,0.0
2022-03-18,24937363.04999792,-3432956.135914695,31273956.04439492,-2618573.217016362,4962829.262983671,0.0,747.631168,0.0,121.0,0.0
2022-03-19,29694228.179994937,-4116587.399072464,31227472.02186248,1200156.723487915,8325547.518683574,0.0,777.4056860000001,0.0,177.25,0.0
2022-03-20,40181453.4399849,-4647407.961371352,31180987.999330018,7186040.073172699,12619676.934233548,0.0,799.846178,0.0,235.75,0.0
2022-03-21,28700630.659994904,-5025363.8451619055,31134503.97679757,11498431.127474286,-2028258.5882070137,0.0,777.143598,0.0,139.25,0.0
2022-03-22,26171035.369995534,-5255737.547517952,31088019.954265118,10704538.192440948,-6898703.119664287,0.0,814.2016199999999,0.0,113.25,0.0
2022-03-23,23992932.069997452,-5348734.8186930185,31041535.931732666,4765808.646477021,-8478589.045912515,0.0,807.9055960000001,0.0,99.25,0.0
2022-03-24,24439925.559996888,-5318924.674538357,30995051.90920021,-2570823.022078662,-8502502.962101836,0.0,789.1208039999999,0.0,69.5,0.0
2022-03-25,25661563.21999776,-5184553.490013926,30948567.886667747,-6528922.344571568,4962829.262949428,0.0,764.8503679999999,0.0,131.75,0.0
2022-03-26,29471903.469994914,-4966757.508770688,30902083.86413529,-4982984.384688896,8325547.518666391,0.0,778.5321240000002,0.0,141.5,0.0
2022-03-27,41082520.38998612,-4688700.813374086,30855599.841602847,27953.72706251713,12619676.934225691,0.0,807.5891100000001,0.0,202.5,0.0
2022-03-28,29465151.569994453,-4374667.660995123,30809115.819070395,4178143.163925728,-2028258.5882105413,0.0,793.187532,0.0,120.75,0.0
2022-03-29,26445125.57999646,-4049139.053379236,30762631.796537943,4418394.705886656,-6898703.119650565,0.0,775.37281,0.0,105.75,0.0
2022-03-30,23478871.949997608,-3735883.45701203,30716147.77400549,1158987.1267842194,-8478589.045887142,0.0,793.8001640000001,0.0,103.75,0.0
2022-03-31,25165560.16999758,-3457090.7289155177,30669663.75147303,-2615095.19030855,-8502502.962084541,0.0,775.9668360000002,0.0,120.75,0.0
2022-04-01,26734714.409997143,-3232576.5677155503,30623179.728940587,-4211505.006114008,4962829.262959596,0.0,784.3777479999999,0.0,147.25,0.0
2022-04-02,30634888.269994635,-3079082.2603838057,30576695.706408124,-3383018.104959127,8325547.518670226,0.0,301.930728,0.0,172.75,0.0
2022-04-03,42051541.1799844,-3009691.214797671,30530211.683875676,-1989690.9280408917,12619676.934217837,0.0,333.50388999999996,0.0,293.0,0.0
2022-04-04,30543452.559994668,-3033379.8627162213,30483727.66134322,-1830702.6392794503,-2028258.5882316544,0.0,302.83454599999993,0.0,10.0,0.0
2022-04-05,26134228.47999794,-3154716.109096315,30437243.63881077,-2902629.617630715,-6898703.119663517,0.0,384.196076,0.0,3.0,0.0
2022-04-06,25637804.539999597,-3373713.7293226337,30390759.61627832,-3681728.059402381,-8478589.045903528,0.0,311.37790599999994,0.0,4.5,0.0
2022-04-07,25003901.449997503,-3685846.122296454,30344275.59374587,-2914406.5272516706,-8502502.96210138,0.0,304.21414200000004,0.0,9.0,0.0
2022-04-08,25922388.95999806,-4082217.767536152,30297791.57121341,-969291.5836175748,4962829.262969763,0.0,315.597222,0.0,8.5,0.0
2022-04-09,30594406.06999565,-4549886.761457652,30251307.548680957,596966.5000275198,8325547.518674061,0.0,304.10366400000004,0.0,7.0,0.0
2022-04-10,42508377.32998519,-5072327.072718175,30204823.5261485,695379.8411664272,12619676.934240725,0.0,307.286516,0.0,0.0,0.0
2022-04-11,31232652.439994212,-5630014.800158107,30158339.50361605,-221064.9406524341,-2028258.588252766,0.0,327.362716,0.0,0.0,0.0
2022-04-12,26950453.479997564,-6201118.870628807,30111855.4810836,-791018.1254684055,-6898703.119649797,0.0,310.384126,0.0,0.0,0.0
2022-04-13,24879865.579998564,-6762273.390668721,30065371.45855113,-360619.9868456409,-8478589.0458984,0.0,313.88529600000004,0.0,0.0,0.0
2022-04-14,26195351.89999774,-7289406.361773348,30018887.43601869,228261.0961430177,-8502502.962084083,0.0,317.83791,0.0,0.0,0.0
2022-04-15,28403627.839996774,-7758597.755855797,29972403.41348623,-357758.9519469421,4962829.26297069,0.0,317.57821600000005,0.0,0.0,0.0
2022-04-16,33614232.4899933,-8146939.074224646,29925919.39095378,-2128601.432119595,8325547.518677899,0.0,314.72246399999995,0.0,0.0,0.0
2022-04-17,25590810.209996685,-8433366.504377311,29879435.368421327,-3159016.107996652,12619676.934242858,0.0,314.72798399999994,0.0,0.0,0.0
2022-04-18,30118744.35999532,-8599440.639843296,29832951.34588888,-1143504.887398007,-2028258.588238711,0.0,315.89905000000005,0.0,0.0,0.0
2022-04-19,27598344.30999727,-8630047.412373636,29786467.323356427,4129909.093418394,-6898703.119657771,0.0,297.369736,0.0,0.0,0.0
2022-04-20,25983396.899998765,-8513997.348017512,29739983.30082397,9817772.07516644,-8478589.045893274,0.0,322.299668,0.0,0.0,0.0
2022-04-21,26274854.179998707,-8244503.423683453,29693499.278291512,11843638.781150846,-8502502.962106513,0.0,322.87196,0.0,0.0,0.0
2022-04-22,25683171.389997974,-7819521.56993977,29647015.25575906,8212922.120507661,4962829.262945687,0.0,306.96046,0.0,0.0,0.0
2022-04-23,28863069.869996596,-7241942.124314452,29600531.23322661,951009.005171593,8325547.5186813185,0.0,317.35321999999996,0.0,0.0,0.0
2022-04-24,43004990.77998544,-6519625.156937615,29554047.21069416,-5201691.337694712,12619676.934225012,0.0,298.03049599999997,0.0,0.0,0.0
2022-04-25,32372089.84999372,-5665277.42658214,29507563.188161705,-6407384.164537827,-2028258.5882598253,0.0,300.364778,0.0,0.0,0.0
2022-04-26,27437951.559997488,-4696173.633364778,29461079.165629253,-2652822.6950633125,-6898703.119649027,0.0,305.76766799999996,0.0,0.0,0.0
2022-04-27,25711232.499997266,-3633729.465708311,29414595.1430968,2470392.1032969374,-8478589.045888146,0.0,275.071986,0.0,0.0,0.0
2022-04-28,25427336.299997166,-2502938.547517529,29368111.120564338,4847352.103948398,-8502502.962089216,0.0,305.36344199999996,0.0,0.0,0.0
2022-04-29,26260790.499996956,-1331689.6376988266,29321627.0980319,3069840.2283050083,4962829.262946613,0.0,290.52522400000004,0.0,0.0,0.0
2022-04-30,30228583.04999501,-149984.18961319863,29275143.07549944,-874216.8153307742,8325547.518685156,0.0,257.276212,0.0,0.0,0.0
2022-05-01,43670090.36998415,1010922.4705501548,29228659.052966986,-3767589.541280624,12619676.934227146,0.0,332.3567800000001,0.0,0.0,0.0
2022-05-02,33532296.609992344,2119430.635454657,29182175.03043453,-4012116.489055057,-2028258.5882218736,0.0,843.9103660000002,0.0,136.5,0.0
2022-05-03,28218277.819996506,3144528.989180806,29135691.00790208,-2614748.8599321865,-6898703.1196570005,0.0,928.257298,0.0,732.75,0.0
2022-05-04,28941795.049996436,4056722.4182020896,29089206.98536962,-1706122.031934422,-8478589.04590453,0.0,831.5060960000001,0.0,3129.75,0.0
2022-05-05,27399137.049997896,4828926.616677913,29042722.962837167,-2290237.0235812985,-8502502.962106055,0.0,839.1904239999999,0.0,5009.25,0.0
2022-05-06,29906365.659998,5437302.092599622,28996238.940304715,-3436506.7693743706,4962829.262947539,0.0,834.07232,0.0,7229.25,0.0
2022-05-07,34869271.65999447,5862001.860543439,28949754.917772263,-3510793.3064486585,8325547.518668385,0.0,845.3648460000001,0.0,7782.0,0.0
2022-05-08,35647978.569992505,6087809.564853156,28903270.89523981,-2002163.449258868,12619676.934219286,0.0,849.3904919999999,0.0,6103.5,0.0
2022-05-09,36524677.29999194,6104647.942106043,28856786.87270736,-39832.17506062312,-2028258.588225404,0.0,853.913868,0.0,5897.25,0.0
2022-05-10,30951897.139996916,5907941.310366147,28810302.85017491,838680.9369022778,-6898703.11964328,0.0,867.161842,0.0,4818.325,0.0
2022-05-11,29385220.869997185,5498820.052884665,28763818.827642445,281844.6231058234,-8478589.045877893,0.0,837.0521239999998,0.0,5008.35,0.0
2022-05-12,29723932.69999806,4884159.719599634,28717334.805110008,-624368.6409182624,-8502502.962088758,0.0,846.3564340000003,0.0,5671.0,0.0
2022-05-13,30608907.4399977,4076452.262475615,28670850.782577544,-679981.1087442958,4962829.262966948,0.0,837.107494,0.0,6157.5,0.0
2022-05-14,33658732.40999609,3093511.9058590927,28624366.760045093,8018.433017086279,8325547.51867222,0.0,845.113504,0.0,6861.75,0.0
2022-05-15,48511652.70998396,1958023.0824750853,28577882.73751264,131369.23215978275,12619676.93422142,0.0,863.6086420000001,0.0,7110.349999999999,0.0
2022-05-16,36394996.60999278,696942.5930485458,28531398.71498019,-1178379.7529841196,-2028258.588228932,0.0,850.6091559999999,0.0,5456.55,0.0
2022-05-17,30297509.02999722,-659227.4673946721,28484914.69244773,-2901900.4416335784,-6898703.119629558,0.0,826.1280999999999,1633.5479999999998,3960.75,0.0
2022-05-18,29481710.909997437,-2077275.5617963783,28438430.669915285,-2618573.217014536,-8478589.045895543,0.0,841.7794660000001,1625.2879999999998,4062.75,0.0
2022-05-19,29744024.399997387,-3522201.565006125,28391946.647382826,1200156.7234923192,-8502502.962088527,0.0,833.3523919999999,1626.4079999999997,3912.75,0.0
2022-05-20,31014149.579997465,-4958196.209747643,28345462.62485037,7186040.073180042,4962829.262967873,0.0,813.8326940000002,1633.156,4635.75,0.0
2022-05-21,33996630.48999645,-6349650.850675047,28298978.60231792,11498431.127479872,8325547.518675643,0.0,850.8223419999998,1621.2560000000003,4293.05,0.0
2022-05-22,48143015.18998671,-7662168.233319644,28252494.57978547,10704538.192443335,12619676.934203574,0.0,847.45011,1656.2279999999996,5482.05,0.0
2022-05-23,35674596.76999521,-8863544.773448441,28206010.557253014,4765808.646486161,-2028258.5882085648,0.0,848.6921080000001,1645.2239999999997,4106.1,0.0
2022-05-24,30248408.08999772,-9924695.535560433,28159526.53472057,-2570823.02207759,-6898703.119659228,0.0,834.9669040000001,1639.8200000000004,3337.5,0.0
2022-05-25,29801559.439998083,-10820494.629935818,28113042.512188114,-6528922.344572051,-8478589.045890417,0.0,827.456294,1646.8759999999997,3307.5,0.0
2022-05-26,30361765.379998043,-11530506.081779612,28066558.48965565,-4982984.384690571,-8502502.962110959,0.0,824.28551,1650.3200000000002,3345.3,0.0
2022-05-27,32769754.59999686,-12039583.2979152,28020074.4671232,27953.72706141416,4962829.2629780425,0.0,518.6772199999999,1662.1640000000002,4831.95,0.0
2022-05-28,32008110.67999686,-12338318.977447512,27973590.444590747,4178143.163926678,8325547.518679892,0.0,392.139986,1671.0120000000002,3620.1749999999997,0.0
2022-05-29,32189780.019996434,-12423331.57583083,27927106.42205829,4418394.705882001,12619676.934236454,0.0,383.839976,1666.3919999999996,3924.6,0.0
2022-05-30,34548690.39999562,-12297379.113415524,27880622.399525832,1158987.126776008,-2028258.5881945104,7332108.752540179,394.01996799999995,1668.8279999999997,3544.8,0.0
2022-05-31,33421968.399996612,-11969296.084507804,27834138.37699339,-2615095.190307159,-6898703.119645508,0.0,107.079998,1667.68,3743.25,0.0
2022-06-01,31680700.789997347,-11453754.32699303,27787654.35446093,-4211505.006119738,-8478589.0459068,0.0,886.0575199999998,1674.0359999999996,3640.3,0.0
2022-06-02,30287150.77999749,-10770853.807892865,27741170.33192848,-3383018.104961847,-8502502.962110728,0.0,636.011564,1681.876,3745.0750000000003,0.0
2022-06-03,31138880.889997125,-9945554.21846128,27694686.30939603,-1989690.9280474412,4962829.262934556,0.0,623.6242920000002,1669.5,4109.25,0.0
2022-06-04,33391540.409996588,-9006962.910500988,27648202.286863577,-1830702.6392731788,8325547.518683315,0.0,646.629604,1707.2440000000001,4678.5,0.0
