ds,SALES,yearly,trend,monthly,weekly,holidays,KPM_COST_EMOD,PLA_AD_SPEND_PLA,TOA_AD_SPEND_TOA,REDEMPTION_COST_LOYAL_CUSTOMER_MAILER,REDEMPTION_COST_MY_MAGAZINE
2021-06-06,11515400.800000716,-1999076.458196993,11503766.622250522,-454658.6959613208,2657445.0773667637,0.0,0.0,307.84392800000006,0.0,0.0,0.0
2021-06-07,8925755.360000988,-2210434.585321042,11506149.838860068,-282317.3316214309,-833302.8633917035,0.0,0.0,288.55228,0.0,0.0,0.0
2021-06-08,7824033.280000565,-2385542.530087751,11508533.05546961,-313748.0188199934,-1761398.5412215188,0.0,0.0,302.64009599999997,0.0,0.0,0.0
2021-06-09,7807351.8400005195,-2519744.136445136,11510916.272079151,-612837.4295509452,-1873894.5315135096,0.0,0.0,295.709206,0.0,0.0,0.0
2021-06-10,8434670.400000481,-2609355.7890859214,11513299.488688696,-920247.3883002198,-1410079.2655059148,0.0,0.0,301.34748399999995,0.0,0.0,0.0
2021-06-11,9150025.600000612,-2651772.1200299133,11515682.70529824,-958366.2598588069,951556.2990952072,0.0,0.0,307.97524,0.0,0.0,0.0
2021-06-12,9452977.92000065,-2645544.2938357983,11518065.921907784,-747694.7117848166,2269673.825171927,0.0,0.0,295.599114,0.0,0.0,0.0
2021-06-13,10870109.120000891,-2590428.636469052,11520449.138517328,-594431.176737271,2657445.0773650547,0.0,0.0,312.932274,0.0,0.0,0.0
2021-06-14,9071766.720000824,-2487404.1662129997,11522832.355126867,-751730.4459087483,-833302.863393098,0.0,0.0,313.87513,0.0,0.0,0.0
2021-06-15,8200236.000000554,-2338658.418393665,11525215.571736414,-1103990.1957158183,-1761398.54122254,0.0,0.0,313.27718799999997,0.0,0.0,0.0
2021-06-16,7958474.720000482,-2147541.805836601,11527598.788345955,-1219807.951792312,-1873894.5315158125,0.0,0.0,306.49965199999997,0.0,0.0,0.0
2021-06-17,8812650.560000595,-1918491.60057278,11529982.0049555,-757310.826213578,-1410079.265507121,0.0,0.0,308.0775560000001,0.0,0.0,0.0
2021-06-18,10155103.520000124,-1656927.4360041511,11532365.221565044,160871.0014425236,951556.299087628,0.0,0.0,310.52432200000004,0.0,0.0,0.0
2021-06-19,10570008.80000066,-1369120.9903113267,11534748.438174589,986456.923208033,2269673.825173434,0.0,0.0,297.02632600000004,0.0,0.0,0.0
2021-06-20,9998850.720000492,-1062043.2004417763,11537131.65478413,1198360.0998248982,2657445.0773640173,0.0,0.0,299.43399800000003,0.0,0.0,0.0
2021-06-21,9085426.880000426,-743192.952871083,11539514.871393677,764355.4461772142,-833302.8633944924,0.0,0.0,312.903642,0.0,0.0,0.0
2021-06-22,7975833.280000491,-420411.6864537263,11541898.088003216,175866.75139774414,-1761398.5412187,0.0,0.0,295.56666200000006,0.0,0.0,0.0
2021-06-23,11881303.200000733,-101688.71090572688,11544281.30461276,8280.121224501672,-1873894.531511376,0.0,0.0,313.52231600000005,0.0,0.0,0.0
2021-06-24,13211277.280000752,205037.7176874269,11546664.521222305,405044.89448075,-1410079.265507026,0.0,0.0,294.55621800000006,0.0,0.0,0.0
2021-06-25,14524426.40000137,492078.42149408656,11549047.737831848,962189.9919489736,951556.2990899116,0.0,0.0,305.47559,0.0,0.0,0.0
2021-06-26,14794987.36000144,752185.3199933392,11551430.95444139,1119694.8666837804,2269673.8251741123,0.0,0.0,311.11977200000007,0.0,0.0,0.0
2021-06-27,15329238.720001718,978732.5116464924,11553814.171050934,693100.7932580849,2657445.077361638,0.0,0.0,309.866276,0.0,0.0,0.0
2021-06-28,13058943.680000938,1165881.7916971417,11556197.387660475,49073.82569289917,-833302.8633876895,140137.29079872763,0.0,312.84355199999993,0.0,0.0,0.0
2021-06-29,11900601.120000746,1308728.407079417,11558580.604270022,-235459.53854147464,-1761398.541222722,0.0,0.0,301.16056,0.0,0.0,0.0
2021-06-30,12019019.840000812,1403423.3867975364,11558295.430175291,92232.52345452685,-1873894.5315136784,0.0,0.0,311.17709400000007,0.0,0.0,0.0
2021-07-01,13701206.72000057,1447269.417896201,11558010.256080562,730631.4689376357,-1410079.265506931,0.0,0.0,708.6969719999998,0.0,0.0,0.0
2021-07-02,15675567.200001385,1438787.945492759,11557725.081985831,1103450.1083008444,951556.2990921952,0.0,0.0,939.137956,0.0,0.0,0.0
2021-07-03,15846639.360001316,1377755.9403786084,11557439.907891104,876586.3433887007,2269673.8251708443,0.0,0.0,732.1472739999999,0.0,0.0,0.0
2021-07-04,11494925.28000018,1265211.5781229388,11557154.733796371,230950.4814671035,2657445.0773606007,0.0,0.0,544.938322,0.0,0.0,0.0
2021-07-05,11536303.200000532,1103428.8873996057,11556869.559701644,-343378.84396418376,-833302.8633890842,57077.62905063038,0.0,779.8399219999998,0.0,0.0,0.0
2021-07-06,12118659.520000745,895862.2301081087,11556584.385606913,-510416.7231388848,-1761398.5412207416,0.0,0.0,428.938742,0.0,0.0,0.0
2021-07-07,10980096.96000074,647062.2499322571,11556299.211512184,-361446.5308131726,-1873894.5315126115,0.0,0.0,243.29703399999997,0.0,0.0,0.0
2021-07-08,11791489.120000508,362565.6486804065,11556014.037417457,-259336.36857781996,-1410079.2655068368,0.0,0.0,246.21346200000002,0.0,0.0,0.0
2021-07-09,12848668.480000801,48761.801725508216,11555728.863322726,-440926.72312577,951556.299092314,0.0,0.0,243.72839400000004,0.0,0.0,0.0
2021-07-10,13779627.520000482,-287260.2115814628,11555443.689227996,-787138.983689207,2269673.825170693,0.0,0.0,250.65991400000001,0.0,0.0,0.0
2021-07-11,15095076.640000634,-637880.1240336653,11555158.515133264,-980605.447331326,2657445.0773595627,0.0,0.0,253.35563799999994,0.0,0.0,0.0
2021-07-12,12129541.280000616,-995126.1553801948,11554873.341038538,-868698.852376365,-833302.8633904788,0.0,0.0,251.55658600000004,0.0,0.0,0.0
2021-07-13,11256354.560000801,-1350861.2298204454,11554588.166943807,-641916.8946058305,-1761398.5412217623,0.0,0.0,251.85883799999996,0.0,0.0,0.0
2021-07-14,11093521.92000053,-1696971.018054064,11554302.992849078,-631201.674536456,-1873894.531513196,0.0,0.0,248.18216400000006,0.0,0.0,0.0
2021-07-15,12227859.839999858,-2025549.11043766,11554017.818754349,-926758.1193125822,-1410079.265508043,0.0,0.0,263.102712,0.0,0.0,0.0
2021-07-16,13923342.56000029,-2329074.7770359423,11553732.64465962,-1220655.1632851078,951556.2990967628,0.0,0.0,245.18215000000004,0.0,0.0,0.0
2021-07-17,14885173.120000286,-2600579.037926393,11553447.470564889,-1066175.3229369866,2269673.8251722017,0.0,0.0,246.37716600000002,0.0,0.0,0.0
2021-07-18,15764866.07999996,-2833795.144131818,11553162.29647016,-326916.0863566269,2657445.077357184,0.0,0.0,256.645096,0.0,0.0,0.0
2021-07-19,12470103.200000873,-3023290.0436692717,11552877.12237543,625113.7639379709,-833302.8633816383,0.0,0.0,253.579774,0.0,0.0,0.0
2021-07-20,11277084.000000652,-3164573.963928289,11552591.9482807,1185765.2606880716,-1761398.5412197823,0.0,0.0,256.753642,0.0,0.0,0.0
2021-07-21,8226290.400000286,-3254185.864162855,11552306.774185972,1040205.431774202,-1873894.531512129,0.0,0.0,243.14063999999996,0.0,0.0,0.0
2021-07-22,8930900.000000438,-3289753.1819495326,11552021.60009124,448394.4096999762,-1410079.2655048766,0.0,0.0,247.79665,0.0,0.0,0.0
2021-07-23,10015061.120000435,-3270024.995741507,11551736.425996512,16231.142959053092,951556.2990968816,0.0,0.0,251.54068199999998,0.0,0.0,0.0
2021-07-24,10614271.840001144,-3194878.4322411763,11551451.25190178,151133.78825594025,2269673.82517288,0.0,0.0,253.56672400000005,0.0,0.0,0.0
2021-07-25,11496776.320001159,-3065298.8425872843,11551166.077807054,701810.8011493166,2657445.077364714,0.0,0.0,193.30267600000002,0.0,0.0,0.0
2021-07-26,9573045.280000288,-2883334.9362083566,11550880.903712325,1115972.307369173,-833302.8633850706,0.0,0.0,22.764642000000002,0.0,0.0,0.0
2021-07-27,8504921.60000042,-2652030.6778123043,11550595.729617594,967595.5892723736,-1761398.541223804,0.0,0.0,0.0,0.0,0.0,0.0
2021-07-28,7910079.04000054,-2375336.30526976,11550310.555522865,360520.5294999378,-1873894.5315144325,0.0,0.0,2.8200000000000003,0.0,0.0,0.0
2021-07-29,8176290.240000575,-2058001.3000803436,11550025.381428136,-166731.4735407332,-1410079.2655078536,0.0,0.0,236.09963799999997,0.0,0.0,0.0
2021-07-30,9378752.320000594,-1705452.5262495943,11549740.207333406,-141300.7885612111,951556.2990893018,0.0,0.0,250.14308000000003,0.0,0.0,0.0
2021-07-31,9956015.52000062,-1323661.0391355758,11549455.033238675,408275.7969076609,2269673.825173558,0.0,0.0,220.324182,0.0,0.0,0.0
2021-08-01,11752506.880001333,-919001.24735895,11549169.859143946,982239.4179777072,2657445.077363006,0.0,0.0,322.7032279999999,0.0,0.0,0.0
2021-08-02,8975733.440000607,-498106.1859465524,11548884.685049215,1065590.47419304,-833302.8633844275,0.0,0.0,315.828086,0.0,0.0,0.0
2021-08-03,8157246.240000422,-67722.62783895692,11548599.510954488,577473.2984211378,-1761398.5412218242,0.0,0.0,331.02996799999994,0.0,0.0,0.0
2021-08-04,11656208.640000872,365430.3723380999,11548314.336859755,-94888.61383506516,-1873894.5315099952,0.0,0.0,318.31839599999995,0.0,0.0,0.0
2021-08-05,12090220.480000623,794796.1372559314,11548029.162765028,-482375.0721988965,-1410079.265504687,0.0,0.0,327.333266,0.0,0.0,0.0
2021-08-06,13870188.640000662,1214105.178985877,11547743.988670295,-454658.6959597912,951556.2990915858,0.0,0.0,324.777082,0.0,0.0,0.0
2021-08-07,14654646.880000612,1617487.504680891,11547458.81457557,-282317.3316217637,2269673.8251742367,0.0,0.0,299.498274,0.0,0.0,0.0
2021-08-08,16370645.600000372,1999570.207731953,11547173.64048084,-313748.0188193776,2657445.077361968,0.0,0.0,270.628348,0.0,0.0,0.0
2021-08-09,12940764.160000632,2355558.633871056,11546888.46638611,-612837.4295505551,-833302.8633878598,0.0,0.0,322.933822,0.0,0.0,0.0
2021-08-10,12153777.760000492,2681299.939470557,11546603.29229138,-920247.3882998334,-1761398.5412209851,0.0,0.0,316.11357,0.0,0.0,0.0
2021-08-11,10985624.320000835,2973328.400651809,11546318.118196651,-958366.2598589492,-1873894.531512298,0.0,0.0,319.58585800000003,0.0,0.0,0.0
2021-08-12,11520015.520001017,3228892.3701284365,11546032.944101922,-747694.7117870002,-1410079.2655045926,0.0,0.0,331.69383400000004,0.0,0.0,0.0
2021-08-13,13268552.800000852,3445963.297984265,11545747.770007191,-594431.1767360846,951556.2990938694,0.0,0.0,314.504082,0.0,0.0,0.0
2021-08-14,14685684.00000064,3623227.717652743,11545462.595912462,-751730.4459094359,2269673.825175744,0.0,0.0,328.43302,0.0,0.0,0.0
2021-08-15,16150290.880000414,3760063.5355890607,11545177.421817731,-1103990.1957172083,2657445.0773681565,0.0,0.0,325.15947000000006,0.0,0.0,0.0
2021-08-16,12309588.960000498,3856502.340654008,11541032.93299241,-1219807.951792196,-833302.8633912918,0.0,0.0,315.816022,0.0,0.0,0.0
2021-08-17,11036147.040000878,3913179.7573445095,11536888.444167089,-757310.8262137613,-1761398.541222006,0.0,0.0,319.67880600000007,0.0,0.0,0.0
2021-08-18,8096390.0800003875,3931276.098534497,11532743.955341766,160871.00144218118,-1873894.5315128828,0.0,0.0,308.33656,0.0,0.0,0.0
2021-08-19,8864538.560000606,3912449.72345636,11528599.466516444,986456.9232066527,-1410079.2655044978,0.0,0.0,289.22838,0.0,0.0,0.0
2021-08-20,9317947.680000458,3858765.573523304,11524454.97769112,1198360.0998248458,951556.2990939884,0.0,0.0,321.389594,0.0,0.0,0.0
2021-08-21,10617778.880001301,3772621.34277361,11520310.488865802,764355.4461775735,2269673.825170818,0.0,0.0,327.58336799999995,0.0,0.0,0.0
2021-08-22,13004391.360002017,3656673.6447042422,11516166.00004048,175866.7513981631,2657445.077367119,0.0,0.0,325.95747,0.0,0.0,0.0
2021-08-23,9339652.320000404,3513766.36885497,11512021.511215158,8280.121225170475,-833302.8633906489,0.0,0.0,332.8763839999999,0.0,0.0,0.0
2021-08-24,7957624.640000179,3346863.1867687413,11507877.022389837,405044.8944820954,-1761398.541223027,0.0,0.0,316.05241400000006,0.0,0.0,0.0
2021-08-25,7574382.08000062,3158985.877996157,11503732.533564515,962189.9919497678,-1873894.5315151853,0.0,0.0,320.918116,0.0,0.0,0.0
2021-08-26,8072900.640000594,2953159.814205516,11499588.044739192,1119694.8666838594,-1410079.2655087756,0.0,0.0,314.19176200000004,0.0,0.0,0.0
2021-08-27,8951324.000000445,2732367.5760801504,11495443.555913871,693100.7932586928,951556.2990941074,0.0,0.0,297.97975999999994,0.0,0.0,0.0
2021-08-28,10128202.720000856,2499511.2970600766,11491299.067088548,49073.82569492653,2269673.8251723247,0.0,0.0,242.09878800000004,0.0,0.0,0.0
2021-08-29,12346624.480000596,2257383.9440598465,11487154.578263229,-235459.5385414284,2657445.077365411,0.0,0.0,324.994216,0.0,22.0,0.0
2021-08-30,8736640.16000061,2008649.3716662875,11483010.089437904,92232.52345401068,-833302.8633940809,0.0,0.0,238.19300800000002,0.0,28.0,0.0
2021-08-31,8144141.760000796,1755830.6362218536,11478865.600612585,730631.4689373361,-1761398.5412210466,0.0,0.0,328.298468,0.0,102.0,0.0
2021-09-01,15164109.760002261,1501305.7414853135,11474721.11178726,1103450.1083008058,-1873894.5315107484,0.0,0.0,388.79791,0.0,438.0,0.0
2021-09-02,16413900.320002439,1247309.7190731126,11470576.622961938,876586.3433872509,-1410079.265505609,0.0,0.0,385.90919,0.0,1031.0,0.0
2021-09-03,18812778.240004394,995941.7331921128,11466432.134136615,230950.4814658315,951556.2990985558,0.0,0.0,377.9408659999999,0.0,1773.0,0.0
2021-09-04,18299090.72000358,749175.7473020676,11462287.645311294,-343378.84396418056,2269673.825173004,0.0,0.0,384.358388,0.0,2006.0,0.0
2021-09-05,17093658.88000259,508873.20462261455,11458143.156485973,-510416.7231390595,2657445.0773637025,0.0,0.0,382.428556,0.0,1860.0,0.0
2021-09-06,17837791.68000331,276796.1571013003,11453998.66766065,-361446.5308151044,-833302.8633852405,5669794.293791876,0.0,381.97146399999997,0.0,1696.0,0.0
2021-09-07,14186878.400001198,54619.32806605568,11449854.178835329,-259336.3685780599,-1761398.5412250685,0.0,0.0,377.594528,0.0,1418.0,0.0
2021-09-08,8731690.559999192,-156060.2901969654,11445709.690010007,-440926.7231257826,-1873894.5315130516,0.0,0.0,383.721722,0.0,1109.0,0.0
2021-09-09,9083737.759999206,-353717.52665507345,11441565.201184684,-787138.9836888703,-1410079.2655085863,0.0,0.0,375.14868,0.0,1124.0,0.0
2021-09-10,10560654.23999879,-536897.8030907023,11437420.712359363,-980605.447331292,951556.2990986744,0.0,0.0,372.83463200000006,0.0,1273.0,0.0
2021-09-11,11805399.51999844,-704221.3076390395,11433276.22353404,-868698.8523752547,2269673.825169735,0.0,0.0,398.576242,0.0,1201.0,0.0
2021-09-12,14111872.639997812,-854392.984727427,11429131.73470872,-641916.8946044946,2657445.077361994,0.0,0.0,374.895836,0.0,1367.0,0.0
2021-09-13,10619611.519998984,-986218.4283181268,11424987.245883398,-631201.6745369072,-833302.8633886726,0.0,0.0,366.39471,0.0,1051.0,0.0
2021-09-14,9164219.359999163,-1098625.4291531378,11420842.757058077,-926758.119312106,-1761398.5412212284,0.0,0.0,369.617298,0.0,977.0,27.0
2021-09-15,11945600.160000589,-1190690.5948485583,11416698.268232754,-1220655.1632848904,-1873894.531511984,0.0,0.0,367.315128,0.0,1134.0,162.0
2021-09-16,12708537.76000121,-1261670.1471405807,11412553.779407432,-1066175.3229371551,-1410079.26550542,0.0,0.0,377.666486,0.0,1243.0,328.0
2021-09-17,14089104.480001139,-1311033.7157513762,11408409.29058211,-326916.0863566121,951556.2990910952,0.0,0.0,362.69154399999996,0.0,1311.0,550.0
2021-09-18,15634064.160001833,-1338499.704739271,11404264.801756788,625113.763938183,2269673.825169584,0.0,0.0,375.83097799999996,0.0,1430.0,701.0
2021-09-19,18191579.52000334,-1344070.6148441748,11400120.312931463,1185765.2606880567,2657445.077360956,0.0,0.0,384.563754,0.0,1452.0,771.0
2021-09-20,13655633.600001046,-1328066.5728045458,11395975.824106144,1040205.431774496,-833302.8633880297,0.0,0.0,376.33711600000004,0.0,1127.0,601.0
2021-09-21,12167989.92000088,-1291155.252105297,11391831.335280824,448394.4096986519,-1761398.5412192484,0.0,0.0,385.47667999999993,0.0,1027.0,572.0
2021-09-22,11686921.920001058,-1234376.3734922176,11387686.8464555,16231.14295937183,-1873894.5315125687,0.0,0.0,376.03356799999995,0.0,991.0,581.0
2021-09-23,12387321.600000843,-1159159.049417874,11383542.357630178,151133.7882572753,-1410079.265505325,0.0,0.0,358.46794399999993,0.0,933.0,494.0
2021-09-24,13950313.280001227,-1067330.3837536708,11379397.868804855,701810.8011492008,951556.2990933786,0.0,0.0,366.75732200000004,0.0,1249.0,696.0
2021-09-25,15041595.200001234,-961113.9533118298,11375253.379979536,1115972.30736904,2269673.8251710925,0.0,0.0,374.442902,0.0,1207.0,702.0
2021-09-26,17048560.48000121,-843117.0752593031,11371108.891154213,967595.5892726463,2657445.0773585774,0.0,0.0,377.71479,0.0,1298.0,693.0
2021-09-27,13088876.8000013,-716306.0965646573,11366964.402328892,360520.5295003773,-833302.8633914617,0.0,0.0,345.98800600000004,0.0,1032.0,448.0
2021-09-28,11662575.040000858,-583969.3180368295,11362819.913503569,-166731.47354012707,-1761398.541220269,0.0,0.0,366.60058799999996,0.0,1029.0,448.0
2021-09-29,11612755.200000724,-449667.5747867539,11358675.424678247,-141300.7885616659,-1873894.5315115023,0.0,0.0,373.3292560000001,0.0,951.0,429.0
2021-09-30,12776334.400001042,-317172.9238066738,11354530.935852924,408275.7969091544,-1410079.265502159,0.0,0.0,377.8293799999999,0.0,1119.0,505.0
2021-10-01,14283824.320001282,-190396.3238907561,11350386.447027603,982239.4179775984,951556.299095662,0.0,0.0,216.17999999999995,0.0,1293.0,593.0
2021-10-02,15657020.000001881,-73305.6186962123,11346241.958202282,1065590.4741920666,2269673.8251726,0.0,0.0,0.0,0.0,1569.0,606.0
2021-10-03,18662063.840002514,30164.464270207805,11342097.46937696,577473.2984195784,2657445.077366107,0.0,0.0,0.0,0.0,1773.0,572.0
2021-10-04,13914400.160000918,116208.22173065926,11337952.980551638,-94888.6138352499,-833302.8633928563,0.0,0.0,0.0,0.0,142.0,505.0
2021-10-05,12214376.320000546,181248.3996381912,11333808.491726317,-482375.0721990292,-1761398.54122129,0.0,0.0,0.0,0.0,68.0,412.0
2021-10-06,12211288.8000003,222036.49491806744,11329664.002900992,-454658.6959608088,-1873894.5315138053,0.0,0.0,0.0,0.0,84.0,542.0
2021-10-07,12567682.080001015,235751.11701127444,11325519.514075672,-282317.3316218321,-1410079.265505136,0.0,0.0,0.0,0.0,76.0,391.0
2021-10-08,14191452.640001537,220091.4970140222,11321375.02525035,-313748.0188185678,951556.2990859183,0.0,0.0,0.0,0.0,30.0,448.0
2021-10-09,15572799.520001601,173363.22410433542,11317230.536425028,-612837.4295505005,2269673.825172449,0.0,0.0,0.0,0.0,96.0,488.0
2021-10-10,17401531.360002466,94553.37116223224,11313086.047599703,-920247.3882998048,2657445.077364399,0.0,0.0,0.0,0.0,0.0,475.0
2021-10-11,14255473.600001438,-16607.6556333304,11308941.558774384,-958366.259858015,-833302.8633840157,1694842.9014786785,0.0,0.0,0.0,0.0,404.0
2021-10-12,12091486.400000732,-159599.94749031277,11304797.06994906,-747694.71178593,-1761398.5412223109,0.0,0.0,0.0,0.0,0.0,408.0
2021-10-13,8067884.800000755,-333085.6643126888,11300652.58112374,-594431.1767363099,-1873894.531509368,0.0,0.0,0.0,0.0,0.0,273.0
2021-10-14,8413587.68000093,-534899.9884022396,11296508.092298418,-751730.4459093616,-1410079.2655063423,0.0,0.0,0.0,0.0,0.0,336.0
2021-10-15,9225027.680001203,-762062.6192648357,11292363.603473095,-1103990.1957169622,951556.2990903663,0.0,0.0,0.0,0.0,0.0,316.0
2021-10-16,10323250.080001352,-1010810.4337404132,11288219.114647776,-1219807.951792105,2269673.825173957,0.0,0.0,0.0,0.0,0.0,375.0
2021-10-17,12074396.480001928,-1276651.3641290937,11284074.625822457,-757310.8262146194,2657445.0773633616,0.0,0.0,0.0,0.0,0.0,328.0
2021-10-18,9809558.880001247,-1554438.9546168002,11279930.136997132,160871.00144223557,-833302.8633854106,0.0,0.0,0.0,0.0,0.0,302.0
2021-10-19,8152476.960000821,-1838466.460068385,11275785.64817181,986456.923206821,-1761398.541218471,0.0,0.0,0.0,0.0,0.0,313.0
2021-10-20,8319508.480000745,-2122578.7688068864,11271641.159346487,1198360.0998244197,-1873894.5315116704,0.0,0.0,0.0,0.0,0.0,240.0
2021-10-21,9301453.92000089,-2400299.8798220297,11267496.670521166,764355.4461761205,-1410079.265506247,0.0,0.0,0.0,0.0,0.0,234.0
2021-10-22,10179505.600000706,-2664973.1619570507,11263352.181695843,175866.75139709233,951556.2990904854,0.0,0.0,0.0,0.0,0.0,301.0
2021-10-23,10949162.880000684,-2909911.183896632,11259207.692870522,8280.121224635875,2269673.825174635,0.0,0.0,0.0,0.0,0.0,335.0
2021-10-24,13066955.04000067,-3128551.543599936,11255063.2040452,405044.8944824496,2657445.0773609825,0.0,0.0,0.0,0.0,0.0,331.0
2021-10-25,10155316.960000977,-3314614.856387679,11250918.715219878,962189.99194968,-833302.8633888427,0.0,0.0,0.0,0.0,0.0,231.0
2021-10-26,8721761.920000596,-3462260.8922557263,11246774.226394556,1119694.866684354,-1761398.5412224927,0.0,0.0,0.0,0.0,0.0,318.0
2021-10-27,7966268.960000704,-3566238.792027777,11242629.737569232,693100.7932590953,-1873894.5315139736,0.0,0.0,0.0,0.0,0.0,228.0
2021-10-28,8217940.480000973,-3622027.3429949954,11238485.248743912,49073.82569530322,-1410079.2655061523,0.0,0.0,0.0,0.0,0.0,244.0
2021-10-29,9546976.160001097,-3625961.458491676,11234340.75991859,-235459.5385410729,951556.2990927694,0.0,0.0,0.0,0.0,0.0,247.0
2021-10-30,11484028.800001405,-3575341.280069858,11230196.271093268,92232.52345546382,2269673.825170538,0.0,0.0,0.0,0.0,0.0,271.0
2021-10-31,12093175.520001775,-3468520.7000823603,11226051.782267945,730631.4689384958,2657445.0773599446,0.0,0.0,0.0,0.0,24.0,307.0
2021-11-01,8719347.840000931,-3304972.5776683856,11221907.293442626,1103450.108300741,-833302.8633881996,0.0,0.0,0.0,0.0,28.0,206.0
2021-11-02,8009508.960000878,-3085328.480858412,11217762.804617302,876586.3433895032,-1761398.5412205125,0.0,0.0,0.0,0.0,62.0,225.0
2021-11-03,8765288.960000595,-2811391.417467629,11213618.31579198,230950.4814660747,-1873894.5315129072,0.0,0.0,0.0,0.0,287.0,297.0
2021-11-04,9372801.760001572,-2486120.701057605,11209473.82696666,-343378.843964298,-1410079.26551043,0.0,0.0,0.0,0.0,640.0,234.0
2021-11-05,10402164.00000152,-2113588.8173994813,11205329.33814134,-510416.7231402333,951556.299092888,0.0,0.0,0.0,0.0,1145.0,251.0
2021-11-06,11082331.040001605,-1698910.891788127,11201184.849316016,-361446.5308152969,2269673.8251712164,0.0,0.0,0.0,0.0,1266.0,276.0
2021-11-07,13753135.200002784,-1248148.0881110774,11197040.360490697,-259336.3685776354,2657445.077358907,0.0,0.0,0.0,0.0,1512.0,328.0
2021-11-08,10083203.680000883,-768186.976206632,11192895.871665372,-440926.7231270197,-833302.8633916319,612816.5258505177,0.0,0.0,0.0,1155.0,235.0
2021-11-09,8900352.320000375,-266597.564747078,11188751.38284005,-787138.9836901492,-1761398.5412215334,0.0,0.0,0.0,0.0,1134.0,247.0
2021-11-10,8153062.080000777,248526.7062548839,11184606.894014727,-980605.4473313976,-1873894.531513492,0.0,0.0,0.0,0.0,1238.0,208.0
2021-11-11,9130046.880000982,768743.2038302273,11180462.405189406,-868698.8523772738,-1410079.2655072638,0.0,0.0,0.0,0.0,1290.0,201.0
2021-11-12,9359274.080000982,1285444.3429629228,11176317.916364085,-641916.8946048173,951556.2990973366,0.0,0.0,0.0,0.0,1348.0,235.0
2021-11-13,10651682.720001115,1790047.292370456,11172173.427538762,-631201.6745369869,2269673.8251727237,0.0,0.0,0.0,0.0,1495.0,301.0
2021-11-14,11969177.920000885,2274184.4173956737,11168028.93871344,-926758.1193119126,2657445.077365096,0.0,0.0,0.0,0.0,1477.0,297.0
2021-11-15,9373199.200001108,2729889.667972111,11163884.449888118,-1220655.163284673,-833302.8633827915,0.0,0.0,0.0,0.0,1026.0,251.0
2021-11-16,8468916.480000796,3149776.1842906554,11159739.961062796,-1066175.3229371866,-1761398.5412225546,0.0,0.0,0.0,0.0,1007.0,279.0
2021-11-17,10929633.120000638,3527200.5857964004,11155595.472237475,-326916.08635627053,-1873894.5315124248,0.0,0.0,0.0,0.0,1158.0,342.0
2021-11-18,12257678.880001426,3856409.7263511065,11151450.983412152,625113.7639392413,-1410079.265510241,0.0,0.0,0.0,0.0,1359.0,396.0
2021-11-19,14668126.720001385,4132666.1322021126,11147306.494586833,1185765.2606880986,951556.2990974552,0.0,0.0,0.0,0.0,1706.0,419.0
2021-11-20,16034841.920000501,4352348.878618664,11143162.005761508,1040205.4317748976,2269673.825173402,0.0,0.0,0.0,0.0,1656.0,471.0
2021-11-21,16774194.40000127,4513027.291791374,11139017.516936189,448394.4096989714,2657445.0773640582,0.0,0.0,0.0,0.0,1597.0,454.0
2021-11-22,16676505.11999964,4613505.567856388,11134873.028110864,16231.142959086104,-833302.8633862234,-1098867.678239346,0.0,0.0,0.0,1431.0,505.0
2021-11-23,17741953.439999744,4653837.161921041,11130728.539285544,151133.78825731378,-1761398.5412235751,0.0,0.0,0.0,0.0,1388.0,464.0
2021-11-24,18924723.84000046,4635308.595853955,11126584.050460223,701810.8011484721,-1873894.5315147275,0.0,0.0,0.0,0.0,1022.0,293.0
2021-11-25,5948385.120000361,4560393.142656723,11122439.5616349,1115972.3073690326,-1410079.2655070748,0.0,0.0,0.0,0.0,184.0,81.0
2021-11-26,7428230.8800003175,4432675.645083438,11118295.07280958,967595.5892729188,951556.299089876,0.0,0.0,0.0,0.0,663.0,259.0
2021-11-27,9472172.800000818,4256750.494611258,11114150.583984256,360520.5294987169,2269673.8251740807,0.0,0.0,0.0,0.0,818.0,316.0
2021-11-28,12851480.000001168,4038095.512464342,11110006.095158936,-166731.47354051992,2657445.0773623497,0.0,0.0,0.0,0.0,1201.0,430.0
2021-11-29,10385272.800000716,3782925.117040647,11105861.606333612,-141300.7885620148,-833302.8633855804,0.0,0.0,0.0,0.0,902.0,72.0
2021-11-30,9911229.920000583,3498026.713705256,11101717.11750829,408275.7969088231,-1761398.541221595,0.0,0.0,0.0,0.0,940.0,30.0
2021-12-01,7786935.200000697,3190584.687773616,11097572.628682967,982239.417977407,-1873894.5315119424,0.0,0.0,0.0,0.0,769.0,0.0
2021-12-02,8031106.880000357,2867996.706943816,11093428.139857646,1065590.4741921823,-1410079.2655039085,0.0,0.0,0.0,0.0,745.0,0.0
2021-12-03,9182284.480000615,2537687.236037131,11089283.651032325,577473.2984202261,951556.2990921598,0.0,0.0,0.0,0.0,977.0,18.0
2021-12-04,10665964.800000582,2206923.2287846897,11085139.162207002,-94888.61383478128,2269673.8251747587,0.0,0.0,0.0,0.0,1270.0,18.0
2021-12-05,12561510.72000012,1882636.8866123096,11080994.67338168,-482375.0721998697,2657445.077360641,0.0,0.0,0.0,0.0,1389.0,0.0
2021-12-06,8993434.24000072,1571260.1646228256,11076850.18455636,-454658.6959629004,-833302.8633890128,0.0,0.0,0.0,0.0,146.0,0.0
2021-12-07,7858993.280000462,1278575.3659756156,11072705.695731036,-282317.33162101463,-1761398.541223757,0.0,0.0,0.0,0.0,108.0,0.0
2021-12-08,9782223.839999909,1009585.7068122636,11068561.206905715,-313748.01881925063,-1873894.5315142449,0.0,0.0,0.0,0.0,58.0,0.0
2021-12-09,10404147.519999774,768409.1675324616,11064416.718080392,-612837.4295516188,-1410079.2655038135,0.0,0.0,0.0,0.0,44.0,0.0
2021-12-10,12101702.080000015,558198.2883788637,11060272.22925507,-920247.388299597,951556.2990944432,0.0,0.0,0.0,0.0,73.92,0.0
2021-12-11,13081892.160000106,381087.8362383842,11056127.740429748,-958366.2598583864,2269673.8251714907,0.0,0.0,0.0,0.0,62.0,0.0
2021-12-12,14686364.800000139,238171.48598423344,11051983.251604429,-747694.7117860223,2657445.0773675004,0.0,0.0,0.0,0.0,0.0,0.0
2021-12-13,11457499.679999897,129507.84542766624,11047838.762779104,-594431.176736535,-833302.8633924448,0.0,0.0,0.0,0.0,0.0,0.0
2021-12-14,10110424.640000023,54155.331184481285,11043694.273953784,-751730.4459092877,-1761398.541221777,0.0,0.0,0.0,0.0,0.0,0.0
2021-12-15,11074028.960000351,10234.596449893528,11039549.78512846,-1103990.1957150798,-1873894.5315131785,0.0,0.0,0.0,0.0,0.0,0.0
2021-12-16,12723125.280001339,-4983.556096258993,11035405.29630314,-1219807.9517919894,-1410079.265503719,0.0,0.0,0.0,0.0,0.0,0.0
2021-12-17,14525052.000001438,5032.449213813232,11031260.807477815,-757310.8262130579,951556.2990945624,0.0,0.0,0.0,0.0,0.0,0.0
2021-12-18,16279635.52000089,36204.89312771843,11027116.318652496,160871.00144371152,2269673.82517134,0.0,0.0,0.0,0.0,0.0,0.0
2021-12-19,15945638.720000675,83992.07063367948,11022971.829827173,986456.9232074856,2657445.077366463,0.0,0.0,0.0,0.0,0.0,0.0
2021-12-20,15624360.000000253,143544.6292082745,11018827.341001851,1198360.099824367,-833302.8633918018,4256692.698297679,0.0,0.0,0.0,0.0,0.0
2021-12-21,16661244.15999953,209868.2965445757,11014682.852176528,764355.44617648,-1761398.5412227977,0.0,0.0,0.0,0.0,0.0,0.0
2021-12-22,20183983.03999882,277988.19965531107,11010538.363351207,175866.75139729003,-1873894.5315121107,0.0,0.0,0.0,0.0,0.0,0.0
2021-12-23,26731832.799994227,343109.9563051808,11006393.874525884,8280.1212247261,-1410079.2655079968,0.0,0.0,0.0,0.0,0.0,0.0
2021-12-24,19645286.23999968,400772.8369251569,11002249.385700565,405044.8944802402,951556.2990990106,0.0,0.0,0.0,0.0,0.0,0.0
2021-12-25,184603.52000000296,446990.5470156664,10998104.896875242,962189.9919493656,2269673.825172847,0.0,0.0,0.0,0.0,0.0,0.0
2021-12-26,9470207.68000073,478375.559342747,10993960.40804992,1119694.8666840177,2657445.077364755,0.0,0.0,0.0,0.0,0.0,0.0
2021-12-27,10281647.680000506,492243.4209769375,10989815.919224598,693100.7932575425,-833302.863395234,-1272886.2835582572,0.0,0.0,0.0,0.0,0.0
2021-12-28,11042550.24000061,486694.05815705226,10985671.430399278,49073.82569428112,-1761398.541218958,0.0,0.0,0.0,0.0,0.0,0.0
2021-12-29,9972203.839999715,460667.7848370044,10981526.941573955,-235459.5385417941,-1873894.5315110437,0.0,0.0,0.0,0.0,0.0,0.0
2021-12-30,13447691.519999227,413974.4689180445,10977382.452748634,92232.52345543158,-1410079.2655048303,0.0,0.0,0.0,0.0,0.0,0.0
2021-12-31,19763005.759997305,347295.1020064588,10973237.963923313,730631.4689367373,951556.2990991292,0.0,0.0,0.0,1137.8359999999998,0.0,0.0
2022-01-01,7451941.119999978,262155.83120629814,10969093.47509799,1103450.1083005138,2269673.8251735256,0.0,0.0,218.6,1129.4920000000002,0.0,0.0
2022-01-02,11491267.35999947,160875.32155847264,10964948.986272668,876586.343389734,2657445.0773630464,0.0,0.0,358.79999999999995,1143.9399999999998,0.0,0.0
2022-01-03,9711854.879999787,46487.1017836914,10960804.497447344,230950.48146631787,-833302.8633863934,0.0,0.0,341.4,1141.56,0.0,0.0
2022-01-04,9482778.559999976,-77360.71855983294,10956660.008622024,-343378.8439647898,-1761398.5412229793,0.0,0.0,334.4,1132.1799999999998,0.0,0.0
2022-01-05,10236575.040000118,-206525.30692419127,10952515.5197967,-510416.7231387688,-1873894.5315133464,0.0,0.0,342.19999999999993,1132.012,0.0,0.0
2022-01-06,9610073.439999722,-336504.91075083386,10948371.03097138,-361446.5308140944,-1410079.2655078073,0.0,0.0,364.59999999999997,1140.804,0.0,0.0
2022-01-07,10382954.399999704,-462586.50528162095,10944226.542146057,-259336.3685775688,951556.2990992484,0.0,0.0,229.79999999999998,1135.26,0.0,0.0
2022-01-08,13456744.31999822,-580000.835091659,10940082.053320736,-440926.7231266628,2269673.8251694287,0.0,0.0,19.2,1129.52,0.0,0.0
2022-01-09,14363713.439998139,-684080.1771376824,10935937.564495414,-787138.9836881976,2657445.077361338,0.0,0.0,18.0,1145.4519999999998,0.0,0.0
2022-01-10,11391226.559999619,-770414.0682852995,10931793.075670091,-980605.4473314554,-833302.8633877881,0.0,0.0,21.599999999999994,1150.0440000000003,0.0,0.0
2022-01-11,9484905.599999933,-834998.2942331444,10927648.58684477,-868698.852377553,-1761398.5412209996,0.0,0.0,19.2,1129.38,0.0,0.0
2022-01-12,8772939.679999547,-874372.6280090732,10923504.098019447,-641916.8946051399,-1873894.53151228,0.0,818180.6540692183,18.0,1137.08,0.0,0.0
2022-01-13,9933173.759998932,-885743.1293160656,10919359.609194126,-631201.6745366944,-1410079.265504641,0.0,54191.34593078164,18.0,1137.9479999999999,0.0,0.0
2022-01-14,12106405.119997991,-867085.2617828548,10915215.120368805,-926758.1193132089,951556.2990916688,0.0,0.0,21.6,1129.7720000000004,0.0,0.0
2022-01-15,12737650.239997871,-817224.640644716,10911070.631543484,-1220655.1632861537,2269673.8251701067,0.0,0.0,19.2,1109.2759999999998,0.0,0.0
2022-01-16,9718166.07999996,-735892.8727430507,10906926.142718162,-1066175.3229362478,2657445.0773603,0.0,0.0,19.199999999999996,1137.472,0.0,0.0
2022-01-17,9496556.479999727,-623756.6750916323,10902781.65389284,-326916.0863551368,-833302.8633891827,-299115.2570550929,0.0,19.2,1142.12,0.0,0.0
2022-01-18,8584347.039999723,-482419.23678508407,10898637.165067518,625113.7639375803,-1761398.541219019,0.0,0.0,19.199999999999996,1141.5599999999997,0.0,0.0
2022-01-19,10445963.359998753,-314393.5991837597,10894492.676242195,1185765.260688084,-1873894.531512864,0.0,0.0,19.199999999999996,1128.876,0.0,0.0
2022-01-20,10838729.75999798,-123048.64769028884,10890348.187416874,1040205.4317750836,-1410079.2655045462,0.0,0.0,17.999999999999996,1136.1840000000002,0.0,0.0
2022-01-21,10904826.239999436,87470.88875197155,10886203.69859155,448394.40969940985,951556.2990939524,0.0,0.0,21.599999999999994,679.1120000000001,0.0,0.0
2022-01-22,12082757.439998973,312348.2701882344,10882059.20976623,16231.14295952478,2269673.8251716145,0.0,0.0,19.2,1112.5520000000001,0.0,0.0
2022-01-23,12985262.719998544,546219.5469083481,10877914.720940908,151133.78825734352,2657445.0773579213,0.0,0.0,19.199999999999996,1132.152,0.0,0.0
2022-01-24,10254047.67999958,783315.8443834228,10873770.232115583,701810.8011494385,-833302.8633823796,0.0,0.0,20.399999999999995,1142.988,0.0,0.0
2022-01-25,9170541.600000037,1017619.1246841062,10869625.743290262,1115972.3073688997,-1761398.541223041,0.0,0.0,19.199999999999996,1143.7720000000002,0.0,0.0
2022-01-26,11246282.399999393,1243027.0097460854,10865481.25446494,967595.5892719552,-1873894.5315117976,0.0,0.0,18.0,1144.5839999999998,0.0,0.0
2022-01-27,12106316.799999146,1453521.971126077,10861336.765639618,360520.5295009652,-1410079.2655044517,0.0,0.0,21.599999999999994,1143.1280000000002,0.0,0.0
2022-01-28,13797438.719998438,1643340.0452230065,10857192.2768143,-166731.473540659,951556.2990962364,0.0,0.0,23.999999999999996,1138.5360000000003,0.0,0.0
2022-01-29,15182546.55999918,1807134.226612681,10853047.787988976,-141300.78856215268,2269673.8251731223,0.0,0.0,20.399999999999995,458.13599999999997,0.0,0.0
2022-01-30,16781410.87999832,1940127.8257011576,10848903.299163654,408275.7969083478,2657445.0773654515,0.0,0.0,15.599999999999998,0.0,0.0,0.0
2022-01-31,13956885.7599993,2038253.3465259871,10844758.810338331,982239.4179771336,-833302.8633837744,0.0,0.0,390.2000000000001,0.0,24.0,0.0
2022-02-01,14510398.239999436,2098272.838808001,10840614.32151301,1065590.4741922987,-1761398.541221061,0.0,0.0,179.60000000000002,0.0,64.0,0.0
2022-02-02,12839288.160000127,2117876.19378275,10836469.832687687,577473.2984201318,-1873894.5315141,0.0,0.0,88.8,0.0,276.0,0.0
2022-02-03,10789476.639999198,2095754.471439486,10832325.343862368,-94888.61383519546,-1410079.265504357,0.0,0.0,92.2,0.0,412.0,0.0
2022-02-04,12096932.79999933,2031646.0496864384,10828180.855037048,-482375.0721991528,951556.299086492,0.0,0.0,94.00000000000001,0.0,668.0,0.0
2022-02-05,16105045.279997984,1926354.1536843544,10824036.366211724,-454658.6959613706,2269673.825172971,0.0,0.0,94.20000000000003,0.0,1136.0,0.0
2022-02-06,17113089.27999793,1781735.1340138952,10819891.877386402,-282317.33162108273,2657445.077363743,0.0,0.0,95.4,0.0,1220.0,0.0
2022-02-07,12630470.23999956,1600657.692303753,10815747.38856108,-313748.0188193714,-833302.863385169,0.0,0.0,95.4,0.0,900.0,0.0
2022-02-08,11786403.359999605,1386934.078503142,10811602.899735758,-612837.4295512286,-1761398.5412220815,0.0,0.0,97.60000000000001,0.0,928.0,0.0
2022-02-09,10258257.599999685,1145225.0815463727,10807458.410910437,-920247.3882993616,-1873894.5315096632,0.0,0.0,97.8,0.0,912.0,0.0
2022-02-10,11719511.999999128,880921.38163706,10803313.922085114,-958366.2598585289,-1410079.265505563,0.0,0.0,91.80000000000001,0.0,972.0,0.0
2022-02-11,13759751.83999903,600004.5065219811,10799169.43325979,-747694.711786366,951556.2990909406,0.0,0.0,90.8,0.0,1396.0,0.0
2022-02-12,17755050.559996814,308891.2162762364,10795024.94443447,-594431.1767378076,2269673.825174479,0.0,0.0,96.39999999999999,0.0,1284.0,0.0
2022-02-13,16983435.51999673,14265.61484157878,10790880.455609148,-751730.4459096317,2657445.077362035,0.0,0.0,91.80000000000001,0.0,884.0,0.0
2022-02-14,8440992.640000084,-277096.3620667951,10786735.966783823,-1103990.1957164702,-833302.8633865636,0.0,0.0,96.20000000000002,0.0,576.0,0.0
2022-02-15,8801338.240000099,-558505.2139235338,10782591.477958502,-1219807.9517930225,-1761398.5412212426,0.0,0.0,90.00000000000001,0.0,732.0,0.0
2022-02-16,8436315.360000052,-823533.947967668,10778446.989133185,-757310.8262134778,-1873894.531511966,0.0,0.0,84.8,0.0,620.0,0.0
2022-02-17,8960148.639999345,-1066187.0685360802,10774302.50030786,160871.00144372918,-1410079.2655054682,0.0,0.0,89.8,0.0,552.0,0.0
2022-02-18,10645448.799998973,-1281057.7938869777,10770158.01148254,986456.9232073032,951556.2990910594,0.0,0.0,95.20000000000002,0.0,656.0,0.0
2022-02-19,11814706.239999017,-1463469.144227067,10766013.522657216,1198360.0998253226,2269673.8251751573,0.0,0.0,86.00000000000001,0.0,636.0,0.0
2022-02-20,12629012.95999906,-1609595.0014469605,10761869.033831896,764355.4461768332,2657445.0773603264,0.0,0.0,86.20000000000002,0.0,684.0,0.0
2022-02-21,11315860.159999503,-1716557.808529967,10757724.545006571,175866.7513987558,-833302.8633899956,-25587.08555577969,0.0,91.19999999999999,0.0,704.0,0.0
2022-02-22,9137130.879999615,-1782500.2383896655,10753580.056181252,8280.121225394962,-1761398.5412222634,0.0,0.0,82.6,0.0,440.0,0.0
2022-02-23,8681142.080000032,-1806628.898936122,10749435.567355927,405044.8944815854,-1873894.5315142693,0.0,0.0,89.8,0.0,444.0,0.0
2022-02-24,9046385.759999687,-1789228.9323442758,10745291.078530608,962189.9919506134,-1410079.2655053737,0.0,0.0,84.2,0.0,492.0,0.0
2022-02-25,10013184.319999523,-1731649.1890102671,10741146.589705285,1119694.8666840964,951556.2990933432,0.0,0.0,197.40000000000003,0.0,572.0,0.0
2022-02-26,11677582.079999473,-1636258.4869113823,10737002.100879963,693100.7932579446,2269673.82517106,0.0,0.0,276.2,0.0,676.0,0.0
2022-02-27,13320006.559998775,-1506374.2812859842,10732857.61205464,49073.82569465799,2657445.0773678566,0.0,0.0,309.3999999999999,0.0,776.0,0.0
2022-02-28,10117504.959999489,-1346165.8442834425,10728713.12322932,-235459.53854205724,-833302.8633893529,0.0,0.0,246.00000000000006,0.0,566.0,0.0
2022-03-01,8825755.039999848,-1160534.7674210882,10724568.634403996,92232.5234549156,-1761398.5412202836,0.0,0.0,100.0,0.0,656.0,0.0
2022-03-02,10637709.759999651,-954976.2309256472,10720424.145578677,730631.4689364055,-1873894.531509832,0.0,0.0,85.2,0.0,1160.0,0.0
2022-03-03,11455184.959999228,-735425.0153444456,10716279.656753352,1103450.108300664,-1410079.2655096513,0.0,0.0,79.20000000000002,0.0,1672.0,0.0
2022-03-04,13064195.039999101,-508090.64715331816,10712135.167928033,876586.3433886251,951556.2990956268,0.0,0.0,78.99999999999999,0.0,2344.0,0.0
2022-03-05,15092154.719998214,-279286.3596618604,10707990.679102711,230950.4814650458,2269673.825171738,0.0,0.0,76.8,0.0,2878.0,0.0
2022-03-06,16929545.599998474,-55256.70541071707,10703846.190277388,-343378.84396492224,2657445.0773668187,0.0,0.0,83.0,0.0,3193.0,0.0
2022-03-07,12080313.919999437,157991.3278783975,10699701.701452067,-510416.7231389951,-833302.8633927848,0.0,0.0,80.8,0.0,1468.0,0.0
2022-03-08,11447637.279999616,354848.96883613354,10695557.212626744,-361446.5308141144,-1761398.541221304,0.0,0.0,83.20000000000002,0.0,1600.0,0.0
2022-03-09,10746015.839999435,530253.6107742504,10691412.723801425,-259336.3685774868,-1873894.5315137864,0.0,0.0,85.4,0.0,1426.0,0.0
2022-03-10,11681037.599999463,679819.9717732506,10687268.234976102,-440926.7231263061,-1410079.265506485,0.0,0.0,36.199999999999996,0.0,1549.0,0.0
2022-03-11,12940109.11999907,799950.8830267715,10683123.74615078,-787138.9836881306,951556.2990979104,0.0,0.0,49.0,0.0,1666.0,0.0
2022-03-12,13674626.079998594,887924.7245717553,10678979.257325456,-980605.4473314212,2269673.8251732457,0.0,0.0,71.20000000000002,0.0,1677.0,0.0
2022-03-13,14912475.039999185,941957.2135783264,10674834.768500136,-868698.8523778317,2657445.07736444,0.0,0.0,64.0,0.0,1688.0,0.0
2022-03-14,11470615.199999677,961235.9997531512,10670690.279674811,-641916.8946038042,-833302.8633839444,0.0,0.0,80.40000000000002,0.0,1236.0,0.0
2022-03-15,10218966.239999862,945927.3132320964,10666545.790849492,-631201.6745366099,-1761398.5412223248,0.0,0.0,73.39999999999999,0.0,1224.0,0.0
2022-03-16,8839617.59999961,897154.7196032017,10662401.302024169,-926758.1193130154,-1873894.53151272,0.0,0.0,73.0,0.0,812.0,0.0
2022-03-17,9086457.279998971,816950.8408694215,10658256.813198848,-1220655.1632858466,-1410079.265509462,0.0,0.0,72.2,0.0,862.0,0.0
2022-03-18,10345252.799998716,708183.6769313079,10654112.324373525,-1066175.3229361584,951556.2990980292,0.0,0.0,75.8,0.0,967.0,0.0
2022-03-19,11716803.519998858,574459.8870932448,10649967.835548203,-326916.08635574806,2269673.825173095,0.0,0.0,83.2,0.0,1246.0,0.0
2022-03-20,13706060.639997594,420008.0442589197,10645823.34672288,625113.7639369061,2657445.077363402,0.0,0.0,85.2,0.0,1100.0,0.0
2022-03-21,10038922.239999237,249545.43708978375,10641678.85789756,1185765.2606880688,-833302.8633853392,0.0,0.0,85.20000000000003,0.0,821.0,0.0
2022-03-22,9013468.159999926,68132.45139844205,10637534.369072236,1040205.4317753776,-1761398.541223346,0.0,0.0,84.6,0.0,741.0,0.0
2022-03-23,7810384.160000182,-118981.10162112444,10633389.880246917,448394.4096978469,-1873894.5315150227,0.0,0.0,81.80000000000001,0.0,708.0,0.0
2022-03-24,8586573.439999754,-306513.1353761245,10629245.391421594,16231.142959096607,-1410079.2655062955,0.0,0.0,82.0,0.0,933.0,0.0
2022-03-25,9307319.839999337,-489305.2685683444,10625100.902596273,151133.78825662666,951556.2990904498,0.0,0.0,86.4,0.0,959.0,0.0
2022-03-26,10354923.839999236,-662473.0528973524,10620956.41377095,701810.8011493225,2269673.825169827,0.0,0.0,78.00000000000001,0.0,989.0,0.0
2022-03-27,12304701.919998486,-821546.0621042942,10616811.924945628,1115972.3073687663,2657445.0773616936,0.0,0.0,82.80000000000001,0.0,1067.0,0.0
2022-03-28,9369173.279999388,-962593.7826550244,10612667.436120303,967595.5892721268,-833302.8633867336,0.0,0.0,83.0,0.0,847.0,0.0
2022-03-29,7866014.7199999755,-1082333.6903767004,10608522.947294986,360520.5295016948,-1761398.5412213658,0.0,0.0,81.8,0.0,825.0,0.0
2022-03-30,8002557.440000217,-1178218.446106921,10604378.458469665,-166731.47354096777,-1873894.5315122367,0.0,0.0,75.39999999999999,0.0,800.0,0.0
2022-03-31,9240980.479999583,-1248499.7804210235,10600233.969644342,-141300.78856229057,-1410079.2655031297,0.0,0.0,76.2,0.0,885.0,0.0
2022-04-01,10289611.199999448,-1292267.343896008,10596089.48081902,408275.7969080164,951556.2990927337,0.0,0.0,170.8,0.0,1238.0,0.0
2022-04-02,11745496.479999056,-1309461.5541264669,10591944.991993695,982239.4179777396,2269673.825170505,0.0,0.0,449.2,0.0,1349.0,0.0
2022-04-03,13341383.679998796,-1300860.251530773,10587800.503168374,1065590.474192693,2657445.077359985,0.0,0.0,462.79999999999995,0.0,1589.0,0.0
2022-04-04,9227379.19999987,-1268039.7598229025,10583656.014343051,577473.2984189434,-833302.8633901655,0.0,0.0,463.2000000000001,0.0,138.0,0.0
2022-04-05,7869179.52,-1213311.71067459,10579511.52551773,-94888.6138347269,-1761398.5412235276,0.0,0.0,377.8,0.0,52.0,0.0
2022-04-06,6666695.360000219,-1139637.7132000383,10575367.036692409,-482375.0721992856,-1873894.53151454,0.0,0.0,431.48305,0.0,50.0,0.0
2022-04-07,6771534.880000011,-1050524.6060815752,10571222.547867088,-454658.69596162,-1410079.2655061062,0.0,0.0,507.12854400000003,0.0,14.0,0.0
2022-04-08,7782526.55999967,-949903.6042665932,10567078.059041765,-282317.33162115107,951556.2990950173,0.0,0.0,551.219618,0.0,38.0,0.0
2022-04-09,8511357.919999216,-841997.1262377887,10562933.570216443,-313748.0188191238,2269673.825171183,0.0,0.0,694.9596399999999,0.0,58.0,0.0
2022-04-10,10271163.359999016,-731177.4480870225,10558789.081391122,-612837.4295511742,2657445.077366845,0.0,0.0,808.4866140000001,0.0,0.0,0.0
2022-04-11,7479537.440000024,-621821.5664673146,10554644.5925658,-920247.3883001218,-833302.8633935978,0.0,0.0,545.708032,0.0,0.0,0.0
2022-04-12,6634278.240000051,-518166.7570483976,10550500.103740478,-958366.2598586268,-1761398.5412215476,0.0,0.0,427.44287,0.0,0.0,0.0
2022-04-13,7082060.640000082,-424171.28553302906,10546355.614915157,-747694.7117848694,-1873894.531513473,0.0,0.0,466.8924739999999,0.0,0.0,0.0
2022-04-14,8192342.400000009,-343384.5653458256,10542211.126089836,-594431.1767369856,-1410079.2655029402,0.0,0.0,460.064878,0.0,0.0,0.0
2022-04-15,10293250.719999317,-278830.7649395888,10538066.637264514,-751730.4459099009,951556.299095136,0.0,0.0,519.9367020000001,0.0,0.0,0.0
2022-04-16,11558239.679999106,-232909.4567346586,10533922.148439191,-1103990.195716224,2269673.8251718623,0.0,0.0,475.87632600000006,0.0,0.0,0.0
2022-04-17,7308332.799999878,-207316.3813552482,10529777.65961387,-1219807.9517918716,2657445.0773658077,0.0,0.0,385.7836300000001,0.0,0.0,0.0
2022-04-18,7394551.520000331,-202986.790358239,10525633.170788549,-757310.8262136613,-833302.8633929548,0.0,0.0,641.037396,0.0,0.0,0.0
2022-04-19,6681301.280000348,-220063.14615902424,10521488.681963226,160871.00144120833,-1761398.5412225686,0.0,0.0,520.2946599999999,0.0,0.0,0.0
2022-04-20,6620956.640000071,-257888.2196123257,10517344.193137905,986456.92320677,-1873894.531512406,0.0,0.0,413.491634,0.0,0.0,0.0
2022-04-21,7156926.560000027,-315023.8555574179,10513199.704312582,1198360.0998246854,-1410079.2655072175,0.0,0.0,403.80645399999986,0.0,0.0,0.0
2022-04-22,7800231.0399998,-389294.8973750936,10509055.21548726,764355.4461756252,951556.2990897214,0.0,0.0,452.115964,0.0,0.0,0.0
2022-04-23,8386315.199999718,-477856.9963680655,10504910.726661935,175866.7513976481,2269673.8251733696,0.0,0.0,521.8416819999999,0.0,0.0,0.0
2022-04-24,10286372.799999729,-577286.3031454913,10500766.237836614,8280.121225214643,2657445.0773634287,0.0,0.0,760.567618,0.0,0.0,0.0
2022-04-25,7925531.359999921,-683688.3679443002,10496621.749011291,405044.8944811532,-833302.863396387,0.0,0.0,603.845434,0.0,0.0,0.0
2022-04-26,6762629.279999871,-792822.984756617,10492477.260185972,962189.991950299,-1761398.5412217297,0.0,0.0,426.88411399999995,0.0,0.0,0.0
2022-04-27,6012269.91999919,-900241.2179639997,10488332.77136065,1119694.8666841888,-1873894.5315113391,0.0,0.0,388.305484,0.0,0.0,0.0
2022-04-28,6718027.679998703,-1001430.4648215713,10484188.282535328,693100.7932600968,-1410079.2655040517,0.0,0.0,444.3772639999999,0.0,0.0,0.0
2022-04-29,7474606.239998446,-1091963.1440578604,10480043.793710006,49073.825694087616,951556.2990898404,0.0,0.0,482.3619519999999,0.0,0.0,0.0
2022-04-30,8182211.359998085,-1167644.468283674,10475899.304884683,-235459.5385416491,2269673.825174048,0.0,0.0,668.925608,0.0,0.0,0.0
2022-05-01,9745563.67999689,-1224654.759976216,10471754.816059362,92232.52345635903,2657445.0773623902,0.0,0.0,653.6728919999999,0.0,0.0,0.0
2022-05-02,7491464.319998169,-1259681.9077480412,10467610.32723404,730631.4689375976,-833302.8633875465,0.0,0.0,333.59791400000006,0.0,40.0,0.0
2022-05-03,6726995.839998888,-1270039.8279728976,10463465.83840872,1103450.1083004104,-1761398.541222751,0.0,0.0,259.0505519999999,0.0,172.0,0.0
2022-05-04,10793785.919999631,-1253769.1888257472,10459321.349583397,876586.3433885154,-1873894.531513642,0.0,0.0,219.443142,0.0,734.0,0.0
2022-05-05,11617874.07999931,-1209717.1585444768,10455176.860758075,230950.48146534432,-1410079.2655070284,0.0,0.0,205.98253599999998,0.0,1378.0,0.0
2022-05-06,13180368.959998855,-1137593.5424922414,10451032.371932752,-343378.84396466287,951556.2990899592,0.0,0.0,205.33766,0.0,2112.0,0.0
2022-05-07,15027957.119998526,-1038001.3572893568,10446887.883107431,-510416.7231408092,2269673.8251699507,0.0,0.0,214.664964,0.0,2341.0,0.0
2022-05-08,11999125.759999195,-912440.6349298318,10442743.394282108,-361446.5308143066,2657445.0773606817,0.0,0.0,217.22384600000004,0.0,1752.0,0.0
2022-05-09,12029673.439999243,-763285.0339415394,10438598.905456789,-259336.3685773945,-833302.8633889412,0.0,0.0,207.41466000000003,0.0,1462.0,0.0
2022-05-10,10616141.279999502,-593731.6354979287,10434454.416631466,-440926.7231275431,-1761398.5412207702,0.0,0.0,210.808102,0.0,1456.0,0.0
2022-05-11,9508339.839999534,-407725.0965691702,10430309.927806145,-787138.9836893103,-1873894.5315092048,0.0,0.0,191.935816,0.0,1339.0,0.0
2022-05-12,10819851.359999364,-209858.09663824248,10426165.438980822,-980605.4473314564,-1410079.265503862,0.0,0.0,207.07218799999998,0.0,1596.0,0.0
2022-05-13,12371527.03999931,-5250.726745752995,10422020.950155498,-868698.8523764118,951556.2990944076,0.0,0.0,200.83734400000003,0.0,1657.0,0.0
2022-05-14,12513862.079998743,200587.89117446364,10417876.461330175,-641916.8946054626,2269673.8251706287,0.0,0.0,212.02820000000006,0.0,1640.0,0.0
2022-05-15,14538204.319998085,401911.9193755306,10413731.972504856,-631201.6745366895,2657445.077359644,0.0,0.0,210.174618,0.0,1975.0,0.0
2022-05-16,11144118.239998884,592900.7793281216,10409587.483679537,-926758.119311332,-833302.8633903356,0.0,0.0,183.49742800000004,0.0,1336.0,0.0
2022-05-17,9462954.399999589,767826.1942400659,10405442.994854212,-1220655.1632848815,-1761398.5412187902,0.0,0.0,196.31821399999998,0.0,1240.0,0.0
2022-05-18,6884864.159999039,921219.5195117248,10401298.50602889,-1066175.3229361894,-1873894.5315131596,0.0,0.0,209.48627199999999,0.0,920.5999999999999,0.0
2022-05-19,7636886.879998755,1048034.5313123444,10397154.017203568,-326916.0863557332,-1410079.2655037674,0.0,0.0,193.114404,0.0,745.2,0.0
2022-05-20,8200412.639998675,1143800.9319066596,10393009.528378246,625113.7639383378,951556.2990945264,0.0,0.0,201.93678600000004,0.0,910.0,0.0
2022-05-21,8259517.119998417,1204764.0556099273,10388865.039552923,1185765.260688406,2269673.8251721365,0.0,0.0,213.645098,0.0,873.0,0.0
2022-05-22,10478115.51999728,1228006.615264724,10384720.550727604,1040205.4317741932,2657445.077357265,0.0,0.0,199.34217200000003,0.0,1056.0,0.0
2022-05-23,8200007.839998288,1211548.8062768185,10380576.06190228,448394.4096998815,-833302.8633835327,0.0,0.0,211.24216199999998,0.0,775.0,0.0
2022-05-24,6637759.519999017,1154423.6702041675,10376431.57307696,16231.142959113022,-1761398.5412228117,0.0,0.0,208.75386399999994,0.0,664.0,0.0
2022-05-25,6744383.8399989605,1056725.2964752978,10372287.084251637,151133.78825628338,-1873894.5315120928,0.0,0.0,202.86222400000003,0.0,732.0,0.0
2022-05-26,8164698.239998483,919628.1898972084,10368142.595426315,701810.8011489003,-1410079.265508045,0.0,0.0,216.262448,0.0,753.0,0.0
2022-05-27,9489825.759997765,745376.9322462063,10363998.106600992,1115972.3073686326,951556.2990968102,0.0,0.0,197.99524800000003,0.0,861.0,0.0
2022-05-28,8589315.03999843,537246.0957303493,10359853.617775671,967595.5892723995,2269673.825171985,0.0,0.0,152.11673599999997,0.0,793.0,0.0
2022-05-29,7904305.119998278,299471.2010790719,10355709.128950348,360520.5295012752,2657445.0773647954,0.0,0.0,93.60000000000001,0.0,648.0,0.0
2022-05-30,7986347.039998511,37152.329797477774,10351564.640125029,-166731.47354173314,-833302.8633828898,1719254.0587176196,0.0,97.19999999999999,0.0,675.6,0.0
2022-05-31,7353004.319998921,-243867.22444094816,10347420.151299704,-141300.78856158094,-1761398.5412208317,0.0,0.0,92.39999999999999,0.0,861.0,0.0
2022-06-01,8086737.439999936,-537144.168197233,10343275.662474385,408275.7969078292,-1873894.5315143955,0.0,0.0,308.89426,0.0,1111.0,0.0
2022-06-02,8289096.959999874,-835796.5588865558,10339131.17364906,982239.4179775484,-1410079.2655079502,0.0,0.0,307.986974,0.0,989.0,0.0
2022-06-03,9154003.679999769,-1132679.040995446,10334986.68482374,1065590.4741925306,951556.299087066,0.0,0.0,308.19775000000004,0.0,1234.2,0.0
2022-06-04,9799744.319999423,-1420567.3047262754,10330842.195998415,577473.2984191701,2269673.825173493,0.0,0.0,305.867552,0.0,1379.0,0.0
