ds,SALES,yearly,trend,monthly,weekly,holidays,PLA_AD_SPEND_PLA,TOA_AD_SPEND_TOA,REDEMPTION_COST_LOYAL_CUSTOMER_MAILER
2021-06-06,35295375.829990126,-6324382.914767255,34581995.56304924,-1845753.5880218504,4879242.87599391,0.0,2856.3334299999997,0.0,0.0
2021-06-07,29538645.1999947,-6618900.691393393,34570700.351670206,-806909.7462446816,-3061152.5524601447,0.0,2765.24791,0.0,0.0
2021-06-08,28230435.669995748,-6857964.383204591,34559405.14029117,-286849.45230042003,-4160028.04097908,0.0,2706.8437400000003,0.0,0.0
2021-06-09,27629320.459996708,-7037764.045476676,34548109.92891214,-504558.52158548345,-4139350.994582492,0.0,2648.8922600000005,0.0,0.0
2021-06-10,28228180.04999643,-7156000.512964717,34536814.71753311,-884979.9086094043,-3675109.982701287,0.0,2201.21846,0.0,0.0
2021-06-11,29314807.659995463,-7211975.652414956,34525519.506154075,-716349.6212531468,4875185.104648779,0.0,2214.44087,0.0,0.0
2021-06-12,28195039.68999549,-7206635.214416448,34514224.29477505,68132.40973045296,5281213.59009167,0.0,2104.86084,0.0,0.0
2021-06-13,32763097.689992853,-7142561.838489175,34502929.08339601,775035.882613547,4879242.875988109,0.0,2132.23983,0.0,0.0
2021-06-14,27262495.729996778,-7023917.260265018,34491633.872016974,633714.4265266407,-3061152.552460857,0.0,2236.16819,0.0,0.0
2021-06-15,26542975.18999721,-6856334.322949305,34480338.660637945,-390753.2700173966,-4160028.040982479,0.0,2121.3281599999996,0.0,0.0
2021-06-16,24039606.799997702,-6646760.961138715,34469043.44925892,-1475119.390447884,-4139350.994591162,0.0,2171.9389300000003,0.0,0.0
2021-06-17,25373002.69999716,-6403259.855452895,34457748.23787988,-1667454.229941276,-3675109.982708607,0.0,2211.8801099999996,0.0,0.0
2021-06-18,26927201.9599964,-6134768.903939908,34446453.02650084,-791487.7791219129,4875185.104629192,0.0,2205.18722,0.0,0.0
2021-06-19,27579832.049995236,-5850828.975730159,34435157.815121815,350337.04410031985,5281213.5900908895,0.0,2022.1118000000001,0.0,0.0
2021-06-20,24939801.609996617,-5561286.560860597,34423862.60374278,701340.1683042487,4879242.875988529,0.0,2051.22239,0.0,0.0
2021-06-21,24417959.309996612,-5275979.870443719,34412567.39236374,-57500.70686814245,-3061152.552461569,0.0,2257.04424,0.0,0.0
2021-06-22,25573292.379993603,-5004417.640597241,34401272.18098471,-1180022.012975792,-4160028.040970232,0.0,2157.3952900000004,0.0,0.0
2021-06-23,32338130.32999269,-4755460.326684939,34389976.96960568,-1510823.6105899648,-4139350.99457654,0.0,2131.77365,0.0,0.0
2021-06-24,34057319.40999031,-4537013.523418681,34378681.75822665,-523250.3132693831,-3675109.982707482,0.0,2194.3196299999995,0.0,0.0
2021-06-25,37266386.12998541,-4355743.301779407,34367386.54684762,1216940.9141440983,4875185.104634747,0.0,2143.54445,0.0,0.0
2021-06-26,36657856.039984584,-4216822.714209445,34356091.33546858,2573356.354770303,5281213.590091144,0.0,2045.411,0.0,0.0
2021-06-27,38978540.959986836,-4123717.9934602818,34344796.124089554,2835286.0049365787,4879242.8759765085,0.0,2102.9040099999997,998.8439999999998,6.4
2021-06-28,33813530.27999203,-4078021.97371268,34333500.91271052,2255430.2166297897,-3061152.552455778,908601.0200589936,1978.0725100000002,991.3960000000002,81.4
2021-06-29,33569100.9499924,-4079341.020550557,34322205.70133148,1663115.797363056,-4160028.040985739,0.0,1990.13088,986.048,186.0
2021-06-30,35871467.789988644,-4125240.301036868,34304127.97320118,1579667.997728545,-4139350.9945852095,0.0,2106.8525999999997,985.292,389.50000000000006
2021-07-01,39375734.169983216,-4211250.59631451,34286050.24507088,1718475.3529653456,-3675109.982706359,0.0,6065.461870000001,989.5479999999999,891.9000000000002
2021-07-02,44596343.22997591,-4330938.101600778,34267972.51694058,1344619.8750948566,4875185.104640304,0.0,5625.603799999999,985.068,1351.2
2021-07-03,42240084.48998053,-4476036.822156572,34249894.788810275,110694.27042293806,5281213.590090259,0.0,2202.47268,974.2040000000001,1355.0
2021-07-04,29785182.71999425,-4636641.311198136,34231817.06067998,-1481266.25388345,4879242.875976927,0.0,2185.1430599999994,967.652,845.9
2021-07-05,32870270.21999305,-4801455.661551817,34213739.33254968,-2466937.7919378406,-3061152.552456491,8664715.564245122,2159.2741800000003,9.884,1093.2999999999997
2021-07-06,33079860.919993076,-4958092.911253643,34195661.60441937,-2289868.706830986,-4160028.0409770287,0.0,2186.18703,0.0,1115.3999999999999
2021-07-07,33700095.84998625,-5093417.407259975,34177583.87628906,-1308696.8518388623,-4139350.994582233,0.0,2219.58194,0.0,1332.2
2021-07-08,34865472.38998459,-5193921.240699587,34159506.14815877,-446718.2878937002,-3675109.9827052336,0.0,2312.01987,0.0,1396.0000000000002
2021-07-09,37345991.91998111,-5246124.666653782,34141428.42002846,-325661.3870783352,4875185.104641507,0.0,2161.26317,0.0,1704.0000000000002
2021-07-10,38159483.699978836,-5236989.490450655,34123350.69189816,-726559.3065288395,5281213.590091549,0.0,2307.8407399999996,0.0,1769.7
2021-07-11,42274523.719975844,-5154333.772789125,34105272.96376786,-894515.3338752775,4879242.875977347,0.0,2416.58435,0.0,2069.2999999999997
2021-07-12,35396357.099984944,-4987235.900929953,34087195.23563756,-370487.255215731,-3061152.552457203,0.0,2430.9940699999997,0.0,1173.8
2021-07-13,35403698.939984314,-4726416.107632833,34069117.50750726,488874.90503624256,-4160028.0409804266,0.0,2299.1889600000004,0.0,1245.4
2021-07-14,33866495.96998529,-4364583.898011171,34051039.77937696,836053.9494713113,-4139350.994581046,0.0,2432.15795,0.0,1074.7999999999997
2021-07-15,37952763.13998166,-3896740.5620773886,34032962.05124666,195206.01251060495,-3675109.982712554,0.0,2392.47436,0.0,1207.2
2021-07-16,39446605.57997949,-3320426.992725375,34014884.32311635,-994113.91546372,4875185.104651417,0.0,2298.3737,0.0,1379.0999999999997
2021-07-17,40212432.24997876,-2635908.3706643227,33996806.59498605,-1719389.399801971,5281213.590090768,0.0,2398.73189,0.0,1506.7999999999997
2021-07-18,44041628.63997587,-1846288.8857734385,33978728.86685575,-1331013.6670741397,4879242.875965326,0.0,2378.5188999999996,0.0,1650.8999999999999
2021-07-19,36740129.03998553,-957551.4972793896,33960651.138725445,-180901.94302360277,-3061152.552441241,0.0,2435.36878,0.0,1081.1999999999998
2021-07-20,34443186.55998951,21480.256068167582,33942573.41059514,670822.5632230042,-4160028.040971719,0.0,2379.9457699999994,0.0,875.4000000000002
2021-07-21,35547721.66999461,1079259.2540874514,33924495.68246484,435494.4629265253,-4139350.9945780714,0.0,2279.224939999999,742.2239999999999,1073.5999999999997
2021-07-22,37527727.00999384,2201709.266386713,33906417.95433454,-648686.5726102348,-3675109.982702551,0.0,2426.7542499999995,1033.256,1073.4
2021-07-23,41466708.16999234,3372493.366578384,33888340.22620424,-1502281.096172602,4875185.10465262,0.0,2465.61694,835.2400000000001,1393.0000000000002
2021-07-24,40729800.11999321,4573350.624759443,33870262.498073936,-1170440.1778080312,5281213.590091024,0.0,2373.4089899999994,876.3719999999998,1544.8999999999999
2021-07-25,44895106.32999102,5784493.401366013,33852184.76994363,322091.2762989682,4879242.875989894,0.0,2418.7725800000003,1061.5639999999999,1652.9000000000003
2021-07-26,36942396.02999473,6985055.7337364815,33834107.04181333,2008126.5778443504,-3061152.5524521247,0.0,0.0,348.32,1203.0000000000002
2021-07-27,36503350.93999498,8153581.710361906,33816029.313683026,2847776.9577998314,-4160028.040987225,0.0,0.0,0.0,1082.5999999999997
2021-07-28,36398227.01999513,9268541.415276328,33797951.58555272,2602199.6404513936,-4139350.994586742,0.0,6.2,2.688,1065.7999999999997
2021-07-29,37724531.929994196,10308861.037172684,33779873.85742242,1911261.581313643,-3675109.9827103056,0.0,2217.90509,302.988,1148.2999999999997
2021-07-30,42673967.70999249,11254453.107588742,33761796.12929212,1556806.596246009,4875185.104633033,0.0,2225.2514399999995,237.71999999999997,1495.0
2021-07-31,43202953.119991645,12086732.582275366,33743718.40116182,1666199.845749684,5281213.590091278,0.0,1618.6909500000002,371.81200000000007,1872.5
2021-08-01,50705587.609988466,12789104.622485405,33725640.67303152,1635660.9810291776,4879242.875984093,0.0,2712.7917600000005,575.7640000000001,2452.7000000000003
2021-08-02,40988765.08999412,13347410.469392875,33707562.94490121,823319.3177627358,-3061152.552442665,0.0,3076.7851299999993,274.092,89.5
2021-08-03,43739639.939991474,13750318.726359516,33689485.21677091,-699783.3432735932,-4160028.040978515,0.0,2997.25078,144.95600000000002,131.8
2021-08-04,73445385.61985837,13989650.649002615,33671407.48864061,-2103965.148411472,-4139350.9945721193,0.0,3022.8305199999995,123.144,307.50000000000006
2021-08-05,76259829.26982495,14060629.661834143,33653329.7605103,-2522942.7930220715,-3675109.9827003023,0.0,3047.42792,98.728,804.1000000000001
2021-08-06,83763346.7897987,13962047.231570752,33635252.03238,-1845753.588019592,4875185.104638589,0.0,3038.2132400000005,169.848,1170.3000000000002
2021-08-07,86025455.11982624,13696339.381870473,33617174.3042497,-806909.746245847,5281213.590091533,0.0,2943.8037799999997,459.984,1638.1
2021-08-08,86306027.8398454,13269570.47571677,33599096.57611939,-286849.4522994653,4879242.875984512,0.0,2495.2905199999996,813.9040000000001,2224.0000000000005
2021-08-09,63904314.77993711,12691323.357227484,33581018.8479891,-504558.5215849163,-3061152.5524535486,0.0,3003.8990599999997,328.748,1243.7
2021-08-10,60754192.269959964,11974497.467852935,33562941.119858794,-884979.908609619,-4160028.040978377,0.0,2897.5032499999998,103.60000000000001,1263.0
2021-08-11,40559055.00998898,11135019.06344761,33544863.39172849,-716349.6212536104,-4139350.994580789,0.0,2478.90506,50.37199999999999,1066.3000000000002
2021-08-12,39133453.04998848,10191470.089458453,33526785.663598187,68132.40972608392,-3675109.9826991786,0.0,2766.08737,60.592,1085.3999999999999
2021-08-13,41382394.12998617,9164644.553042311,33508707.935467884,775035.8826161769,4875185.104644145,0.0,2684.7294599999996,142.912,1390.2999999999995
2021-08-14,43365029.74998492,8077043.2993413,33490630.207337588,633714.4265259211,5281213.590090752,0.0,2691.3368,218.03600000000003,1656.5999999999997
2021-08-15,51778781.26998261,6952319.894376049,33472552.47920728,-390753.270020462,4879242.875996641,0.0,2698.5921799999996,287.784,2066.6
2021-08-16,39973129.179989845,5814691.787582071,33454474.700326163,-1475119.39044719,-3061152.5524644325,0.0,2937.9067799999993,119.672,1011.6999999999999
2021-08-17,38629871.73999329,4688332.028102483,33436396.92144505,-1667454.2299412168,-4160028.040981775,0.0,2753.97289,48.664,949.8
2021-08-18,30905673.419997074,3596757.507211294,33418319.14256393,-791487.779122409,-4139350.994579602,0.0,2806.9823500000007,0.0,818.0999999999999
2021-08-19,28931031.68999628,2562229.970853312,33400241.363682818,350337.04409708985,-3675109.982698055,0.0,2777.7207799999996,0.0,827.4999999999998
2021-08-20,27857497.339995656,1605185.879654002,33382163.584801704,701340.1683046343,4875185.104645349,0.0,2616.2748699999997,0.0,1006.0999999999999
2021-08-21,29515902.65999605,743710.5890379796,33364085.80592059,-57500.70686688765,5281213.590091938,0.0,2757.71959,0.0,1067.0
2021-08-22,37862530.259993814,-6928.708565457926,33346008.027039472,-1180022.012974531,4879242.875997059,0.0,2581.3006599999994,0.0,1460.1999999999994
2021-08-23,27548348.369997237,-634678.2698852661,33327930.24815836,-1510823.6105891352,-3061152.5524549736,0.0,2527.0201599999996,0.0,859.2
2021-08-24,26749451.85999794,-1131010.1048574646,33309852.469277248,-523250.31326691614,-4160028.040985174,0.0,2310.3615599999994,0.0,794.8999999999999
2021-08-25,25224969.359998923,-1491142.207963721,33291774.69039613,1216940.9141467232,-4139350.994588272,0.0,1456.66331,0.0,660.1000000000001
2021-08-26,25002001.45999883,-1714160.012351338,33273696.91151501,2573356.354770343,-3675109.982714253,0.0,946.7,0.0,658.1999999999999
2021-08-27,25481057.89999803,-1803034.9516889595,33255619.132633906,2835286.0049382267,4875185.104646553,0.0,1104.3,0.0,768.2000000000002
2021-08-28,27600932.29999718,-1764538.7392058277,33237541.35375279,2255430.2166330884,5281213.590091157,0.0,873.5,0.0,935.9000000000003
2021-08-29,32323250.64999616,-1609054.759807111,33219463.574871674,1663115.7973632102,4879242.875991259,0.0,1288.7,0.0,1191.7
2021-08-30,24963343.609997388,-1350290.7446081887,33201385.79599056,1579667.9977283226,-3061152.5524658565,0.0,917.2000000000002,515.284,708.6
2021-08-31,26448071.55999619,-1004899.5822908204,33183308.017109443,1718475.3529647635,-4160028.040976464,0.0,1061.8000000000002,456.652,702.7999999999998
2021-09-01,31629712.92999844,-592017.6450240995,33165230.23822833,1344619.8750947677,-4139350.9945736495,0.0,1122.0,0.0,712.9
2021-09-02,32413204.21999785,-132732.29864721128,33147152.45934722,110694.27042044324,-3675109.982704249,0.0,1161.0,0.0,770.8000000000001
2021-09-03,34843127.40999685,350507.736138224,33129074.680466104,-1481266.2538860876,4875185.104656462,0.0,1031.0,0.0,995.6999999999999
2021-09-04,32539290.999997906,834523.8590823667,33110996.90158499,-2466937.7919376544,5281213.590091412,0.0,1110.0,0.0,967.0999999999998
2021-09-05,29145903.02999956,1296064.3417831066,33092919.12270388,-2289868.7068320285,4879242.875985459,0.0,1127.0,0.0,1113.4999999999998
2021-09-06,28924977.310000267,1712468.9815556689,33074841.34382276,-1308696.8518435457,-3061152.5524498946,9450597.620434765,1284.0,0.0,167.09999999999997
2021-09-07,28230751.400001876,2062323.9300555072,33056763.564941645,-446718.2878945047,-4160028.0409919713,0.0,898.0,0.0,44.60000000000001
2021-09-08,22725078.190000743,2326089.0868078526,33038685.78606053,-325661.3870782466,-4139350.994582321,0.0,1127.0,0.0,18.600000000000005
2021-09-09,22550544.930000104,2486681.03732651,33020608.007179413,-726559.306528369,-3675109.982712004,0.0,1136.0,0.0,19.4
2021-09-10,24011484.580000695,2529995.5636834754,33002530.2282983,-894515.3338753905,4875185.104657666,0.0,1191.0,0.0,43.599999999999994
2021-09-11,24412503.330001228,2445355.2370618824,32984452.449417185,-370487.25521475857,5281213.590090525,0.0,1162.1,0.0,70.19999999999999
2021-09-12,29155449.690000817,2225869.479422768,32966374.67053607,488874.9050388939,4879242.875979657,0.0,1280.0,0.0,0.0
2021-09-13,23347542.209999766,1868696.7070714775,32948296.891654957,836053.9494706579,-3061152.552460778,0.0,1036.0,0.0,0.0
2021-09-14,23954866.160001274,1375200.684816702,32930219.11277384,195206.01251105763,-4160028.040979724,0.0,1044.0,0.0,0.0
2021-09-15,26534345.279988885,750995.959696678,32912141.333892725,-994113.9154628856,-4139350.994579344,0.0,1029.0,243.85199999999995,0.0
2021-09-16,25826833.119989328,5880.135995519005,32894063.555011608,-1719389.3998024922,-3675109.9827020015,0.0,1047.0,1950.368,0.0
2021-09-17,28742177.639987208,-846346.2783134236,32875985.776130494,-1331013.6670735325,4875185.104638078,0.0,1167.0,1806.4479999999999,0.0
2021-09-18,29838230.029985957,-1788168.7579657678,32857907.99724938,-180901.94302412617,5281213.590091816,0.0,1188.0,1976.996,0.0
2021-09-19,37015399.199978784,-2798749.8004508945,32839830.218368266,670822.563222754,4879242.875980077,0.0,1340.0,2001.7199999999998,0.0
2021-09-20,27462582.659989893,-3854412.816068541,32821752.439487148,435494.4629268208,-3061152.5524513195,0.0,1075.0,1568.6159999999998,0.0
2021-09-21,26701426.139990844,-4929207.072065965,32803674.66060604,-648686.5726124216,-4160028.0409710137,0.0,1029.0,842.9400000000002,0.0
2021-09-22,25070756.669992782,-5995539.701812521,32785596.88172492,-1502281.0961716778,-4139350.994578157,0.0,1004.0,424.39599999999996,0.0
2021-09-23,25069815.399993114,-7024858.95511741,32767519.1028438,-1170440.1778060046,-3675109.982700877,0.0,1561.25,385.81199999999995,0.0
2021-09-24,27327006.989992075,-7988371.439198539,32749441.323962696,322091.2762981325,4875185.104643634,0.0,2098.8999999999996,494.06000000000006,0.0
2021-09-25,28061646.119990744,-8857775.120050658,32731363.54508158,2008126.577844001,5281213.590091035,0.0,2627.1775,624.1759999999999,0.0
2021-09-26,33792961.98998555,-9605989.34838339,32713285.766200464,2847776.957800248,4879242.875968058,0.0,2761.8124999999995,1091.804,1.6
2021-09-27,26876026.86999178,-10207863.157332318,32695207.987319358,2602199.640452201,-3061152.552462202,0.0,2360.4625,271.40400000000005,12.4
2021-09-28,27302254.10999066,-10640843.551893396,32677130.20843824,1911261.5813147165,-4160028.0409744126,0.0,2475.5749800000003,0.0,58.79999999999999
2021-09-29,24989040.789992448,-10885586.461440433,32659052.42955712,1556806.596245775,-4139350.9945751815,0.0,2657.99999,0.0,89.19999999999999
2021-09-30,25622548.56999216,-10926494.431819536,32640974.650676005,1666199.845752665,-3675109.9826908745,0.0,2702.8250000000003,0.0,161.20000000000007
2021-10-01,27687944.329989877,-10752166.956217565,32622896.87179489,1635660.9810296784,4875185.10464919,0.0,940.0,0.0,207.60000000000002
2021-10-02,28784470.029988993,-10355751.536686936,32604819.09291378,823319.3177613498,5281213.590090254,0.0,833.0,0.0,251.20000000000002
2021-10-03,34659502.379984066,-9735186.073212016,32586741.314032663,-699783.3432765462,4879242.875992624,0.0,879.0,0.0,252.79999999999995
2021-10-04,26138422.689992756,-8893325.92912684,32568663.53515155,-2103965.148411104,-3061152.552462915,0.0,793.0,0.0,224.0
2021-10-05,25066417.589994643,-7837951.948145011,32550585.756270435,-2522942.793022173,-4160028.040977811,0.0,864.0,0.0,208.79999999999998
2021-10-06,24105203.879995234,-6581658.722365911,32532507.97738932,-1845753.5880197887,-4139350.994583851,0.0,722.0,0.0,265.99999999999994
2021-10-07,25031196.519995145,-5141625.453439969,32514430.198508207,-806909.7462460784,-3675109.982698629,0.0,844.0,0.0,265.9999999999999
2021-10-08,26594793.669993885,-3539274.730429501,32496352.41962709,-286849.45229853725,4875185.104625249,0.0,735.0,0.0,231.19999999999996
2021-10-09,27930845.0799937,-1799827.3904695113,32478274.64074597,-504558.5215844799,5281213.590091545,0.0,725.0,0.0,226.4
2021-10-10,32009343.719991893,48235.742484397066,32460196.86186486,-884979.9086089532,4879242.875986824,0.0,871.0,0.0,226.80000000000004
2021-10-11,27326468.689994678,1973792.0975372288,32442119.082983743,-716349.6212541055,-3061152.552446953,-4270100.461368062,864.0,0.0,208.8
2021-10-12,27248028.139996335,3943760.4261302687,32424041.30410263,68132.40972922929,-4160028.04098121,0.0,778.0,0.0,199.20000000000002
2021-10-13,25324287.61999705,5923831.938911899,32405963.525221515,775035.8826156143,-4139350.994569229,0.0,760.0,0.0,204.79999999999998
2021-10-14,26073569.839997184,7879231.569856774,32387885.7463404,633714.4265261308,-3675109.982705949,0.0,872.5,0.0,232.40000000000003
2021-10-15,38359915.930000775,9775490.712341867,32369807.967459284,-390753.270019672,4875185.104635159,0.0,744.0,0.0,256.79999999999995
2021-10-16,39364166.780000724,11579212.536784874,32351730.18857817,-1475119.390447321,5281213.590090764,0.0,853.0,0.0,248.40000000000006
2021-10-17,48523795.269998014,13258811.248981643,32333652.409697056,-1667454.2299419069,4879242.875987243,0.0,802.0,0.0,231.99999999999997
2021-10-18,30177594.879995067,14785207.372986795,32315574.630815934,-791487.7791236482,-3061152.552447665,0.0,877.0,0.0,204.39999999999998
2021-10-19,28663907.649995785,16132462.321692768,32297496.85193483,350337.0440968441,-4160028.040968963,0.0,755.0,0.0,188.59
2021-10-20,27686831.91999632,17278337.11857016,32279419.073053718,701340.1683041024,-4139350.9945779,0.0,800.0,0.0,234.8
2021-10-21,28239331.69999579,18204762.111572426,32261341.2941726,-57500.70687057175,-3675109.982704824,0.0,775.0,0.0,227.49999999999994
2021-10-22,30654307.219995297,18898206.821246877,32243263.51529148,-1180022.0129770937,4875185.104636362,0.0,876.0,0.0,255.74999999999994
2021-10-23,35675366.989993185,19349941.62754161,32225185.73641037,-1510823.610590194,5281213.59009102,0.0,748.0,0.0,261.2
2021-10-24,45132561.60998734,19556185.75553398,32207107.95752925,-523250.3132658806,4879242.875975223,0.0,826.0,0.0,239.6
2021-10-25,39822504.76999019,19518138.896179523,32189030.17864814,1216940.9141457595,-3061152.552458549,0.0,805.0,0.0,229.09999999999994
2021-10-26,43303465.62998763,19241896.71847867,32170952.39976703,2573356.3547698087,-4160028.040984469,0.0,802.0,0.0,227.20000000000002
2021-10-27,46620874.30999135,18738253.418298192,32152874.62088591,2835286.00493892,-4139350.99458657,0.0,811.0,0.0,219.20000000000002
2021-10-28,53938094.95000643,18022397.23138533,32134796.842004795,2255430.216633821,-3675109.9827037007,0.0,877.0,0.0,218.79999999999995
2021-10-29,55067233.500000894,17113507.442731857,32116719.063123684,1663115.7973633774,4875185.104641918,0.0,738.0,0.0,271.6000000000001
2021-10-30,60702604.82002268,16034263.78555495,32098641.28424257,1579667.9977295012,5281213.590091169,0.0,817.0,0.0,262.4
2021-10-31,50729931.34998348,14810281.181521712,32080563.505361456,1718475.3529673533,4879242.875975641,0.0,803.0,0.0,253.2
2021-11-01,23144308.93999858,13469484.479428234,32062485.726480342,1344619.875095803,-3061152.552449089,0.0,918.0,0.0,22.400000000000002
2021-11-02,23811332.609998845,12041439.161688223,32044407.947599225,110694.27042474491,-4160028.04097576,0.0,848.0,594.6360000000001,24.400000000000002
2021-11-03,25006254.619998414,10556654.876926037,32026330.16871811,-1481266.25388547,-4139350.9945835946,0.0,873.0,1300.712,96.0
2021-11-04,24893755.10999866,9045879.104689015,32008252.389837,-2466937.7919371105,-3675109.982719899,0.0,856.0,1300.4879999999998,136.4
2021-11-05,26726308.44999847,7539398.258349249,31990174.61095588,-2289868.706832417,4875185.104643122,0.0,841.0,1299.452,209.20000000000007
2021-11-06,28062513.799997084,6066363.090364777,31972096.832074765,-1308696.851843951,5281213.590091424,0.0,861.0,1294.2440000000001,268.80000000000007
2021-11-07,35465523.67999519,4654154.39739854,31954019.05319365,-446718.28789364046,4879242.875976061,0.0,904.0,1187.144,250.30000000000004
2021-11-08,26925963.729998764,3327803.7597481958,31935941.274312537,-325661.38708051806,-3061152.5524599724,-3813767.984810476,797.0,1327.844,214.40000000000006
2021-11-09,25539896.929998666,2109482.428412907,31917863.49543142,-726559.3065312942,-4160028.040979159,0.0,833.0,1298.5840000000003,229.20000000000002
2021-11-10,24197138.589998964,1018069.5417188556,31899785.716550305,-894515.3338755516,-4139350.994582407,0.0,634.0,1346.324,285.20000000000005
2021-11-11,25618597.0899977,68808.66618900833,31881707.93766919,-370487.2552163534,-3675109.982709896,0.0,412.0,1351.6719999999998,276.84499999999997
2021-11-12,25908283.25999657,-726940.7248072422,31863630.158788078,488874.9050380928,4875185.104653032,0.0,405.0,1321.488,327.5999999999999
2021-11-13,28069240.06999495,-1361852.7316000203,31845552.37990696,836053.9494704595,5281213.590090643,0.0,459.0,1343.86,280.3999999999999
2021-11-14,35199812.249992594,-1832683.93636521,31827474.60102585,195206.01251162364,4879242.87598819,0.0,461.0,1365.5040000000001,273.2
2021-11-15,28372637.279996525,-2140222.771399613,31809396.82214473,-994113.9154620516,-3061152.5524440114,0.0,383.0,1359.7640000000001,234.39999999999992
2021-11-16,27862608.409995113,-2289142.86966128,31791319.04326361,-1719389.399802082,-4160028.040982559,0.0,516.0,1256.0520000000004,243.2
2021-11-17,31826810.36998842,-2287766.270634219,31773241.264382508,-1331013.6670748126,-4139350.9945794297,0.0,349.0,1358.8400000000001,228.40000000000006
2021-11-18,33079949.139987808,-2147744.5073919706,31755163.48550139,-180901.9430216527,-3675109.9827176505,0.0,401.0,1350.6640000000002,225.6
2021-11-19,36482542.63998281,-1883667.5023949563,31737085.70662027,670822.5632238266,4875185.104654235,0.0,370.0,1358.1119999999996,252.79999999999993
2021-11-20,38295018.01997934,-1512611.8046754969,31719007.92773916,435494.4629265128,5281213.590090898,0.0,55.0,713.664,227.55
2021-11-21,40526913.94997755,-1053640.972802117,31700930.148858044,-648686.5726119592,4879242.875988608,0.0,415.0,1367.7439999999997,200.8
2021-11-22,36962614.56998179,-527271.8195204615,31682852.36997693,-1502281.0961725437,-3061152.5524548944,5733913.027878247,425.0,1352.3719999999998,204.00000000000003
2021-11-23,38653244.33997859,45079.23180819166,31664774.59109582,-1170440.1778052808,-4160028.040985956,0.0,346.0,1302.056,168.39999999999998
2021-11-24,38053769.85998298,641655.2780779179,31646696.812214702,322091.27629732806,-4139350.994588101,0.0,371.0,1332.6319999999998,126.79999999999997
2021-11-25,10944109.239997052,1240909.3824620617,31628619.033333585,2008126.577843087,-3675109.982707648,0.0,254.0,377.10400000000004,23.200000000000003
2021-11-26,18202475.609996356,1822032.757194481,31610541.25445248,2847776.9578006645,4875185.104634647,0.0,398.0,677.2080000000001,92.4
2021-11-27,23035780.289996,2365448.0397230107,31592463.47557136,2602199.6404484985,5281213.590091152,0.0,427.0,1221.836,119.24500000000003
2021-11-28,33859090.119992405,2853256.262130453,31574385.696690246,1911261.5813134485,4879242.875982808,0.0,413.0,2077.628,136.3
2021-11-29,28170988.31999591,3269627.62528944,31556307.91780913,1556806.5962442812,-3061152.5524454354,0.0,382.0,1021.636,183.20000000000005
2021-11-30,28223411.95999579,3601127.921523645,31538230.13892801,1666199.8457520476,-4160028.040977247,0.0,410.0,316.876,163.20000000000002
2021-12-01,27298297.14999765,3836974.351398558,31520152.3600469,1635660.9810292907,-4139350.994575267,0.0,575.0,315.252,215.20000000000005
2021-12-02,26877627.28999723,3969216.4955903,31502074.581165787,823319.3177615845,-3675109.982697644,0.0,579.0,315.42,206.08500000000004
2021-12-03,27845985.409995943,3992840.2747056377,31483996.802284677,-699783.3432752915,4875185.104640204,0.0,497.0,317.71599999999995,245.6
2021-12-04,29992959.999994703,3905794.8006692007,31465919.023403555,-2103965.1484105717,5281213.590091406,0.0,596.0,315.72800000000007,244.79499999999993
2021-12-05,39080884.5599908,3708944.03674196,31447841.24452244,-2522942.7930236,4879242.875977007,0.0,634.0,319.56399999999996,297.59999999999997
2021-12-06,29223411.369996697,3405947.086036346,31429763.465641327,-1845753.5880238048,-3061152.552456319,0.0,535.0,314.4959999999999,29.600000000000005
2021-12-07,29365349.28999435,3003072.6716975467,31411685.68676021,-806909.7462440844,-4160028.040989216,0.0,568.0,311.388,26.400000000000006
2021-12-08,29908185.040000536,2508954.912269001,31393607.907879096,-286849.4522995179,-4139350.9945839383,0.0,523.0,311.864,14.880000000000003
2021-12-09,29569689.160000835,1934298.796606168,31375530.12899798,-504558.5215873255,-3675109.9826965206,0.0,507.0,314.2439999999999,15.285000000000002
2021-12-10,31496284.980001077,1291544.7951645004,31357452.350116868,-884979.9086087277,4875185.104645759,0.0,608.5,313.068,16.000000000000004
2021-12-11,33210635.630001068,594502.7875786908,31339374.57123575,-716349.6212534311,5281213.590090522,0.0,566.0,306.768,11.390000000000002
2021-12-12,39850606.18999819,-142034.07161214086,31321296.79235464,68132.40972931027,4879242.875995355,0.0,609.5,315.168,0.0
2021-12-13,32952918.800000582,-902684.7898495764,31303219.01347352,775035.8826150518,-3061152.552467202,0.0,644.0,313.88,0.0
2021-12-14,31176574.020000324,-1671874.6785628074,31285141.234592404,633714.4265263402,-4160028.040980506,0.0,567.0,314.048,0.0
2021-12-15,35793050.35998965,-2434218.049677016,31267063.455711298,-390753.2700150255,-4139350.994580962,0.0,596.0,312.144,0.0
2021-12-16,36209252.3699897,-3174880.0267085764,31248985.67683018,-1475119.390446628,-3675109.982695396,0.0,653.0,315.672,0.0
2021-12-17,34449814.55998894,-3879908.976434004,31230907.897949062,-1667454.2299413856,4875185.104646965,0.0,563.0,314.32800000000003,0.0
2021-12-18,33857259.519987874,-4536532.213617768,31212830.119067952,-791487.7791207402,5281213.590091812,0.0,610.0,311.6679999999999,0.0
2021-12-19,33920474.73999015,-5133408.939616094,31194752.34018684,350337.0440988987,4879242.875995774,0.0,741.0,322.392,0.0
2021-12-20,32014938.04999139,-5660835.802234971,31176674.56130572,701340.1683044878,-3061152.552457744,8456398.92253673,693.0,321.83200000000005,0.0
2021-12-21,33133864.43999068,-6110901.964972532,31158596.782424614,-57500.70686931741,-4160028.040983905,0.0,705.0,319.03200000000004,0.0
2021-12-22,35841405.86998581,-6477592.101926832,31140519.003543496,-1180022.0129767847,-4139350.994577986,0.0,1703.1732699999998,315.2800000000001,0.0
2021-12-23,42155320.58997314,-6756837.245627804,31122441.22466237,-1510823.610589439,-3675109.9827115946,0.0,5707.36623,313.62800000000004,0.0
2021-12-24,29074631.54998821,-6946514.864979095,31104363.44578127,-523250.3132699453,4875185.104656872,0.0,4725.86036,289.80000000000007,0.0
2021-12-25,199404.42000000324,-7046400.899280293,31086285.66690015,1216940.9141451002,5281213.590091031,0.0,1043.1363900000001,60.06,0.0
2021-12-26,18821599.55999777,-7058077.685770587,31068207.88801904,2573356.354770422,4879242.875989974,0.0,6853.832340000002,578.5640000000001,0.0
2021-12-27,19581630.51999754,-6984802.761294204,31050130.109137923,2835286.0049354774,-3061152.5524686268,-3307933.277236545,6367.5402,37.21199999999999,0.0
2021-12-28,20777008.219997074,-6831344.36903353,31032052.33025681,2255430.2166314744,-4160028.0409716577,0.0,636.9,0.0,0.0
2021-12-29,20338320.86999865,-6603790.139896025,31013974.55137569,1663115.7973621662,-4139350.9945750087,0.0,0.0,0.0,0.0
2021-12-30,24268382.95999837,-6309335.834490128,30995896.772494577,1579667.9977287631,-3675109.982701592,0.0,0.0,0.0,0.0
2021-12-31,30416471.23999448,-5956061.220845452,30977818.993613463,1718475.3529635996,4875185.104658077,0.0,0.0,2584.008,0.0
2022-01-01,16740278.340000361,-5552700.128648915,30959741.214732345,1344619.8750947628,5281213.590091285,0.0,16.0,2527.616,0.0
2022-01-02,26959432.909998845,-5108411.472173904,30941663.43585123,110694.2704252437,4879242.875984173,0.0,16.0,2581.2360000000003,0.0
2022-01-03,23562391.72000088,-4632557.587481589,30923585.65697012,-1481266.2538848529,-3061152.5524526644,0.0,0.0,2573.8719999999994,0.0
2022-01-04,24670501.1899997,-4134495.606862281,30905507.878089003,-2466937.791938005,-4160028.0409871647,0.0,0.0,2562.3920000000003,0.0
2022-01-05,26520599.689999428,-3623386.8211919353,30887430.09920789,-2289868.706830572,-4139350.99458368,0.0,0.0,2553.88,0.0
2022-01-06,24542000.079997987,-3108028.0897412864,30869352.32032677,-1308696.851841974,-3675109.982709347,0.0,0.0,2563.8479999999995,0.0
2022-01-07,26808874.64999879,-2596708.380394028,30851274.541445658,-446718.2878930688,4875185.10465928,0.0,1137.0,2559.284,0.0
2022-01-08,31091727.60000284,-2097092.49607238,30833196.76256454,-325661.38708001724,5281213.590091436,0.0,2050.0,2540.272,0.0
2022-01-09,35841766.6499983,-1616133.0016438498,30815118.983683422,-726559.3065274273,4879242.875978372,0.0,2110.0,2581.152,0.0
2022-01-10,28556741.72000074,-1160010.3442510057,30797041.204802312,-894515.3338743399,-3061152.5524533773,0.0,2029.0,2576.644,0.0
2022-01-11,27050497.439999748,-734100.1926441644,30778963.4259212,-370487.2552170908,-4160028.040978456,0.0,1735.0,2544.64,0.0
2022-01-12,25944731.209999442,-342966.13839794585,30760885.647040088,488874.9050372913,-4139350.9945807057,0.0,1867.0,3438.652,0.0
2022-01-13,26551077.589996487,9624.869530877442,30742807.868158974,836053.9494707178,-3675109.982699344,0.0,2180.0,3444.672,0.0
2022-01-14,30889070.369994637,320667.6224852651,30724730.089277856,195206.01250966795,4875185.104639691,0.0,2027.0,3439.1839999999993,0.0
2022-01-15,31399062.45999598,587868.0334675526,30706652.310396746,-994113.9154647182,5281213.590091691,0.0,1688.0,3372.3479999999995,0.0
2022-01-16,23943628.009998493,809580.8757940581,30688574.531515628,-1719389.3998022885,4879242.875978791,0.0,1709.0,3421.8519999999994,0.0
2022-01-17,22643692.839999128,984740.1059182748,30670496.75263451,-1331013.6670726968,-3061152.5524540897,2005995.5086884573,1693.0,3455.5919999999996,0.0
2022-01-18,23064018.39999815,1112785.9807960913,30652418.9737534,-180901.94302526064,-4160028.040969746,0.0,1685.0,3456.6,0.0
2022-01-19,25107792.529998228,1193593.0003882947,30634341.194872286,670822.5632235771,-4139350.9945795177,0.0,1787.0,3434.956,0.0
2022-01-20,23516230.409997992,1227402.3737528597,30616263.41599117,435494.4629274122,-3675109.982698219,0.0,1933.0,3447.7799999999997,0.0
2022-01-21,24789242.579998836,1214762.2391408954,30598185.63711005,-648686.5726105771,4875185.1046452485,0.0,1905.0,2443.028,0.0
2022-01-22,25958325.029998235,1156478.2855747987,30580107.858228944,-1502281.0961708385,5281213.59009091,0.0,1949.0,3374.8679999999995,0.0
2022-01-23,30511230.74999663,1053576.749778542,30562030.079347827,-1170440.1778053504,4879242.875966772,0.0,2262.0,3452.372,0.0
2022-01-24,23406039.38000038,907281.025531504,30543952.300466716,322091.2762983927,-3061152.5524482983,0.0,1900.0,3414.4040000000005,0.0
2022-01-25,24062272.189999253,719002.3515694875,30525874.5215856,2008126.5778427375,-4160028.0409852527,0.0,1619.0,3402.5319999999997,0.0
2022-01-26,26021634.739998467,490344.2688237362,30507796.74270448,2847776.957799139,-4139350.994576541,0.0,1759.5,3471.0480000000002,0.0
2022-01-27,27810376.339995336,223119.78813061345,30489718.963823367,2602199.640452905,-3675109.982697095,0.0,1878.0,3479.868,0.0
2022-01-28,31051845.92999378,-80620.48641629684,30471641.184942253,1911261.581313363,4875185.104650805,0.0,1942.0,3464.7200000000003,0.0
2022-01-29,33129118.759995475,-418551.6488943623,30453563.40606114,1556806.596244081,5281213.590090129,0.0,2064.0,1932.6719999999998,0.0
2022-01-30,37380424.479997255,-788032.0803201948,30435485.62718002,1666199.8457519547,4879242.875991339,0.0,2359.0,910.616,0.0
2022-01-31,31309475.319997545,-1186058.6067226392,30417407.848298907,1635660.981028014,-3061152.552449011,0.0,2114.0,905.5200000000001,0.0
2022-02-01,36775790.049996495,-1609222.74993023,30399330.069417797,823319.3177618191,-4160028.040976544,0.0,1721.0,1801.7719999999997,0.0
2022-02-02,32358424.519997273,-2053671.698418176,30381252.29053668,-699783.343275272,-4139350.9945852114,0.0,1443.0,2782.8919999999994,0.0
2022-02-03,26282757.86000149,-2515077.576976645,30363174.51165556,-2103965.148410994,-3675109.982695971,0.0,1572.0,2425.4719999999998,0.0
2022-02-04,29216352.730002895,-2988618.393857412,30345096.732774448,-2522942.793021765,4875185.104626863,0.0,1783.0,2789.052,0.0
2022-02-05,34487211.74000449,-3468973.6985735465,30327018.953893334,-1845753.588021546,5281213.590091419,0.0,2004.0,2968.6440000000002,0.0
2022-02-06,37898390.900005564,-3950337.503914566,30308941.175012216,-806909.7462443152,4879242.875985539,0.0,1975.0,2997.456,0.0
2022-02-07,30240201.830000956,-4426450.428411723,30290863.396131106,-286849.45229987137,-3061152.552449723,0.0,1722.0,2707.376,0.0
2022-02-08,29152571.23000052,-4890652.320628461,30272785.617249988,-504558.521586758,-4160028.040979941,0.0,1520.0,2251.984,0.0
2022-02-09,28661365.85000108,-5335955.858336524,30254707.83836887,-884979.9086071118,-4139350.9945705887,0.0,1353.0,2606.4360000000006,0.0
2022-02-10,29841481.059998628,-5755140.800845669,30236630.059487764,-716349.6212538946,-3675109.9827032895,0.0,1429.0,2630.096,0.0
2022-02-11,30913121.520002827,-6140867.739780185,30218552.28060665,68132.40972844807,4875185.1046367735,0.0,1453.0,2533.188,0.0
2022-02-12,36539870.19001082,-6485809.372285558,30200474.50172553,775035.8826119856,5281213.590090638,0.0,1383.0,2884.8119999999994,0.0
2022-02-13,34931594.84000838,-6782796.540442708,30182396.72284442,633714.4265258005,4879242.875979737,0.0,1398.0,2310.2799999999997,0.0
2022-02-14,19549618.140000105,-7024975.569955161,30164318.943963304,-390753.270018091,-3061152.5524504352,0.0,1294.0,1313.032,0.0
2022-02-15,21452761.0599984,-7205972.826426652,30146241.165082183,-1475119.3904493926,-4160028.0409798017,0.0,1416.0,1558.3679999999995,0.0
2022-02-16,21288825.849998225,-7320061.912301444,30128163.38620108,-1667454.229942276,-4139350.99457926,0.0,1378.0,3190.992,0.0
2022-02-17,21029091.469997942,-7362328.571624328,30110085.60731996,-791487.7791205143,-3675109.9827021663,0.0,1411.0,3460.0439999999994,0.0
2022-02-18,23816796.35999744,-7328828.168498755,30092007.82843884,350337.0440984251,4875185.104637977,0.0,1350.0,3321.92,0.0
2022-02-19,24509639.65999721,-7216730.569135719,30073930.04955773,701340.1683047382,5281213.590090892,0.0,1386.5,3494.4280000000003,0.0
2022-02-20,26161735.709996864,-7024447.391636402,30055852.27067662,-57500.70686886238,4879242.875973937,0.0,1462.0,3525.424,0.0
2022-02-21,25487006.029996373,-6751736.891931389,30037774.491795503,-1180022.0129736045,-3061152.552461318,1875035.779520034,1421.0,2897.9719999999998,0.0
2022-02-22,23692827.789996583,-6399782.222434794,30019696.71291439,-1510823.6105886088,-4160028.0409832015,0.0,1149.0,1753.3879999999997,0.0
2022-02-23,23524051.68999782,-5971239.420636165,30001618.934033275,-523250.3132674782,-4139350.9945879295,0.0,1329.0,2614.836,0.0
2022-02-24,22893669.739998166,-5470252.241519746,29983541.15515216,1216940.914147116,-3675109.9827010417,0.0,1262.0,2472.0920000000006,0.0
2022-02-25,25209642.969998308,-4902431.818950708,29965463.376271043,2573356.354770462,4875185.104643533,0.0,1259.0,2340.29486,0.0
2022-02-26,27654015.009997718,-4274800.102058614,29947385.59738993,2835286.004936172,5281213.590091043,0.0,1500.0,2695.90376,0.0
2022-02-27,32756380.86999525,-3595697.034418868,29929307.81850881,2255430.216632207,4879242.875998504,0.0,1710.0,2741.1412800000003,0.0
2022-02-28,25763597.98999816,-2874652.4958349583,29911230.039627697,1663115.7973623078,-3061152.55245186,0.0,1391.0,1530.8729199999998,21.900000000000002
2022-03-01,26461694.629999097,-2122225.0764187467,29893152.260746583,1579667.997728541,-4160028.040974492,0.0,1195.0,1059.98332,37.9
2022-03-02,28324278.459997404,-1349810.767724373,29875074.48186547,1718475.3529637596,-4139350.994573308,0.0,1398.0,1267.03758,280.3
2022-03-03,29931186.47999485,-569425.6038973415,29856996.70298435,1344619.8750956254,-3675109.982717241,0.0,1437.0,2536.93073,720.2000000000002
2022-03-04,32570019.29999573,206532.8631441147,29838918.92410324,110694.27042355807,4875185.10464909,0.0,1345.0,2447.86831,1059.7499999999998
2022-03-05,33850351.799995385,965539.6446833556,29820841.145222124,-1481266.2538874906,5281213.590091297,0.0,1474.0,1831.3643500000003,1409.2999999999997
2022-03-06,39783307.62999206,1695205.7660042106,29802763.36634101,-2466937.791937967,4879242.875998924,0.0,1479.0,1613.08,2064.0999999999995
2022-03-07,31416822.889993653,2383544.493656112,29784685.5874599,-2289868.706830905,-3061152.5524627427,0.0,1447.0,1502.368,1219.0999999999997
2022-03-08,30658575.48999455,3019233.523126516,29766607.808578774,-1308696.8518414325,-4160028.04097789,0.0,1446.0,1070.0199999999998,1115.0
2022-03-09,30333216.12999442,3591866.28253258,29748530.029697664,-446718.28789462056,-4139350.994583768,0.0,1480.0,1181.1519999999998,1173.0999999999997
2022-03-10,30644350.139994178,4092185.6769506624,29730452.250816558,-325661.3870795164,-3675109.9827072383,0.0,1209.0,806.624,1201.35
2022-03-11,33515252.899992824,4512293.963043819,29712374.47193544,-726559.3065267947,4875185.104654647,0.0,1263.0,1017.6319999999998,1381.35
2022-03-12,31552886.70999613,4845832.99572335,29694296.69305432,-894515.3338744533,5281213.590090517,0.0,1360.0,1443.7359999999999,1332.2999999999997
2022-03-13,35347934.67999193,5088129.814064449,29676218.91417321,-370487.2552178285,4879242.875986904,0.0,1344.0,1441.7760000000003,1736.4999999999998
2022-03-14,28548137.819995124,5236303.413292752,29658141.13529209,488874.9050399428,-3061152.5524467803,0.0,1355.0,1168.8880000000001,1032.3
2022-03-15,27498524.479996577,5289329.55870675,29640063.35641098,836053.9494714245,-4160028.040981288,0.0,1115.0,1521.072,1005.1999999999999
2022-03-16,24719802.699998997,5248061.6080220295,29621985.57752987,195206.0125102341,-4139350.994580791,0.0,873.0,1033.0040000000001,843.65
2022-03-17,23481757.759997893,5115206.48866817,29603907.79864876,-994113.9154645252,-3675109.982714993,0.0,1017.0,1391.4879999999998,937.2
2022-03-18,26018917.839996886,4895256.192341734,29585830.01976764,-1719389.3998017262,4875185.104655851,0.0,1344.0,1610.9799999999996,975.7500000000001
2022-03-19,27952013.1299967,4594376.364868105,29567752.240886524,-1331013.667073844,5281213.590091808,0.0,1431.0,1811.656,1314.05
2022-03-20,35608347.819989905,4220254.749798665,29549674.46200541,-180901.94302632625,4879242.875987322,0.0,1408.0,1837.696,1636.6000000000004
2022-03-21,26965807.599994935,3781913.353919032,29531596.683124293,670822.5632233266,-3061152.552447493,0.0,1311.0,1788.36,1038.9
2022-03-22,24803918.86999537,3289489.2092877203,29513518.90424318,435494.4629277078,-4160028.040984687,0.0,1394.0,1316.42,886.6999999999999
2022-03-23,23730785.629996106,2753989.479088931,29495441.125362065,-648686.5726146027,-4139350.9945894624,0.0,1339.0,376.46,765.0
2022-03-24,24375505.259996798,2187027.3674319577,29477363.34648095,-1502281.096172239,-3675109.9827049896,0.0,1455.0,0.0,601.6
2022-03-25,25785892.89999612,1600545.8243029015,29459285.567599837,-1170440.1778064992,4875185.104636261,0.0,1395.0,0.0,984.8
2022-03-26,26858075.40999578,1006536.3699226131,29441207.78871872,322091.27629755705,5281213.590090923,0.0,1481.0,0.0,1039.7
2022-03-27,33401110.809988737,416760.4871915655,29423130.009837605,2008126.5778423883,4879242.875981523,0.0,1459.0,0.0,1413.1000000000001
2022-03-28,26153742.729996685,-157519.05768017776,29405052.230956487,2847776.957798651,-3061152.552448205,0.0,1477.0,0.0,907.1999999999999
2022-03-29,23892516.969997022,-705789.9059505549,29386974.452075373,2602199.6404546225,-4160028.040975977,0.0,1224.0,0.0,830.5999999999997
2022-03-30,22060746.42999706,-1218518.2504462944,29368896.67319426,1911261.5813131628,-4139350.994576628,0.0,1141.0,0.0,807.5999999999999
2022-03-31,24446116.03999689,-1687347.5657788822,29350818.894313145,1556806.5962438807,-3675109.982694986,0.0,1106.0,0.0,923.9
2022-04-01,28295474.1699975,-2105262.916579536,29332741.115432028,1666199.845751337,4875185.104641818,0.0,1573.0,0.0,1167.6
2022-04-02,29422071.84999576,-2466716.8379654703,29314663.336550917,1635660.9810304367,5281213.590091177,0.0,2705.0,0.0,1293.1499999999994
2022-04-03,35716648.99998909,-2767713.898578172,29296585.5576698,823319.317762978,4879242.8759757215,0.0,3055.0,0.0,2056.1
2022-04-04,27741497.96999646,-3005852.253179692,29278507.77878869,-699783.3432776077,-3061152.5524590886,0.0,2528.0,0.0,92.10000000000001
2022-04-05,26489370.499995228,-3180321.7338657747,29260429.999907568,-2103965.1484104614,-4160028.0409879466,0.0,2589.0,0.0,30.0
2022-04-06,26036590.549994875,-3291859.2792911846,29242352.22102645,-2522942.7930218666,-4139350.994585298,0.0,2548.0,0.0,43.29999999999999
2022-04-07,27353799.55999446,-3342663.722704788,29224274.442145344,-1845753.58802199,-3675109.982702741,0.0,2277.0,0.0,67.60000000000001
2022-04-08,27736684.52999531,-3336273.11593109,29206196.66326423,-806909.7462445459,4875185.104647375,0.0,2435.0,0.0,63.0
2022-04-09,29999366.5999936,-3277408.822807732,29188118.88438312,-286849.4522995712,5281213.590091432,0.0,2404.0,0.0,52.39999999999999
2022-04-10,34835317.94998873,-3171791.5408925903,29170041.10550201,-504558.52158632217,4879242.8759940695,0.0,2679.0,0.0,0.0
2022-04-11,28636943.37999394,-3025935.176688583,29151963.326620884,-884979.9086092532,-3061152.552469972,0.0,2420.0,3314.192,0.0
2022-04-12,27116092.65999525,-2846925.0844632527,29133885.54773977,-716349.6212535097,-4160028.040979238,0.0,2184.0,1893.6119999999996,0.0
2022-04-13,26330316.759995114,-2642187.564677941,29115807.768858653,68132.40973109218,-4139350.9945823215,0.0,2026.0,1497.5239999999997,0.0
2022-04-14,26901217.049995106,-2419257.693916773,29097729.989977542,775035.8826139265,-3675109.9826927385,0.0,2072.0,1501.2759999999998,0.0
2022-04-15,30562696.279992264,-2185552.518823496,29079652.21109643,633714.4265258303,4875185.104648579,0.0,2179.0,1498.504,0.0
2022-04-16,32763271.87999269,-1948156.3940208072,29061574.432215314,-390753.2700173006,5281213.590091687,0.0,2112.0,1497.692,0.0
2022-04-17,21297964.73999734,-1713624.7860516347,29043496.6533342,-1475119.3904485155,4879242.875994489,0.0,2017.0,1487.1080000000002,0.0
2022-04-18,25437176.629996583,-1487812.2167574058,29025418.874453086,-1667454.2299422168,-3061152.552460513,0.0,2462.0,1505.4480000000003,0.0
2022-04-19,24249976.359997246,-1275729.200383911,29007341.09557197,-791487.7791251366,-4160028.0409826366,0.0,2153.0,1502.592,0.0
2022-04-20,23194876.949997514,-1081432.0645812987,28989263.31669085,350337.044097724,-4139350.994579346,0.0,2326.0,1494.4720000000002,0.0
2022-04-21,24809432.879997034,-907948.4664760384,28971185.53780974,701340.1683045569,-3675109.982708937,0.0,3031.0,1499.792,0.0
2022-04-22,26355503.939996216,-757240.2545205449,28953107.758928623,-57500.70687192934,4875185.104633343,0.0,2992.0,1489.46,0.0
2022-04-23,26966071.909995973,-630204.1210616719,28935029.98004751,-1180022.01297564,5281213.590090905,0.0,3258.0,1473.8360000000002,0.0
2022-04-24,33783192.61999085,-526709.2771101975,28916952.201166395,-1510823.6105889147,4879242.875982468,0.0,3876.0,1516.9840000000002,0.0
2022-04-25,27634732.609995157,-445670.1971763682,28898874.42228528,-523250.3132682772,-3061152.5524713965,0.0,3424.0,1516.8999999999999,0.0
2022-04-26,26195563.359997008,-385151.36559191166,28880796.643404163,1216940.9141464566,-4160028.040982498,0.0,4972.0,1503.2640000000001,0.0
2022-04-27,25207701.319997773,-342499.9409290745,28862718.86452305,2573356.354769729,-4139350.99457637,0.0,4748.0,1495.536,0.0
2022-04-28,26098020.799997676,-314501.3741106967,28844641.08564193,2835286.0049400497,-3675109.982698933,0.0,4875.0,1498.2799999999995,0.0
2022-04-29,27962185.219997656,-297552.29596914747,28826563.306760818,2255430.2166318893,4875185.104634548,0.0,5955.0,1497.72,0.0
2022-04-30,28755770.419997875,-287844.4543329069,28808485.527879704,1663115.7973627837,5281213.59009116,0.0,6783.0,1498.1960000000001,0.0
2022-05-01,36754566.849993736,-281553.1460681889,28790407.74899859,1579667.997731154,4879242.875982887,0.0,3017.0,1521.7999999999997,0.0
2022-05-02,29687167.509997897,-275023.4666277592,28772329.97011748,1718475.3529656073,-3061152.5524554346,0.0,2700.0,1509.8440000000003,14.2
2022-05-03,29565750.5199979,-264947.7930388225,28754252.19123637,1344619.8750957097,-4160028.040985896,0.0,2748.9999999999995,1683.388,131.3
2022-05-04,34156348.23999892,-248528.22290736588,28736174.412355244,110694.27042324757,-4139350.9945850414,0.0,2083.1,1455.5240000000001,343.3
2022-05-05,34583082.50999887,-223618.2030669883,28718096.63347413,-1481266.2538873844,-3675109.982706688,0.0,1957.6,1456.3080000000002,800.9999999999999
2022-05-06,37308662.52999965,-188838.28106587008,28700018.85459302,-2466937.791937991,4875185.104635751,0.0,2105.8999999999996,1458.1280000000002,977.1999999999997
2022-05-07,40615365.13000434,-143661.7790067889,28681941.075711902,-2289868.7068348336,5281213.59009131,0.0,1980.5999999999997,1453.0599999999997,1214.1000000000001
2022-05-08,35711909.14999794,-88467.19550692136,28663863.29683079,-1308696.8518418374,4879242.875977087,0.0,2125.5,1447.2640000000001,1209.1999999999998
2022-05-09,38545134.92999623,-24555.256073851077,28645785.51794968,-446718.2878945907,-3061152.5524561466,0.0,2091.8,0.5600000000000002,978.5000000000001
2022-05-10,35238752.47999721,45870.28029915361,28627707.73906856,-325661.3870817877,-4160028.040977187,0.0,2034.19999,0.0,901.45
2022-05-11,34620442.06000093,119757.72716368247,28609629.960187446,-726559.3065283907,-4139350.9945704183,0.0,2093.79999,0.0,884.4
2022-05-12,35332841.10000235,193296.93855069595,28591552.181306336,-894515.3338752906,-3675109.9826966855,0.0,2122.8,0.0,953.15
2022-05-13,38192419.64000001,262040.4106764513,28573474.402425226,-370487.2552149746,4875185.104645659,0.0,2148.8999999999996,0.0,1060.2
2022-05-14,38504415.310002066,321052.1926414128,28555396.623544104,488874.9050365452,5281213.590091565,0.0,2236.7,0.0,1190.0999999999997
2022-05-15,45231297.83999773,365079.8007753097,28537318.84466299,836053.9494712265,4879242.875977506,0.0,2159.0999899999997,0.0,1440.75
2022-05-16,35811893.67999698,388743.4992518872,28519241.06578188,195206.0125133216,-3061152.5524568595,0.0,2122.8999999999996,0.0,900.525
2022-05-17,31110476.749996547,386736.6541051388,28501163.28690076,-994113.9154638348,-4160028.040968477,0.0,2069.4,238.13999999999996,666.7
2022-05-18,25568910.31999993,354030.41104104894,28483085.508019645,-1719389.3998013162,-4139350.9945808775,0.0,1910.7999999999995,235.87200000000004,708.8
2022-05-19,26106376.729999144,286075.7063354918,28465007.72913853,-1331013.667073237,-3675109.9826955614,0.0,1975.3999899999994,233.82799999999997,646.2250000000001
2022-05-20,26704969.479998767,178995.6039820404,28446929.950257417,-180901.943023354,4875185.104646863,0.0,1866.09999,237.32799999999997,782.1500000000001
2022-05-21,26423303.50999922,29761.164412289407,28428852.1713763,670822.5632243347,5281213.590090784,0.0,2005.1,234.332,909.9
2022-05-22,32602817.67999625,-163655.51435246723,28410774.392495185,435494.4629263632,4879242.875965486,0.0,2022.7999900000002,239.008,1102.425
2022-05-23,26975670.60999844,-402156.7941128204,28392696.61361407,-648686.5726093288,-3061152.552451068,0.0,1916.7,966.1400000000001,700.3500000000001
2022-05-24,24411725.47999896,-685428.401684054,28374618.834732957,-1502281.0961722096,-4160028.040983983,0.0,2004.7999799999998,959.5039999999997,583.1999999999999
2022-05-25,24109952.80999932,-1011885.5993883118,28356541.05585184,-1170440.1778071085,-4139350.9945779024,0.0,1866.2,958.4120000000001,513.75
2022-05-26,25219562.659999568,-1378659.3274667845,28338463.27697073,322091.2762967376,-3675109.98271176,0.0,1869.2999999999997,961.492,550.8000000000001
2022-05-27,28300265.44999878,-1781623.7693752968,28320385.49808961,2008126.5778420395,4875185.10465242,0.0,1872.1999999999998,967.4559999999999,713.45
2022-05-28,24979707.000000272,-2215465.469026507,28302307.719208494,2847776.957799068,5281213.590092074,0.0,2050.1999699999997,955.052,683.1999999999999
2022-05-29,22033242.070000473,-2673792.7820044267,28284229.94032738,2602199.640454718,4879242.875990053,0.0,1978.19999,966.7280000000001,538.8000000000001
2022-05-30,21984439.059999894,-3149283.11270208,28266152.161446262,1911261.5813113155,-3061152.5524416096,-504060.9996888695,2009.0,962.6399999999999,586.0000000000001
2022-05-31,23622168.69999949,-3633864.1185102207,28248074.38256516,1556806.596245431,-4160028.0409752745,0.0,2019.7,976.668,532.7000000000002
2022-06-01,26214541.419998534,-4118923.891662767,28229996.60368404,1666199.8457501952,-4139350.994586572,0.0,3222.0999800000004,960.8480000000001,509.20000000000016
2022-06-02,27471844.299998697,-4595544.097118943,28211918.82480292,1635660.981030049,-3675109.982710636,0.0,3522.89996,954.576,546.925
2022-06-03,30318887.929998763,-5054749.185831613,28193841.04592181,823319.3177622886,4875185.10462848,0.0,3669.5999799999995,959.7840000000001,792.5999999999999
2022-06-04,29622558.56999904,-5487764.146172499,28175763.267040696,-699783.3432778772,5281213.590091294,0.0,3554.4999799999996,945.7840000000001,906.8
