ds,SALES,yearly,trend,monthly,weekly,holidays,KPM_COST_EMOD,PLA_AD_SPEND_PLA,TOA_AD_SPEND_TOA,REDEMPTION_COST_LOYAL_CUSTOMER_MAILER,REDEMPTION_COST_MY_MAGAZINE,TRADE_COST_TRADE_TPR_DISPLAY,TRADE_COST_TRADE_TPR_FEATURE,TRADE_COST_TRADE_TPR_FEATURE_DISPLAY,TRADE_COST_TRADE_TPRONLY
2021-06-05,0.0,-14830277.63161249,194435391.88581392,-8601778.494310046,36253865.72218861,0.0,685.4288277411673,0.0,0.0,0.0,0.0,0.0,0.0,0.0,0.0
2021-06-06,211697585.31985876,-16159965.159133356,194441641.96198595,-5974336.32731148,24965511.66553968,0.0,727.4653486929254,5627.01372,0.0,0.0,0.0,0.0,0.0,0.0,0.0
2021-06-07,181414620.99988672,-17405395.272638097,194447892.03815797,-6905126.629284788,-19733346.41693836,0.0,678.4227409158743,5574.975546,0.0,0.0,0.0,0.0,0.0,0.0,0.0
2021-06-08,168135875.63989308,-18535810.808821376,194454142.11433,-9217711.21123803,-25645170.266777307,0.0,580.3375253617719,5602.588395999998,0.0,0.0,0.0,112.0,1273.51,1142.6100000000001,309.62
2021-06-09,173094643.35988557,-19521708.72861119,194460392.190502,-9506292.292394027,-23077974.78346753,0.0,0.0,5963.091651,0.0,0.0,0.0,2194.85,32573.61,27383.95,7012.34
2021-06-10,182472654.07989007,-20335670.47699838,194466642.266674,-6703237.000103202,-19345711.80632535,0.0,0.0,6004.804234,0.0,0.0,0.0,2333.71,33147.09,27572.4,7220.26
2021-06-11,190896744.43984506,-20953164.53739573,194472892.342846,-2817214.173165358,26582825.885867607,0.0,0.0,5975.080486,0.0,0.0,0.0,2536.8399999999997,36102.05,29820.31,8022.48
2021-06-12,192644546.7998504,-21353296.93735172,194479142.419018,-296276.31624463166,36253865.72219571,0.0,0.0,5965.022351999999,0.0,0.0,0.0,2739.57,36462.649999999994,29206.13,7833.1900000000005
2021-06-13,212251151.23987496,-21519486.32713489,194485392.49519,967846.4964515216,24965511.66550445,0.0,0.0,5958.328974,0.0,0.0,0.0,3072.9,39021.920000000006,32210.699999999993,9214.68
2021-06-14,182109961.27990508,-21440041.852367144,194491642.571362,3635938.668814514,-19733346.416946232,0.0,0.0,5961.060278,0.0,0.0,0.0,2430.39,35197.33,27576.52,7501.47
2021-06-15,181712829.5199289,-21108624.34130317,194497892.647534,9767115.853579575,-25645170.266789105,0.0,0.0,5855.85898,0.0,0.0,0.0,3044.04,33636.36,25828.66,8139.3
2021-06-16,187409514.47988075,-20524574.271283034,194504142.72370607,17819122.403362986,-23077974.783501845,0.0,0.0,5826.915321999999,0.0,0.0,0.0,22160.12,23547.320000000003,13671.16,27274.72
2021-06-17,199329828.79987183,-19693093.489948645,194510392.7998781,23205919.388736103,-19345711.80637657,0.0,0.0,5937.6867250000005,0.0,0.0,0.0,22949.579999999994,24984.589999999997,15181.63,28768.71
2021-06-18,221615855.31984714,-18625271.6496876,194516642.87605008,22306604.939478222,26582825.88574333,0.0,0.0,5991.590139999999,0.0,0.0,0.0,25891.43,28915.889999999992,16780.839999999997,32874.26
2021-06-19,244454303.11995545,-17337952.656256955,194522892.95222208,16151884.599181538,36253865.72219076,0.0,0.0,5916.975639,0.0,0.0,0.0,28970.439999999995,30820.21,17835.23,36216.42
2021-06-20,220078973.3598814,-15853441.01080783,194529143.02839407,9956646.744783817,24965511.665496044,0.0,0.0,5985.310425000001,0.0,0.0,0.0,24513.35,25502.309999999994,15273.29,30952.379999999997
2021-06-21,181426767.31989318,-14199052.603189232,194535393.10456613,8515534.41308801,-19733346.4169541,0.0,0.0,10283.715224,0.0,0.0,0.0,20525.01,23461.28,12860.130000000001,26391.84
2021-06-22,170025922.3199096,-12406519.156373372,194541643.1807381,11612116.705797585,-25645170.26674844,0.0,0.0,10050.591139999999,0.0,0.0,0.0,16290.93,23916.55,11572.929999999998,23780.23
2021-06-23,176414826.11986533,-10511259.984109432,194547893.25691012,13914057.003972072,-23077974.783442717,0.0,0.0,10023.126520999998,0.0,0.0,0.0,5155.239999999999,16921.149999999998,16546.07,4642.709999999999
2021-06-24,185662557.99986264,-8551538.871526554,194554143.3330821,9795060.592894318,-19345711.80636717,0.0,0.0,10341.73053,0.0,0.0,0.0,6293.09,18829.829999999998,18930.26,5988.16
2021-06-25,209131655.7198136,-6567527.589619275,194560393.40925413,-1170662.238515477,26582825.88577535,0.0,0.0,9953.324714,0.0,0.0,0.0,7906.25,20005.39,20730.0,7555.02
2021-06-26,208537736.07981262,-4600300.69145389,194566643.48542616,-13166710.060216656,36253865.72219184,0.0,0.0,10231.968617999999,0.0,0.0,0.0,6606.700000000001,19078.200000000004,19163.899999999998,6370.570000000001
2021-06-27,217443622.31978622,-2690788.706972752,194572893.56159812,-18739665.12400185,24965511.66543399,0.0,0.0,10386.454038000002,998.844,134.0,0.0,6389.79,17023.75,17794.83,6132.44
2021-06-28,187639969.08984634,-878718.5684665758,194579143.63777012,-15074971.345619831,-19733346.41690789,8284072.286384556,0.0,10352.102663000001,991.396,207.5,0.0,5490.110000000001,16328.199999999999,16952.780000000002,5778.75
2021-06-29,184108715.98984694,798429.0024553649,194585393.7139422,-6366398.802208154,-25645170.26680965,0.0,0.0,10317.885455999998,986.048,570.0,0.0,5799.179999999999,18551.979999999996,17877.49,5990.880000000001
2021-06-30,195524082.5798266,2306415.375517677,194591643.80762327,-194231.30565794144,-23077974.783477023,0.0,0.0,12864.780956999999,985.2919999999999,1817.25,0.0,2060.7299999999996,23770.689999999995,24434.989999999998,4222.359999999999
2021-07-01,216413156.6498084,3615164.221289864,194597893.9013044,-1196824.0762588177,-19345711.806357764,0.0,0.0,18777.939716,989.548,2689.75,0.0,2231.63,25080.019999999997,26241.68,4500.910000000001
2021-07-02,247321608.92973337,4699578.806562778,194604143.99498543,-7625787.887607956,26582825.88580736,0.0,0.0,20730.926861999997,985.0680000000002,4032.0,0.0,2787.4600000000005,27838.079999999994,28370.33,4822.52
2021-07-03,239533618.56976083,5540231.654440609,194610394.08866656,-13576400.4119166,36253865.7221885,0.0,0.0,15197.074666,974.2040000000002,3925.25,0.0,2330.38,23865.510000000002,24017.589999999997,4294.419999999999
2021-07-04,182284004.12986222,6123905.135501368,194616644.1823476,-14497795.842745127,24965511.665425584,0.0,0.0,11642.326484,967.652,2384.0,0.0,1767.3899999999999,15650.61,16045.909999999998,3146.79
2021-07-05,170341555.00989005,6443965.523911318,194622894.2760287,-10847935.413036833,-19733346.416915763,-535348.1238662436,0.0,16142.828055999998,9.884,3178.25,0.0,1233.7,14705.34,14624.220000000001,2586.08
2021-07-06,170968243.55989075,6500557.593868686,194629144.3697098,-6853395.936775027,-25645170.266772043,0.0,0.0,7371.111268000001,0.0,2760.5,0.0,1064.78,15502.600000000004,13627.15,2882.2299999999996
2021-07-07,184188855.02995202,6300611.822648377,194635394.4633909,-6055591.315354814,-23077974.783464607,0.0,0.0,3687.3819219999996,0.0,2866.0,0.0,879.9400000000002,33471.8,27161.589999999997,5430.91
2021-07-08,194934122.99984846,5857661.565511336,194641644.55707195,-8121193.114510877,-19345711.806348357,0.0,0.0,3715.514355999999,0.0,2600.25,0.0,1049.44,36383.14,29673.3,5607.95
2021-07-09,206155376.76983652,5191473.025740374,194647894.65075305,-9764992.254215734,26582825.88582341,0.0,0.0,3565.274464,0.0,3388.5,0.0,1234.3500000000001,39694.439999999995,32115.1,5884.49
2021-07-10,218064585.23983258,4327496.300022195,194654144.74443412,-8418697.008218547,36253865.72219562,0.0,0.0,3714.882418,0.0,3590.75,0.0,1380.5100000000002,40962.07000000001,32986.94,6496.100000000001
2021-07-11,232757138.94023433,3296151.0770061286,194660394.8381152,-4709343.077737473,24965511.665417176,0.0,0.0,3744.3411459999993,0.0,4081.75,0.0,1703.15,40829.869999999995,34884.3,7220.53
2021-07-12,195796274.4399914,2131965.54644562,194666644.93179628,-1313354.059173977,-19733346.416923635,0.0,0.0,3698.449546,0.0,2635.25,0.0,1094.47,36694.11,29248.0,5759.740000000001
2021-07-13,194315107.50984183,872591.5879907436,194672895.02547735,359268.6818433219,-25645170.26678385,0.0,0.0,3718.659695,0.0,2468.0,0.0,1273.91,37184.909999999996,29429.06,5555.829999999999
2021-07-14,189592397.1398379,-442276.7863021358,194679145.11915848,1937071.870548443,-23077974.78346198,0.0,0.0,3634.642732999999,0.0,2423.5,0.0,3178.58,33561.03,30745.7,6195.739999999999
2021-07-15,202452329.9398365,-1772051.5858938526,194685395.2128396,6265092.783898621,-19345711.80639958,0.0,0.0,3680.127741,0.0,2344.25,0.0,3363.96,35648.0,33064.08,6685.47
2021-07-16,216622941.45984674,-3076433.099322621,194691645.30652064,13805014.178883923,26582825.88587137,0.0,0.0,3671.5939980000003,0.0,2704.0,0.0,3714.27,38934.96000000001,35091.84,7068.330000000001
2021-07-17,226489635.9898342,-4316592.331112519,194697895.4002017,21151257.35923534,36253865.72219066,0.0,0.0,3551.965722,0.0,3007.0,0.0,3598.2799999999993,40622.8,36081.2,7173.829999999999
2021-07-18,239910743.77991685,-5456319.229530859,194704145.4938828,23606848.837260224,24965511.66535512,0.0,0.0,3696.0885229999994,0.0,3343.5,0.0,4206.629999999999,38815.04,36569.18,8321.279999999999
2021-07-19,205370690.17000312,-6463102.845369748,194710395.58756387,19617521.21607672,-19733346.41683513,0.0,0.0,3577.253269,0.0,2624.5,0.0,3393.9100000000003,34535.810000000005,31436.09,7139.6799999999985
2021-07-20,196220349.37985745,-7309111.081884305,194716645.68124497,12682575.727163916,-25645170.266746245,0.0,0.0,3655.688564,0.0,2307.75,0.0,3035.6699999999996,34436.869999999995,29423.77,7006.0
2021-07-21,187951579.77985308,-7972040.176954607,194722895.77492607,8507778.595771624,-23077974.78344957,0.0,0.0,3554.0036159999995,0.0,2264.5,0.0,8653.619999999999,26951.83,24702.71,8373.590000000002
2021-07-22,197405759.289908,-8435807.440041102,194729145.8686072,9748998.28822683,-19345711.806355394,0.0,0.0,3690.5294720000006,0.0,2304.25,0.0,9023.069999999998,28958.3,26701.64,8708.5
2021-07-23,218045219.7799359,-8691064.963793099,194735395.96228823,13282812.227269666,26582825.88588743,0.0,0.0,3736.1083430000003,0.0,2761.75,0.0,10054.339999999998,32840.72,29890.610000000008,9710.180000000004
2021-07-24,225095683.5099659,-8735516.930975748,194741646.0559693,12848682.313628428,36253865.72219174,0.0,0.0,3599.644659,0.0,2928.75,0.0,10592.93,33429.36,29283.170000000006,10201.3
2021-07-25,240059325.29019997,-8574028.609915841,194747896.1496504,4919303.489440877,24965511.665507115,0.0,0.0,3554.887212,0.0,2937.5,0.0,11506.029999999999,33105.57000000001,30071.88,11134.43
2021-07-26,199574686.1999085,-8218521.023930921,194754146.2433315,-7547638.640584421,-19733346.4168853,0.0,0.0,68.369505,0.0,2300.5,0.0,9223.14,28747.209999999992,26207.100000000006,9274.59
2021-07-27,190879547.7698416,-7687651.428299463,194760396.33701256,-17098621.68386568,-25645170.266807456,0.0,0.0,0.0,0.0,2241.5,0.0,10071.66,26907.47,23952.97,12038.619999999999
2021-07-28,184507183.90984285,-7006285.956731967,194766646.4306937,-17948129.97950933,-23077974.78348388,0.0,0.0,0.0,0.0,2136.75,0.0,31864.630000000005,1974.94,707.78,33313.28999999999
2021-07-29,190409213.80983546,-6204776.929605867,194772896.52437475,-10881807.00066031,-19345711.806380764,0.0,0.0,3448.4224279999994,0.0,2288.75,0.0,32461.339999999997,2126.35,698.5899999999999,34066.44
2021-07-30,212294011.4899038,-5318063.170789758,194779146.61805585,-2537723.384682236,26582825.88576315,0.0,0.0,3389.6332639999996,0.0,2929.5,0.0,36551.21,2357.4399999999996,854.4399999999998,38788.84
2021-07-31,226953102.1500494,-4384617.085066627,194785396.7117369,242795.76293909168,36253865.72219282,0.0,0.0,3332.963707,0.0,3717.0,0.0,38509.07,2710.72,923.7399999999999,41666.85
2021-08-01,249521599.3300076,-3445267.044148777,194791646.805418,-4065375.023124386,24965511.665471885,0.0,0.0,5899.212933999999,0.0,4240.25,0.0,41413.62,3688.8999999999996,1289.92,42824.56
2021-08-02,201075698.30983523,-2541927.668930942,194797896.89909908,-11041050.075978538,-19733346.416850865,0.0,0.0,6118.431241999999,0.0,223.25,0.0,33830.170000000006,2958.35,997.82,35099.77
2021-08-03,190041332.80982745,-1716273.7545210442,194804146.99278012,-14764884.196104046,-25645170.26676986,0.0,0.0,5979.835408999999,0.0,675.0,0.0,30230.969999999998,2688.1200000000003,937.37,32893.439999999995
2021-08-04,244160847.17986846,-1008395.7598425968,194810397.08646125,-13021717.43999535,-23077974.78342475,0.0,0.0,5870.214219,0.0,2019.5,0.0,17735.57,27477.979999999996,41505.86,12426.880000000001
2021-08-05,250342887.9198687,-455475.9012330622,194816647.18014237,-8601778.494302414,-19345711.806336574,0.0,0.0,5889.777776999999,0.0,6296.875,0.0,18284.88,24748.2,44752.9,12353.240000000002
2021-08-06,270423850.2500573,-90523.90435288548,194822897.27382344,-5974336.327320371,26582825.88579516,0.0,0.0,5945.656869,0.0,9828.75,0.0,19456.63,25673.800000000003,50618.8,13116.05
2021-08-07,273918159.7798402,58789.63406559239,194829147.36750448,-6905126.629283095,36253865.722193904,0.0,0.0,5742.545642000001,0.0,11826.5,0.0,20777.960000000003,19810.2,43297.0,14099.35
2021-08-08,278577332.6798068,-28833.47473137909,194835397.4611856,-9217711.21123404,24965511.66546348,0.0,0.0,4655.708519,0.0,13692.875,0.0,21811.08,13158.800000000001,33959.2,15233.029999999999
2021-08-09,217270963.06985044,-367451.5891121119,194841647.55486667,-9506292.292395003,-19733346.41690104,0.0,0.0,5899.216242,0.0,9609.75,0.0,18081.21,8939.199999999999,21502.8,11941.590000000004
2021-08-10,200901052.79985777,-963209.9458334702,194847897.64854777,-6703237.000105564,-25645170.266778592,0.0,0.0,5948.056715000001,0.0,9701.25,0.0,16991.149999999998,8507.0,17034.15,12077.16
2021-08-11,166303668.62988007,-1813884.689691178,194854147.74222884,-2817214.173167571,-23077974.78345905,0.0,0.0,5998.732196999999,0.0,9249.125,0.0,13528.619999999999,0.0,0.0,10957.13
2021-08-12,168414659.5498755,-2908661.6012741444,194860397.83590996,-296276.3162366445,-19345711.80632717,0.0,0.0,6000.419599,0.0,9151.25,0.0,13304.2,0.0,0.0,11086.52
2021-08-13,181346937.83985627,-4228160.514929484,194866647.929591,967846.4964361445,26582825.88582717,0.0,0.0,6043.489318999999,0.0,10829.75,0.0,14025.949999999997,0.0,0.0,12086.550000000003
2021-08-14,199220400.7798503,-5744709.636798956,194872898.02327207,3635938.668802992,36253865.72218895,0.0,0.0,5945.199148,0.0,11369.75,0.0,15470.949999999999,0.0,0.0,12951.529999999999
2021-08-15,232462544.20985255,-7422866.979029482,194879148.1169532,9767115.85358448,24965511.665561832,0.0,0.0,6051.679824999999,0.0,12950.25,0.0,17339.01,0.0,0.0,16271.680000000004
2021-08-16,184409344.07989702,-9220179.117279822,194885398.20782533,17819122.403359167,-19733346.41695121,0.0,0.0,5914.939898,0.0,8632.25,0.0,12902.549999999997,0.0,0.0,11678.71
2021-08-17,181617528.83986807,-11088160.65061944,194891648.29869747,23205919.388734367,-25645170.2667904,0.0,0.0,5910.602998000001,0.0,7375.5,0.0,8963.460000000001,0.0,0.0,10011.210000000001
2021-08-18,201497594.82984042,-12973471.291200409,194897898.3895696,22306604.9394803,-23077974.78345643,0.0,0.0,5850.068250000001,0.0,8337.375,0.0,666.35,874.99,291.5,2222.1699999999996
2021-08-19,207239559.49983785,-14819261.619769074,194904148.48044175,16151884.599204278,-19345711.806317765,0.0,0.0,6692.785576,0.0,9228.625,0.0,784.23,1262.49,327.0,2965.22
2021-08-20,222793952.3498719,-16566653.385161728,194910398.57131392,9956646.74478574,26582825.885843225,0.0,0.0,6691.235282000001,0.0,10823.0,0.0,849.2900000000002,1420.51,321.5,3065.8199999999997
2021-08-21,244645573.1698187,-18156315.95228229,194916648.6621861,8515534.413087334,36253865.72219768,0.0,0.0,6531.788258000001,0.0,11407.75,0.0,822.0399999999998,1460.0900000000001,348.5,3464.3800000000006
2021-08-22,278456294.3799498,-19530097.243736077,194922898.75305825,11612116.7057955,24965511.66555342,0.0,0.0,6515.521505999999,0.0,12362.125,0.0,1218.0500000000002,1577.19,395.0,4571.8
2021-08-23,207960880.5798278,-20632665.37633908,194929148.8439304,13914057.003985638,-19733346.416916776,0.0,0.0,6475.955217000001,0.0,8801.125,0.0,624.52,1271.31,280.5,2704.0599999999995
2021-08-24,192857265.22984487,-21413116.23634206,194935398.93480253,9795060.59289207,-25645170.266802203,0.0,0.0,6476.476030000002,0.0,8222.25,0.0,577.9200000000001,1363.6200000000001,278.99,2454.3099999999995
2021-08-25,188144830.72986412,-21826502.505491067,194941649.02567467,-1170662.2385296624,-23077974.783490736,0.0,0.0,6474.310398,0.0,6939.75,0.0,654.3200000000002,633.6199999999999,70.7,1897.9
2021-08-26,194625859.04987958,-21835241.14793641,194947899.1165468,-13166710.060212735,-19345711.806403767,0.0,0.0,6487.395983,0.0,6349.375,0.0,683.97,889.56,95.99,1976.42
2021-08-27,214509535.01984614,-21410359.06637508,194954149.20741895,-18739665.12400048,26582825.885859277,0.0,0.0,6432.151277,0.0,8452.25,0.0,746.95,952.4499999999998,115.14000000000001,2147.2000000000003
2021-08-28,236085700.55984747,-20532540.47093644,194960399.29829112,-15074971.345646476,36253865.72219272,0.0,0.0,5308.530784,0.0,9046.875,0.0,639.6,962.36,87.94,2193.07
2021-08-29,268536002.2002335,-19192944.38084671,194966649.3891633,-6366398.802211421,24965511.66551819,0.0,0.0,7541.760163,0.0,9102.375,0.0,802.29,1243.89,148.1,2759.26
2021-08-30,200201879.86985257,-17393766.470742196,194972899.48003545,-194231.3056590265,-19733346.416966952,0.0,0.0,5556.980837999999,515.284,6933.2,0.0,560.65,1064.47,82.10000000000002,2081.84
2021-08-31,187967541.38986665,-15148526.030397097,194979149.5709076,-1196824.0762557434,-25645170.266764592,0.0,0.0,4860.646303999999,456.65200000000004,7492.0,0.0,636.45,1533.38,295.11,2054.63
2021-09-01,181755876.32987237,-12482065.952506252,194985399.6617797,-7625787.887604775,-23077974.78343161,0.0,0.0,6906.039107000002,0.0,8946.45,0.0,3080.2300000000005,35673.5,22182.390000000003,7242.05
2021-09-02,188297268.7698823,-9430261.208154531,194991649.75265187,-13576400.411915286,-19345711.80635958,0.0,0.0,6854.826149,0.0,11998.224999999999,0.0,3268.5,36621.119999999995,22454.91,7518.9800000000005
2021-09-03,214896385.84984943,-6039439.008917445,194997899.843524,-14497795.842731252,26582825.88590724,0.0,0.0,6783.665257999999,0.0,17407.050000000003,0.0,3814.8,43057.090000000004,26047.2,8465.070000000002
2021-09-04,216824025.29985404,-2365521.577066259,195004149.93439612,-10847935.413040098,36253865.72219381,0.0,0.0,6709.214584,0.0,17815.175,0.0,3951.209999999999,42639.560000000005,26035.71,8637.76
2021-09-05,213929739.0398469,1527090.0591096175,195010400.02526832,-6853395.936775594,24965511.66548296,0.0,0.0,6915.279478,0.0,18142.225000000002,0.0,3562.41,41292.09,25290.86,8278.77
2021-09-06,215544131.59984982,5566865.767308512,195016650.11614048,-6055591.315337042,-19733346.416878443,36709220.54246158,0.0,6869.867286000001,0.0,9185.525000000001,0.0,3758.7799999999993,38984.11,24279.559999999998,8500.14
2021-09-07,172781099.0898918,9676697.602049831,195022900.2070126,-8121193.114509617,-25645170.266825814,0.0,0.0,6864.164540000001,0.0,8168.124999999999,0.0,2587.0799999999995,32174.559999999998,18662.82,6327.97
2021-09-08,148954974.11990565,13775615.154009538,195029150.2978848,-9764992.254216911,-23077974.783465907,0.0,0.0,6752.933365000001,0.0,6705.724999999999,0.0,103.61,0.0,0.0,725.3100000000001
2021-09-09,151084394.5499173,17780622.77359099,195035400.3887569,-8418697.008220844,-19345711.80638496,0.0,0.0,6868.500644,0.0,6579.499999999999,0.0,128.07,0.0,0.0,826.68
2021-09-10,159624665.87991145,21608612.9287131,195041650.47962907,-4709343.077740434,26582825.88592329,0.0,0.0,6774.342931,0.0,8579.925,0.0,131.01,0.0,0.0,843.34
2021-09-11,175496091.119895,25178307.603999984,195047900.5705012,-1313354.0591741982,36253865.72219048,0.0,0.0,6840.834202,0.0,8724.0,0.0,171.95000000000002,0.0,0.0,1153.4499999999998
2021-09-12,214492390.24987808,28412178.5661604,195054150.66137332,359268.6818292887,24965511.665447727,0.0,0.0,6860.926964000001,0.0,9128.474999999999,0.0,181.87,0.0,0.0,1084.07
2021-09-13,177538319.5398856,31238297.545232583,195060400.75224552,1937071.8705478064,-19733346.41692862,0.0,0.0,6861.3969050000005,0.0,6940.9749999999985,0.0,149.39,0.0,0.0,800.79
2021-09-14,165074403.97994217,33592068.911855206,195066650.84311765,6265092.783898595,-25645170.26678514,0.0,0.0,6774.030324000001,0.0,5564.3,0.0,172.99,0.0,0.0,1033.69
2021-09-15,173079368.14996102,35417800.23101958,195072900.9339898,13805014.178880315,-23077974.78345349,0.0,0.0,6792.881886,243.85199999999998,5946.124999999999,0.0,2075.6800000000003,130.6,154.6,3319.71
2021-09-16,175392083.3699334,36670070.07079765,195079151.024862,21151257.359231222,-19345711.806340773,0.0,0.0,6892.889304,1950.3680000000002,6108.7,0.0,2143.0899999999997,142.8,146.5,3628.479999999999
2021-09-17,184521789.03989887,37314857.53639288,195085401.1157341,23606848.837262116,26582825.88579902,0.0,0.0,6831.966017000001,1806.4480000000003,7393.224999999999,0.0,2178.29,169.4,174.0,3746.2399999999993
2021-09-18,198207959.75988752,37330404.05053901,195091651.20660624,19617521.216073528,36253865.72219758,0.0,0.0,6664.651538,1976.9959999999999,7390.65,0.0,2416.21,155.5,188.8,4154.289999999999
2021-09-19,236685121.119844,36707784.74957817,195097901.2974784,12682575.727167858,24965511.66543932,0.0,0.0,6783.9183920000005,2001.72,7427.549999999998,0.0,2920.25,236.2,267.1,5016.2300000000005
2021-09-20,178210054.0298815,35451174.32697956,195104151.38835052,8507778.595772583,-19733346.416894183,0.0,0.0,6688.234807999998,1568.616,6250.349999999999,0.0,1551.98,191.2,160.4,3524.2299999999996
2021-09-21,169817568.03989524,33577800.032409,195110401.47922269,9748998.288238456,-25645170.26674753,0.0,0.0,6913.730086,842.94,5713.224999999999,0.0,1403.05,170.6,145.70000000000002,3154.9600000000005
2021-09-22,186417966.02988318,31117582.6121259,195116651.57009485,13282812.22726808,-23077974.783450875,0.0,0.0,6744.756859,424.396,4765.799999999999,0.0,1872.3300000000004,233.42000000000002,180.7,4784.69
2021-09-23,195815881.26990905,28112474.03838902,195122901.660967,12848682.31363563,-19345711.806331363,0.0,0.0,6776.230956,385.81199999999995,5284.7,0.0,1995.07,229.07,162.3,4992.599999999999
2021-09-24,213666562.0598073,24615508.703418966,195129151.75183916,4919303.489445837,26582825.885831032,0.0,0.0,6734.9262180000005,494.06,4920.275,0.0,2016.6100000000004,260.03000000000003,183.0,5628.2300000000005
2021-09-25,229165581.4098142,20689592.13688639,195135401.8427113,-7547638.640579598,36253865.72219262,0.0,0.0,6656.167152,624.1759999999999,4912.025,0.0,2251.98,254.7,193.2,6257.66
2021-09-26,260021717.6698853,16406058.045681112,195141651.93358344,-17098621.683863476,24965511.665377267,0.0,0.0,6740.252157000001,1091.804,5041.724999999999,0.0,2836.1,306.53999999999996,212.1,7288.399999999999
2021-09-27,199279928.9998294,11843030.3888948,195147902.0244556,-17948129.97951122,-19733346.41694436,0.0,0.0,6517.746084,271.404,4908.099999999999,0.0,1915.8400000000001,232.0,165.10000000000002,4933.31
2021-09-28,186354360.4198531,7083632.132927612,195154152.11532772,-10881807.000662208,-25645170.266759336,0.0,0.0,6557.234562,0.0,6085.599999999999,0.0,1671.9300000000005,223.5,137.70000000000002,4861.639999999999
2021-09-29,175641067.54986152,2214086.1469605053,195160402.20619988,-2537723.384685585,-23077974.783438463,0.0,0.0,6313.5031260000005,0.0,6122.624999999999,0.0,1690.64,619.4,173.48000000000002,4214.089999999999
2021-09-30,185213761.6398488,-2678243.699675593,195166652.29707205,242795.7629297158,-19345711.806287173,0.0,0.0,6437.784929999999,0.0,7886.949999999999,0.0,1746.0699999999997,700.68,172.0,4301.44
2021-10-01,204099753.16982934,-7506821.859899479,195172902.3879442,-4065375.023120104,26582825.88586304,0.0,0.0,3038.42,0.0,10592.0,0.0,2015.4099999999999,716.4,206.0,4862.700000000001
2021-10-02,221778074.20000187,-12187871.469736416,195179152.47881636,-11041050.075984968,36253865.72218768,0.0,0.0,2974.93,0.0,12186.625,0.0,2239.9400000000005,782.54,181.20000000000002,5627.789999999999
2021-10-03,256084101.98002014,-16642217.675049163,195185402.5696885,-14764884.196095323,24965511.66552925,0.0,0.0,3142.96,0.0,15328.3,0.0,2789.8199999999997,818.4,183.56,6371.14
2021-10-04,192047373.05989975,-20796998.430887066,195191652.66056064,-13021717.440000402,-19733346.416952223,0.0,0.0,3102.709999999999,0.0,7647.625,0.0,1905.66,681.8,162.4,4831.8499999999985
2021-10-05,175961691.8898657,-24587201.055159424,195197902.7514328,-8601778.494304582,-25645170.266771145,0.0,0.0,3067.1199999999994,0.0,7077.15,0.0,1728.89,617.04,112.0,4311.969999999999
2021-10-06,148276788.37990847,-27956987.68270066,195204152.84230492,-5974336.327311423,-23077974.783472765,0.0,0.0,3022.07,0.0,9024.0,0.0,1525.23,155.4,149.6,2980.48
2021-10-07,149043110.21990064,-30860778.58063989,195210402.93317708,-6905126.629279875,-19345711.80631255,0.0,0.0,3023.48,0.0,8189.25,0.0,1547.98,238.7,144.8,3120.4000000000005
2021-10-08,159331459.48987523,-33264068.890918925,195216653.0240492,-9217711.211223746,26582825.885722816,0.0,0.0,3020.4900000000002,0.0,9395.25,0.0,1638.9700000000003,231.0,154.4,3180.84
2021-10-09,168870761.78986326,-35143961.57493267,195222903.1149214,-9506292.292397534,36253865.72219479,0.0,0.0,3054.2799999999997,0.0,9205.45,0.0,1837.4399999999998,254.4,191.2,3380.3599999999997
2021-10-10,192222461.2898757,-36489406.9507214,195229153.20579356,-6703237.00010922,24965511.665494032,0.0,0.0,3090.4714,0.0,9868.5,0.0,2070.2500000000005,222.8,188.8,3913.9100000000003
2021-10-11,159229760.219882,-37301147.02405708,195235403.29666567,-2817214.1731601027,-19733346.41686372,14785163.527371809,0.0,3107.55,0.0,8109.0,0.0,1733.9499999999998,189.0,172.8,3345.35
2021-10-12,144458920.16990098,-37591370.60706681,195241653.38753784,-296276.3162346559,-25645170.266782943,0.0,0.0,3074.615,0.0,7114.5,0.0,1631.1400000000003,199.20000000000002,159.2,3371.2300000000005
2021-10-13,146067779.89990783,-37383092.7793968,195247903.47841,967846.4964377276,-23077974.78341364,0.0,0.0,3052.1475000000005,0.0,6515.25,0.0,1900.1499999999999,355.2,130.4,3292.0900000000006
2021-10-14,144835819.49991092,-36709279.37173158,195254153.5692821,3635938.668803148,-19345711.806363773,0.0,0.0,3005.7599999999998,0.0,7216.5,0.0,1871.3799999999997,326.4,132.0,3300.5099999999998
2021-10-15,161185620.20989165,-35611743.64799263,195260403.66015428,9767115.853581836,26582825.88577077,0.0,0.0,2908.1249999999995,0.0,8160.0,0.0,2045.3700000000001,485.0,168.0,3807.2200000000007
2021-10-16,174588978.6298795,-34139848.057538025,195266653.7510264,17819122.40335494,36253865.72218984,0.0,0.0,2940.7099999999996,0.0,8274.75,0.0,2324.89,460.8,170.4,3937.4700000000003
2021-10-17,204071483.96986952,-32349048.671649024,195272903.84189856,23205919.3887202,24965511.665485624,0.0,0.0,3023.244998,0.0,9562.5,0.0,2717.85,398.77,199.2,4720.099999999999
2021-10-18,156850436.21989495,-30299323.587166853,195279153.93277076,22306604.93947361,-19733346.41687159,0.0,0.0,2989.78,0.0,6349.5,0.0,1991.3200000000002,268.8,138.4,3472.97
2021-10-19,148862212.46990806,-28053529.08212933,195285404.02364287,16151884.599210167,-25645170.26674228,0.0,0.0,2876.9275000000002,0.0,6987.0,0.0,1858.48,267.2,114.4,3101.25
2021-10-20,165709456.3298824,-25675728.58449233,195291654.11451504,9956646.744775329,-23077974.78344794,0.0,0.0,2920.63,0.0,8619.0,0.0,1754.15,94.8,186.8,4322.26
2021-10-21,174890105.239876,-23229539.541917924,195297904.2053872,8515534.413090995,-19345711.806354366,0.0,0.0,2986.6524999999997,0.0,7981.5,0.0,1792.2399999999998,108.0,166.8,4349.07
2021-10-22,187899602.26989248,-20776542.067617837,195304154.2962593,11612116.70581035,26582825.88578683,0.0,0.0,2940.4250000000006,0.0,9613.5,0.0,1889.6800000000003,126.6,183.2,4985.76
2021-10-23,203123244.57985154,-18374790.83141395,195310404.38713148,13914057.003981637,36253865.72219093,0.0,0.0,2945.3275,0.0,9843.0,0.0,2117.2599999999993,132.6,225.2,5243.75
2021-10-24,235573383.76988107,-16077468.143042952,195316654.4780036,9795060.59288152,24965511.66542357,0.0,0.0,2935.2949989999997,0.0,10072.5,0.0,2631.5899999999997,135.0,240.0,5860.76
2021-10-25,188864928.78986332,-13931711.647397889,195322904.56887576,-1170662.23852405,-19733346.41692176,0.0,0.0,2941.4199999999996,0.0,7458.75,0.0,1885.09,131.5,176.0,4739.01
2021-10-26,182676962.71992868,-11977644.653513985,195329154.65974796,-13166710.06019453,-25645170.266803484,0.0,0.0,2926.1300000000006,0.0,8083.5,0.0,1772.9900000000002,82.1,189.6,4410.06
2021-10-27,174082266.7898676,-10247631.012552822,195335404.75062007,-18739665.12400037,-23077974.783482254,0.0,0.0,2955.58,0.0,6489.75,0.0,418.32,0.8,0.0,2234.96
2021-10-28,182864930.10985947,-8765769.821864434,195341654.8414922,-15074971.34564976,-19345711.80634496,0.0,0.0,2976.32,0.0,7917.75,0.0,531.53,12.8,20.8,2711.06
2021-10-29,194973301.28998256,-7547638.255840049,195347904.9323644,-6366398.802199575,26582825.88581884,0.0,0.0,2907.920000000001,0.0,8874.0,0.0,615.99,25.6,16.0,3153.0899999999997
2021-10-30,216762304.68005666,-6600283.709482208,195354155.0232365,-194231.30565435608,36253865.72219361,0.0,0.0,2882.03,0.0,9753.75,0.0,723.47,30.4,25.6,3643.2900000000004
2021-10-31,204922264.41984057,-5922459.389819519,195360405.11410865,-1196824.0762699237,24965511.66541516,0.0,0.0,2798.0099999999998,0.0,9785.25,0.0,551.7100000000002,24.8,17.6,3102.52
2021-11-01,149156427.58989862,-5505090.702881681,195366655.2049808,-7625787.887616088,-19733346.416887324,0.0,0.0,3246.8399999999992,0.0,506.75,0.0,429.33000000000004,15.2,15.2,2494.4
2021-11-02,143462451.1498972,-5331953.449252029,195372905.29585296,-13576400.41191437,-25645170.26676588,0.0,0.0,3215.41,594.6360000000001,997.125,0.0,343.91999999999996,10.4,16.0,1960.1299999999999
2021-11-03,133230089.3299191,-5380539.13496756,195379155.38672507,-14497795.842734188,-23077974.78346984,0.0,0.0,3240.88,1300.7120000000002,2154.5,0.0,65.16,0.0,0.0,624.47
2021-11-04,137872723.6399048,-5623077.78221659,195385405.47759727,-10847935.413059575,-19345711.80643096,0.0,0.0,3202.12,1300.4880000000003,7209.375,0.0,70.77,0.0,0.0,757.15
2021-11-05,152460466.21990263,-6027684.618217182,195391655.5684694,-6853395.936770076,26582825.88583489,0.0,0.0,3185.3299999999995,1299.452,10052.375,0.0,82.67,0.0,0.0,732.11
2021-11-06,169065829.48988408,-6559594.035622607,195397905.6593416,-6055591.315334504,36253865.72219469,0.0,0.0,3187.0799999999995,1294.244,12859.375,0.0,99.94,0.0,0.0,944.41
2021-11-07,202914540.83985484,-7182442.327884868,195404155.7502137,-8121193.114504769,24965511.665406752,0.0,0.0,3081.96125,1187.144,12324.75,0.0,109.05999999999999,0.0,0.0,868.8199999999999
2021-11-08,154680796.2598958,-7859559.951314439,195410405.84108585,-9764992.254217133,-19733346.416937504,-6191559.409798782,0.0,3185.7300000000005,1327.8439999999998,9185.375,0.0,76.47,0.0,0.0,647.1899999999999
2021-11-09,148407411.35989374,-8555234.460823117,195416655.931958,-8418697.008207316,-25645170.26677769,0.0,0.0,3260.4200000000005,1298.584,9575.485,0.0,71.63999999999999,0.0,0.0,697.51
2021-11-10,166613524.45000798,-9235906.784782516,195422906.02283016,-4709343.077726331,-23077974.78346721,0.0,0.0,3215.72,1346.3239999999998,11472.305,0.0,7768.259999999999,1277.92,812.42,21808.929999999997
2021-11-11,179648679.7300022,-9871266.090559768,195429156.11370227,-1313354.0591708154,-19345711.806386776,0.0,0.0,3182.948748999999,1351.6720000000003,11196.375,0.0,8403.78,1291.15,855.77,23037.86
2021-11-12,185828611.97001,-10435212.058491116,195435406.20457447,359268.681830519,26582825.88588285,0.0,0.0,3207.11,1321.4879999999996,14525.5,0.0,9039.14,1546.93,980.0,24808.37
2021-11-13,205331253.94999856,-10906657.815837083,195441656.2954466,1937071.870549005,36253865.72218974,0.0,0.0,3214.09,1343.8600000000004,14630.125,0.0,10045.689999999999,1583.19,1027.04,27373.28
2021-11-14,231779405.7099794,-11270151.943456609,195447906.3863187,6265092.78389734,24965511.665505104,0.0,0.0,3213.5154230000003,1365.504,15268.805,0.0,11395.94,1758.61,1172.57,29287.51
2021-11-15,187628166.91999,-11516303.700272616,195454156.4771909,13805014.178876713,-19733346.416848995,0.0,0.0,3175.902677,1359.7640000000004,11949.79,3.75,9154.38,1347.01,896.21,24160.65
2021-11-16,173739114.25999475,-11642001.738568377,195460406.56806305,21151257.359228063,-25645170.26678949,0.0,0.0,3219.6287959999995,1256.0520000000001,10252.155,22.5,8193.48,1303.4,970.63,23053.079999999994
2021-11-17,174262479.9699841,-11650422.925118124,195466656.6589352,23606848.83725482,-23077974.78345481,0.0,0.0,3199.911175999999,1358.8400000000001,11345.875,83.75,9975.41,0.0,0.0,24388.610000000004
2021-11-18,180988347.96999276,-11550834.24868626,195472906.74980736,19617521.21606121,-19345711.80641215,0.0,0.0,3166.88,1350.664,12056.0,185.0,10448.689999999999,0.0,0.0,25344.530000000002
2021-11-19,209760517.48996973,-11358196.998369548,195479156.84067947,12682575.72715231,26582825.885898907,0.0,0.0,3198.032097999999,1358.1119999999999,13275.46,298.31666666666666,12331.740000000002,0.0,0.0,29784.84999999999
2021-11-20,229011566.33995703,-11092588.25579696,195485406.9315516,8507778.59577381,36253865.72219082,0.0,0.0,986.2300000000002,713.664,11953.75,348.75,13781.400000000001,0.0,0.0,32211.250000000004
2021-11-21,244819299.6899413,-10778460.090364914,195491657.0224238,9748998.288235871,24965511.665496696,0.0,0.0,3213.093493,1367.744,11126.305,468.75,14952.22,0.0,0.0,34014.520000000004
2021-11-22,226263628.959939,-10443761.524888942,195497907.1132959,13282812.22726314,-19733346.416899163,66135281.93612064,0.0,3139.384049,1352.372,11089.154999999999,424.375,13951.140000000001,0.0,0.0,32714.32
2021-11-23,235727865.88994682,-10118952.218021031,195504157.20416805,12848682.313624147,-25645170.2668013,0.0,0.0,4150.46,1302.0560000000003,10390.0,416.25,14578.85,0.0,0.0,34806.469999999994
2021-11-24,257002630.3999548,-9835939.782278117,195510407.29504025,4919303.489448051,-23077974.78348911,0.0,0.0,3570.8394719999997,1332.632,8811.5,380.625,13997.300000000001,0.0,0.0,40138.689999999995
2021-11-25,91464699.73999457,-9626974.639820743,195516657.3859124,-7547638.640574409,-19345711.806367964,0.0,0.0,1539.093404,377.104,2379.875,53.75,4516.2300000000005,0.0,0.0,12112.48
2021-11-26,119245563.95000479,-9523537.264726125,195522907.47678456,-17098621.683861267,26582825.885774635,0.0,0.0,4347.4422190000005,677.208,7083.75,257.5,6074.49,0.0,0.0,17283.229999999996
2021-11-27,141341829.15000767,-9555252.548062503,195529157.56765667,-17948129.97950285,36253865.7221919,0.0,0.0,4876.477935000001,1221.8360000000002,6578.125,371.25,7160.929999999999,0.0,0.0,20366.45
2021-11-28,184441108.01997405,-9748864.864658546,195535407.6585288,-10881807.00064717,24965511.665461466,0.0,0.0,4948.741250000001,2077.6279999999992,10133.485,442.5,9115.119999999999,2.0,0.0,26032.96
2021-11-29,158688287.4299956,-10127305.259083545,195541657.749401,-2537723.3846791624,-19733346.41686473,0.0,0.0,4943.55,1021.6359999999997,8349.485,436.25,7917.12,0.0,0.0,22711.02
2021-11-30,156420264.45998877,-10708879.076915434,195547907.8402731,242795.76293145007,-25645170.26676369,0.0,0.0,4883.2,316.87600000000003,7991.75,353.75,7650.11,398.66999999999996,208.36999999999998,22602.37
2021-12-01,163945165.08999538,-11506598.443877649,195554157.93114525,-4065375.0231165015,-23077974.783439767,0.0,0.0,3093.596911,315.25199999999995,11069.31,508.94166666666666,1083.21,17632.42,10221.98,3525.0400000000004
2021-12-02,164731773.5900128,-12527679.364387035,195560408.02201745,-11041050.075983029,-19345711.806323774,0.0,0.0,3136.3499999999995,315.42,11536.725,409.375,1124.4100000000003,16960.630000000005,9824.160000000002,3655.7299999999996
2021-12-03,180468461.96999285,-13773218.015754202,195566658.1128896,-14764884.196095008,26582825.88580664,0.0,0.0,3069.3100000000004,317.71599999999995,18356.2,477.41666666666663,1127.3700000000001,19243.51,11312.99,4057.8499999999995
2021-12-04,206388982.4199919,-15238055.2147577,195572908.2037617,-13021717.440002454,36253865.72219297,0.0,0.0,3127.44,315.728,18583.270000000004,518.75,1376.5300000000002,21739.500000000004,13097.039999999997,4645.28
2021-12-05,244939529.94999027,-16910832.200124778,195579158.29463387,-8601778.494302368,24965511.665426232,0.0,0.0,3149.6099999999997,319.564,21288.170000000002,613.125,1714.5900000000001,24675.500000000004,15220.1,5257.91
2021-12-06,186249954.25000644,-18774234.98515869,195585408.385506,-5974336.327300789,-19733346.416914903,0.0,0.0,3116.13,314.496,6467.249999999999,430.625,1180.23,18929.84,11396.56,4360.49
2021-12-07,175838768.7100178,-20805418.765942626,195591658.4763781,-6905126.62929564,-25645170.26682183,0.0,0.0,3081.870445,311.38800000000003,6226.3499999999985,431.79166666666663,1274.52,18105.89,10495.539999999999,4300.55
2021-12-08,169666109.7400119,-22976598.39655155,195597908.5672503,-9217711.211231723,-23077974.78347408,0.0,0.0,3097.020557,311.864,5972.849999999999,383.75,3032.34,14660.71,9156.11,7105.57
2021-12-09,174473935.15000513,-25255785.926368684,195604158.65812245,-9506292.292388352,-19345711.80631437,0.0,0.0,3090.9300000000007,314.244,6193.389999999999,363.75,2898.9500000000003,14979.2,9540.289999999999,7118.940000000001
2021-12-10,188535713.57001728,-27607651.78431717,195610408.7489946,-6703237.000112229,26582825.88583865,0.0,0.0,3123.9933330000003,313.068,7026.3,409.375,3250.05,16615.489999999998,10590.5,7735.340000000001
2021-12-11,207993116.0700076,-29994482.52279539,195616658.8398668,-2817214.173161102,36253865.72218964,0.0,0.0,3090.2400000000002,306.76800000000003,8045.179999999999,376.6333333333333,3550.9899999999993,18367.299999999996,12057.839999999998,8551.36
2021-12-12,233728209.04999232,-32377205.20509602,195622908.9307389,-296276.3162329264,24965511.665551405,0.0,0.0,3119.19,315.168,7225.3499999999985,401.44166666666666,4079.29,19896.32,13208.629999999997,9296.15
2021-12-13,188646756.5300065,-34716446.61879503,195629159.02161103,967846.4964393098,-19733346.41696507,0.0,0.0,3145.14282,313.88,6028.799999999999,348.75,3405.9400000000005,15868.839999999998,10468.460000000001,8052.720000000001
2021-12-14,171671061.16000864,-36973594.575521775,195635409.1124832,3635938.6688033063,-25645170.266784232,0.0,0.0,3011.492105,314.048,6420.089999999999,318.125,2934.5299999999997,15041.060000000001,9734.989999999998,7500.89
2021-12-15,181223601.3399987,-39111828.64033877,195641659.2033553,9767115.853571633,-23077974.783461656,0.0,0.0,3054.0288599999994,312.144,4891.2,331.25,609.63,20358.82,12517.130000000001,3424.0200000000004
2021-12-16,183250197.0999861,-41097088.71482942,195647909.2942275,17819122.40335112,-19345711.80630496,0.0,0.0,3061.66,315.67199999999997,5012.0999999999985,326.25,600.24,20422.82,12398.089999999998,3525.19
2021-12-17,194134981.55997425,-42898951.9415051,195654159.38509965,23205919.38872766,26582825.885854702,0.0,0.0,3510.648332999999,314.328,6620.52,351.25,736.8399999999999,21661.72,13222.42,3990.8600000000006
2021-12-18,211180321.68997988,-44491391.33829196,195660409.4759718,22306604.93946979,36253865.72219675,0.0,0.0,3436.278566,311.66800000000006,4629.99,335.625,850.86,23225.42,14610.169999999998,4588.799999999999
2021-12-19,221320928.52995563,-45853393.31925322,195666659.566844,16151884.599194244,24965511.665542997,0.0,0.0,3557.122417,322.39200000000005,5310.749999999999,316.875,844.53,23684.5,15545.76,4640.28
2021-12-20,202190985.0500056,-46969415.69604309,195672909.6577161,9956646.74477726,-19733346.41693064,37911710.333115,0.0,3506.1419779999997,321.832,4983.599999999999,294.375,787.9799999999999,22292.41,14148.15,4320.87
2021-12-21,201958501.56999,-47829672.74778839,195679159.74858823,8515534.413090322,-25645170.26679604,0.0,0.0,3524.113217999999,319.03200000000004,4891.349999999999,301.25,827.42,21912.67,13488.62,4210.390000000001
2021-12-22,213675898.54000282,-48430239.34314336,195685409.8394604,11612116.70580693,-23077974.783449247,0.0,0.0,6644.300735000001,315.28000000000003,4415.4,241.875,16.930000000000003,264.96000000000004,46.080000000000005,993.03
2021-12-23,245873265.83001027,-48772971.73264881,195691659.9303325,13914057.003971651,-19345711.806390967,0.0,0.0,17581.458496,313.628,3531.3,263.125,40.47,4008.8599999999997,323.72,1917.16
2021-12-24,184114967.3499939,-48865248.33178377,195697910.02120468,9795060.592887294,26582825.885902666,0.0,0.0,8005.366075999999,289.79999999999995,2753.1,150.625,29.580000000000002,3038.21,242.45,1361.4
2021-12-25,1934164.820000037,-48719539.41190219,195704160.11207685,-1170662.2385193491,36253865.7221918,0.0,0.0,1635.897736,60.059999999999995,1.2000000000000002,3.75,0.0,46.8,2.37,17.76
2021-12-26,118685238.32001732,-48352819.938641794,195710410.202949,-13166710.060204891,24965511.66550776,0.0,0.0,10959.781415000001,578.564,1704.1800000000003,151.25,12.13,2228.7300000000005,172.14000000000004,1007.3500000000003
2021-12-27,123364348.87001577,-47785844.6839804,195716660.29382116,-18739665.12399848,-19733346.41698081,14432530.751337092,0.0,14594.896954000002,37.211999999999996,2976.0899999999997,162.5,14.97,2393.59,172.87000000000003,974.6700000000002
2021-12-28,129275702.02000135,-47042309.04108026,195722910.3846933,-15074971.345635414,-25645170.266755365,0.0,0.0,16264.533665999998,0.0,2985.6450000000004,183.75,19.32,2586.56,231.08,1030.01
2021-12-29,137760639.88001174,-46147922.56019268,195729160.47556543,-6366398.80219622,-23077974.78343683,0.0,0.0,19701.23441,0.0,3209.55,246.25,11.2,204.61,22.560000000000002,636.98
2021-12-30,169667089.2700028,-45129424.99017669,195735410.5664376,-194231.30565344737,-19345711.806346778,0.0,0.0,23838.37702,0.0,4191.39,298.125,13.5,501.74,40.99,894.36
2021-12-31,218653958.66998947,-44013576.46914932,195741660.6573097,-1196824.076249598,26582825.88591872,0.0,0.0,21232.470501999996,2584.0080000000003,3800.835,295.0,31.05,683.82,81.55,1451.4199999999998
2022-01-01,115101189.17000133,-42826154.40256774,195747910.74818188,-7625787.887614092,36253865.72219287,0.0,0.0,6864.409166,2527.616,2226.7499999999995,151.25,7.0,389.00000000000006,44.99,794.16
2022-01-02,160500191.26999623,-41590989.46910211,195754160.83905405,-13576400.41191416,24965511.66547253,0.0,0.0,7118.051346,2581.236,3669.87,233.75,10.92,489.9600000000001,50.470000000000006,944.47
2022-01-03,148414808.7200158,-40329072.10482812,195760410.9299262,-14497795.842737133,-19733346.41689231,0.0,0.0,7071.781782000001,2573.8719999999994,289.35,223.125,11.09,514.67,65.69,708.23
2022-01-04,149335814.11002412,-39057758.7664601,195766661.02079836,-10847935.413060864,-25645170.266816568,0.0,0.0,7066.426152,2562.392,289.35,274.375,12.14,506.35,51.160000000000004,769.3799999999999
2022-01-05,158987505.5999204,-37790104.322606735,195772911.1116705,-6853395.936770772,-23077974.783471137,0.0,0.0,6944.001036,2553.88,3043.499999999999,295.625,684.3499999999999,17.9,7.16,3472.06
2022-01-06,150626470.90991172,-36534343.15588981,195779161.20254263,-6055591.315349421,-19345711.806372155,0.0,0.0,7140.993941999999,2563.847999999999,5770.349999999999,207.5,770.3,37.59,7.16,3536.27
2022-01-07,160417272.7899053,-35293537.08864141,195785411.2934148,-8121193.114518416,26582825.885934778,0.0,0.0,5319.920165999999,2559.284,10289.85,261.875,893.4,23.27,10.74,4126.31
2022-01-08,190887443.9799032,-34065403.2021463,195791661.3842869,-9764992.254216503,36253865.72219558,0.0,0.0,5219.2752120000005,2540.2719999999995,14295.33,284.375,1027.6999999999998,26.85,23.27,5049.54
2022-01-09,207703320.45997426,-32842329.153831325,195797911.47515908,-8418697.008225437,24965511.665437303,0.0,0.0,5189.852964,2581.1520000000005,16110.300000000003,310.0,1133.3,21.48,16.11,5295.689999999999
2022-01-10,166186963.46991658,-31611577.86962548,195804161.5660312,-4709343.077731224,-19733346.41690018,0.0,0.0,4889.870052000001,2576.6439999999993,11936.85,253.125,861.2,25.06,10.74,4467.7300000000005
2022-01-11,160612023.3499149,-30355677.66983148,195810411.6569034,-1313354.0591718266,-25645170.26677897,0.0,0.0,5291.611434,2544.64,9647.999999999996,236.875,844.65,283.12,105.37999999999998,4305.43
2022-01-12,184636452.0899778,-29052988.14967637,195816661.74777552,359268.6818317509,-23077974.78345873,0.0,818180.6540692184,5374.722024,3438.6519999999996,13453.125000000004,281.25,2953.04,30271.890000000007,13853.460000000001,13651.689999999999
2022-01-13,206656278.49995753,-27678426.6502551,195822911.8386477,1937071.8705520344,-19345711.806327965,0.0,54191.34593078164,5338.582998,3444.6719999999996,14957.699999999999,361.25,3209.6100000000006,33289.09,15746.739999999996,14288.49
2022-01-14,251841758.0499969,-26204335.08602511,195829161.92951983,6265092.783893289,26582825.885810506,0.0,0.0,5335.321433999999,3439.1839999999993,17063.850000000002,455.0,3691.5399999999995,41467.079999999994,20137.38,17103.270000000004
2022-01-15,277132719.4400147,-24601462.393686783,195835412.020392,13805014.178887766,36253865.72219666,0.0,0.0,5235.119099999999,3372.3479999999995,17392.950000000004,383.125,4111.93,44854.36,21776.120000000003,19119.340000000004
2022-01-16,214592571.17000663,-22840034.068322137,195841662.1112641,21151257.35924412,24965511.66542889,0.0,0.0,5238.374742000001,3421.852,13358.099999999999,300.625,3329.26,34854.64,17563.620000000003,15391.460000000003
2022-01-17,188378975.68998852,-20890877.272846986,195847912.20213628,23606848.83725874,-19733346.41690805,4711991.241622419,0.0,5254.942217999999,3455.5920000000006,12746.250000000004,273.125,2640.61,30517.29,14113.18,13092.460000000001
2022-01-18,183299041.22995588,-18726567.93632117,195854162.2930084,19617521.21608064,-25645170.266741373,0.0,0.0,5310.8153969999985,3456.6,11704.949999999999,331.875,2414.1499999999996,30394.559999999994,14193.41,11717.630000000003
2022-01-19,194860817.9099802,-16322565.16122278,195860412.38388056,12682575.72715625,-23077974.783456106,0.0,0.0,5226.662255999999,3434.956,12476.7,323.75,2770.8399999999997,29775.609999999997,17266.26,5114.89
2022-01-20,187468723.08995822,-13658298.175649138,195866662.47475272,8507778.595774498,-19345711.80631856,0.0,0.0,5262.5343060000005,3447.7800000000007,9418.65,242.5,2519.9500000000003,28243.579999999998,16074.15,4876.000000000001
2022-01-21,204039794.81996852,-10718172.001200268,195872912.5656249,9748998.288234148,26582825.88584251,0.0,0.0,5220.13773,2443.0280000000002,11902.950000000003,386.875,2858.4,33124.96000000001,18357.1,5609.919999999998
2022-01-22,227657625.84000298,-7492459.938163221,195879162.65649703,13282812.227256952,36253865.7221917,0.0,0.0,5261.5615259999995,3374.867999999999,13903.5,430.625,3311.6800000000007,37111.01,20798.269999999997,6415.93
2022-01-23,239850479.36002505,-3978053.8456983534,195885412.7473692,12848682.313625704,24965511.665366843,0.0,0.0,5279.725158000001,3452.372,11003.1,325.625,3333.15,37182.37,21405.789999999997,6803.589999999999
2022-01-24,187521329.919994,-179046.9364341563,195891662.8382413,4919303.489454882,-19733346.416861843,0.0,0.0,5245.065894,3414.4039999999995,8154.0,261.875,2411.6300000000006,29709.589999999997,15661.260000000002,5243.840000000001
2022-01-25,188294052.86999765,3892871.691639677,195897912.92911348,-7547638.640569586,-25645170.26680257,0.0,0.0,5346.395304000001,3402.5320000000006,9118.800000000001,325.625,2176.8300000000004,27396.750000000004,14761.12,4709.95
2022-01-26,228168285.45985445,8218226.4242617935,195904163.0199856,-17098621.683865633,-23077974.78344369,0.0,0.0,5175.204804,3471.0480000000002,13670.400000000001,335.0,904.3499999999998,496.9,303.0,3508.7
2022-01-27,248132062.81978396,12769778.410669671,195910413.11085773,-17948129.97951662,-19345711.806309152,0.0,0.0,5245.487436,3479.8680000000013,10567.800000000001,438.125,1141.08,2721.26,483.80000000000007,5611.59
2022-01-28,298280624.0598595,17512766.804504514,195916663.20172992,-10881807.00065283,26582825.88587451,0.0,0.0,5283.220181999999,3464.72,15832.800000000003,569.375,1273.34,3698.48,593.9,6922.330000000001
2022-01-29,309474546.42000103,22405365.89563527,195922913.2926021,-2537723.384681073,36253865.72218676,0.0,0.0,5252.089848000001,1932.6720000000003,12729.0,525.625,1410.5700000000002,3853.6000000000004,634.6,7828.32
2022-01-30,313233971.13000274,27399349.95529136,195929163.3834742,242795.7629327205,24965511.66551883,0.0,0.0,5351.151246,910.6159999999999,11842.8,543.75,1595.8600000000001,3963.2,650.7,7825.030000000002
2022-01-31,272042795.41006315,32440951.69665956,195935413.4743464,-4065375.023113591,-19733346.416869715,0.0,0.0,8630.212638,905.5199999999999,10709.3,81.875,1305.77,3386.0000000000005,501.50000000000006,6678.67
2022-02-01,325773103.3906296,37471894.68869362,195941663.5652185,-11041050.075981086,-25645170.266764987,0.0,0.0,7676.998842000001,1801.772,12664.200000000003,48.75,1691.5199999999995,3844.8,536.6,8312.45
2022-02-02,255814915.40041208,42430575.01204956,195947913.65609065,-14764884.196098464,-23077974.783478,0.0,0.0,7718.307026999999,2782.8920000000003,10252.024999999998,11.25,1053.41,179.7,2.5,6194.880000000001
2022-02-03,188252347.9201422,47253363.05662512,195954163.7469628,-13021717.440008244,-19345711.806299742,0.0,0.0,7493.571860999999,2425.4719999999998,9493.65,13.125,932.74,200.6,5.5,4671.02
2022-02-04,208870581.9601113,51875992.7563606,195960413.83783492,-8601778.494295849,26582825.88573429,0.0,0.0,7764.3132270000015,2789.052,12527.525000000001,3.75,925.4700000000001,248.3,5.5,5167.37
2022-02-05,251154603.480241,56235002.842012286,195966663.9287071,-5974336.32730968,36253865.72219386,0.0,0.0,7604.575158000001,2968.6439999999993,17296.550000000003,15.0,1130.1200000000001,335.0,12.0,6354.15
2022-02-06,270452368.84045327,60269192.94520394,195972914.0195793,-6905126.629292422,24965511.66548361,0.0,0.0,7921.279796999999,2997.456,18139.5,0.0,1295.1599999999999,339.20000000000005,10.5,6334.43
2022-02-07,209453154.35014454,63921056.65749089,195979164.1104514,-9217711.21123151,-19733346.416877583,0.0,0.0,7640.681211000001,2707.376,8088.599999999999,0.0,975.76,364.7,9.5,4883.57
2022-02-08,199259634.41012886,67138153.95944504,195985414.20132357,-9506292.292389326,-25645170.26677678,0.0,0.0,7305.591087,2251.984,6899.799999999999,0.0,808.46,333.6,8.5,4575.87
2022-02-09,196540396.46014065,69874386.77788067,195991664.2921957,-6703237.000119085,-23077974.783418864,0.0,0.0,7276.680135000001,2606.436,6999.225,0.0,756.6299999999999,24.9,13.3,4377.700000000001
2022-02-10,202949435.75012535,72091143.7702874,195997914.38306785,-2817214.173163314,-19345711.806350973,0.0,0.0,7272.040911,2630.096,8141.95,0.0,843.62,81.6,29.299999999999997,4393.3
2022-02-11,222342819.48022413,73758283.70656711,196004164.47394,-296276.31623266154,26582825.88578226,0.0,0.0,7367.368359,2533.1879999999996,9245.95,0.0,904.73,90.60000000000001,24.7,5389.07
2022-02-12,277626456.97043544,74854930.93134372,196010414.56481212,967846.4964597372,36253865.72218891,0.0,0.0,7212.968844000001,2884.8119999999994,8812.625,0.0,1284.63,118.8,33.3,6920.46
2022-02-13,281367911.74044216,75370061.22952856,196016664.6556843,3635938.6687933938,24965511.66544838,0.0,0.0,7386.576954,2310.28,7381.125,0.0,1377.9,90.7,53.5,6775.01
2022-02-14,167229656.34011278,75302861.84930408,196022914.7465565,9767115.853576545,-19733346.41688545,0.0,0.0,7244.657781,1313.0320000000002,4301.625,0.0,669.1999999999998,75.3,32.1,3851.17
2022-02-15,156430200.4600537,74662855.31010166,196029164.8374286,17819122.403365593,-25645170.266785517,0.0,0.0,7331.860761,1584.184,4500.375,0.0,626.72,338.70000000000005,159.1,3736.1999999999994
2022-02-16,162068165.48991743,73469782.77473219,196035414.92830077,23205919.38872453,-23077974.783453178,0.0,0.0,7537.068932999999,3406.62,4481.0,0.0,2089.9399999999996,8973.489999999998,5987.89,4090.3399999999997
2022-02-17,157937089.81995353,71753249.0255862,196041665.0191729,22306604.939473744,-19345711.80634156,0.0,0.0,7505.818203,3689.3360000000002,4323.875,0.0,2029.1600000000003,8842.58,5803.400000000001,3890.44
2022-02-18,181617841.41997087,69552137.28151694,196047915.11004505,16151884.599198475,26582825.885798305,0.0,0.0,7583.216354999998,3511.2000000000003,5080.5,0.0,2358.27,10537.1,7070.999999999999,4383.399999999999
2022-02-19,201567726.76990056,66913808.05468835,196054165.2009172,9956646.744793998,36253865.72218999,0.0,0.0,7700.037530999999,3725.3719999999994,5966.75,0.0,2695.63,11486.780000000002,7717.9,4968.3099999999995
2022-02-20,217538063.3099171,63893101.81319046,196060415.29178932,8515534.413089337,24965511.665413145,0.0,0.0,7876.688886000001,3783.5840000000003,5148.875,0.0,2847.9999999999995,12158.71,8378.9,5197.71
2022-02-21,193300909.4199414,60551170.23353572,196066665.3826615,11612116.705785252,-19733346.416935623,-75075631.63310307,0.0,7641.401313,3108.308,5615.75,0.0,2368.5999999999995,11093.179999999998,7428.889999999999,4664.82
2022-02-22,161839092.0999588,56954165.16320102,196072915.4735336,13914057.00398522,-25645170.26679732,0.0,0.0,7574.463975000001,1902.936,3498.0,0.0,1969.1099999999997,9302.689999999999,5922.9800000000005,4155.92
2022-02-23,172013204.7999182,53171817.95213523,196079165.5644058,9795060.592885047,-23077974.78348748,0.0,0.0,7452.616554000001,2768.6960000000004,3453.0,0.0,9173.820000000003,12.9,25.8,14451.529999999997
2022-02-24,165672200.31993064,49275944.460190594,196085415.65527797,-1170662.2385317115,-19345711.80633216,0.0,0.0,6941.17416,2611.028,3693.125,0.0,8937.029999999999,19.35,28.38,13673.67
2022-02-25,184837587.50989652,45338912.74020131,196091665.74615005,-13166710.060200969,26582825.88583032,0.0,0.0,7679.5805580000015,2480.68686,5545.875,0.0,10004.53,19.35,29.67,15847.289999999999
2022-02-26,206491719.63997617,41432111.09152926,196097915.83702224,-18739665.123998377,36253865.72219269,0.0,0.0,7822.992348,2837.44376,4882.375,0.0,11552.13,15.48,25.8,17323.710000000003
2022-02-27,237389786.5599543,37624453.86773002,196104165.9278944,-15074971.345638702,24965511.665565137,0.0,0.0,7995.622092000001,2922.35728,4892.875,0.0,12761.960000000003,21.93,24.51,19397.74
2022-02-28,181965672.05997315,33980961.11838292,196110416.01876652,-6366398.802214591,-19733346.41690119,0.0,0.0,9097.152449999998,1610.8969200000004,4988.375,0.0,9384.119999999999,19.35,30.96,16100.539999999999
2022-03-01,170163724.80991587,30561445.895943325,196116666.1096387,-194231.3056545305,-25645170.266759723,0.0,0.0,7538.716209000001,1136.67532,4871.074999999999,0.0,7995.110000000001,11.61,29.67,16533.49
2022-03-02,208688693.53983885,27419339.93139544,196122916.2005108,-1196824.0762464092,-23077974.783428352,0.0,0.0,7499.725935000001,1427.4779500000002,7076.375,0.0,534.71,2341.15,491.95,5004.97
2022-03-03,228398489.38981086,24600684.4739532,196129166.291383,-7625787.887609723,-19345711.80641816,0.0,0.0,7446.285741,3678.86608,14089.8,0.0,525.69,2503.3999999999996,680.5,5277.160000000001
2022-03-04,267082329.2998438,22143308.51354046,196135416.38225517,-13576400.411911024,26582825.885862328,0.0,0.0,7356.032765999998,3426.06894,19451.024999999998,0.0,714.8899999999999,3061.7200000000007,721.7,6366.840000000001
2022-03-05,284172326.08985066,20076211.493553497,196141666.47312725,-14497795.84272325,36253865.72219376,0.0,0.0,7438.574138999999,2871.82137,20026.175000000007,0.0,732.74,3655.0,648.6000000000001,7532.500000000001
2022-03-06,312901564.1500373,18419162.12182512,196147916.56399944,-10847935.413048996,24965511.66555673,0.0,0.0,7470.410403000002,2781.0090599999994,23595.400000000005,0.0,792.2200000000001,3868.4000000000005,695.0999999999999,7854.88
2022-03-07,234753474.80985513,17182519.15504123,196154166.6548716,-6853395.936771314,-19733346.41695136,0.0,0.0,7415.841441,2581.2314799999995,11189.35,0.0,583.89,3012.08,649.7,5802.629999999999
2022-03-08,227301514.14979756,16367274.226406932,196160416.7457437,-6055591.315345773,-25645170.266771525,0.0,0.0,7431.6456419999995,1938.95012,11401.050000000003,0.0,482.36999999999995,3065.08,631.5000000000001,5821.720000000001
2022-03-09,189380375.3199832,15965311.069119832,196166666.8366159,-8121193.114504088,-23077974.783472445,0.0,0.0,7355.018349,2143.35044,9464.759999999998,0.0,517.75,2150.69,1447.9,4833.780000000001
2022-03-10,197175671.88999832,15959870.01454912,196172916.927488,-9764992.254215876,-19345711.806373976,0.0,0.0,6649.4761260000005,1404.5044599999999,12110.45,0.0,725.72,2278.89,1634.4,4891.279999999999
2022-03-11,225304077.23001063,16326201.561931811,196179167.0183601,-8418697.008228889,26582825.88589433,0.0,0.0,6773.584631999999,1810.5958500000004,12217.199999999999,0.0,753.42,2779.7299999999996,1636.3,5750.65
2022-03-12,221126221.53002575,17032388.259812467,196185417.10923237,-4709343.077734184,36253865.722188815,0.0,0.0,7022.048264999999,2476.4628300000004,10709.1,0.0,808.24,2810.0400000000004,1469.1899999999998,6098.290000000001
2022-03-13,246131188.7900592,18040310.22599128,196191667.20010445,-1313354.0591728406,24965511.66549468,0.0,0.0,6822.449382,2391.01313,11014.299999999997,0.0,791.3299999999998,2810.4,1545.0,6914.299999999998
2022-03-14,198747444.09001103,19306726.460937545,196197917.29097655,359268.6818177184,-19733346.416862857,0.0,0.0,7235.212565999999,2134.9342,8821.3,162.58000000000007,579.05,2402.3999999999996,1270.8000000000002,5369.460000000001
2022-03-15,184489579.50007394,20784441.75382111,196204167.3818488,1937071.8705356936,-25645170.26678333,0.0,0.0,7073.205779999999,2505.21462,7804.799999999999,420.65000000000003,510.65,2272.44,1203.0,4963.870000000001
2022-03-16,190883070.47017065,22423527.493095607,196210417.4727209,6265092.783892035,-23077974.783460032,0.0,0.0,4607.1696569999995,1689.8280900000002,7351.049999999999,2379.516666666667,536.63,3040.2000000000003,926.35,5248.09
2022-03-17,186983156.10013196,24172564.099260565,196216667.56359303,13805014.178884337,-19345711.806399345,0.0,0.0,6807.0748889999995,2280.3297700000007,6352.499999999998,4393.483333333334,503.48,3288.7100000000005,958.84,4979.840000000001
2022-03-18,199843659.62024376,25979873.09708784,196222917.6544652,21151257.35922212,26582825.885910388,0.0,0.0,7219.012035000001,2688.5502,8240.199999999999,5416.9833333333345,596.1800000000001,3540.2299999999996,953.72,5430.2699999999995
2022-03-19,224407186.2203014,27794708.01168234,196229167.7453373,23606848.837257177,36253865.72219592,0.0,0.0,7471.2634259999995,2994.661780000001,9589.000000000002,6480.166666666668,686.6299999999999,4082.8399999999997,988.5400000000002,6499.33
2022-03-20,258073060.56066138,29568375.257663578,196235417.83620957,19617521.21608234,24965511.66548627,0.0,0.0,7498.005579,3034.53535,9742.149999999998,7586.1500000000015,746.22,4293.56,1141.1799999999998,7512.760000000001
2022-03-21,198071264.0202957,31255258.920568373,196241667.92708164,12682575.727160191,-19733346.416870728,0.0,0.0,7459.311096000001,2983.82923,7456.099999999999,5610.966666666666,470.43,3161.9599999999996,1043.42,5615.489999999999
2022-03-22,182610212.13018125,32813726.711170036,196247918.01795375,8507778.595775453,-25645170.26679513,0.0,0.0,7465.414484999999,2422.63191,6497.699999999998,4663.8,468.36999999999995,3179.28,900.93,5215.74
2022-03-23,175960017.39019433,34206898.297145404,196254168.108826,9748998.288244044,-23077974.78349434,0.0,0.0,7511.503617000001,1569.3021099999999,5508.4,4930.566666666666,698.84,2158.51,746.89,6160.3600000000015
2022-03-24,177181938.3501338,35403261.557801954,196260418.1996981,13282812.227272136,-19345711.80635516,0.0,0.0,7430.002638000002,1186.95484,5550.349999999999,5785.283333333333,721.8500000000001,2278.6099999999997,685.0400000000002,5963.459999999999
2022-03-25,199845648.3502675,36377126.93337335,196266668.29057023,12848682.313623514,26582825.885786112,0.0,0.0,7424.369415000001,1191.0707,7115.75,6074.85,791.19,2636.21,774.94,6828.369999999998
2022-03-26,216690855.69028237,37108914.810520485,196272918.3814424,4919303.4894598415,36253865.72219259,0.0,0.0,7461.028017,1191.11547,7149.499999999999,6259.066666666667,984.49,3125.8700000000003,794.8800000000001,7900.870000000001
2022-03-27,253406074.79047996,37585275.65947065,196279168.4723145,-7547638.64056476,24965511.665451035,0.0,0.0,7397.088534,1204.0027799999998,7586.850000000001,7050.633333333335,1134.26,3250.6299999999997,898.07,9161.959999999997
2022-03-28,194462964.0401929,37799047.27691448,196285418.56318668,-17098621.6838642,-19733346.4168786,0.0,0.0,7513.927254,1190.12685,6025.350000000001,5011.783333333334,768.9700000000001,2447.08,739.4900000000001,7136.409999999999
2022-03-29,182916821.26014134,37749057.86034865,196291668.65405884,-17948129.979516875,-25645170.266757533,0.0,0.0,7477.084122,1046.12375,6591.0,4380.616666666667,690.09,2440.06,727.4800000000001,7484.650000000001
2022-03-30,208338094.72983116,37439787.62316398,196297918.74493095,-10881807.000649776,-23077974.783444997,0.0,0.0,7438.473024000001,1189.60764,9430.45,4342.6500000000015,7001.230000000001,45888.63999999999,35376.649999999994,12948.47
2022-03-31,226586514.2398051,36880905.14726046,196304168.83580312,-2537723.3846829864,-19345711.80631097,0.0,0.0,7462.861836000001,1192.9263400000002,15450.6,5482.066666666668,7824.540000000001,49935.75000000001,39545.14,14387.000000000002
2022-04-01,259099227.0900474,36086697.57175522,196310418.9266753,242795.7629344539,26582825.885818124,0.0,0.0,7437.609425999998,1103.4106699999995,23971.6,6144.916666666667,9327.66,57875.749999999985,45345.72,16945.920000000002
2022-04-02,273471577.6001525,35075415.96052724,196316669.01754743,-4065375.0231282273,36253865.72219367,0.0,0.0,5064.992213999999,1186.5730499999997,24931.600000000006,6173.69,10270.039999999999,60831.96000000001,47055.889999999985,19041.74
2022-04-03,307630326.20040005,33868558.728648074,196322919.1084196,-11041050.075977564,24965511.665415805,0.0,0.0,5069.250341999999,1214.4614899999997,27920.300000000003,6828.783333333334,12163.879999999997,64713.64,50654.08999999999,20884.600000000002
2022-04-04,239022472.9399212,32490116.81067321,196329169.1992917,-14764884.196087852,-19733346.416928764,0.0,0.0,5094.826983,1207.05366,15457.900000000001,5505.683333333333,8687.029999999999,48787.16,38942.44,16247.04
2022-04-05,224612862.66981167,30965804.317199662,196335419.29016387,-13021717.440010298,-25645170.266815662,0.0,0.0,5679.124254,1195.64932,12867.0,5017.3,8232.58,47518.93,36797.75,15381.960000000003
2022-04-06,198710736.09997708,29322297.769048154,196341669.381036,-8601778.494298013,-23077974.783479303,0.0,0.0,5058.474458999999,1187.75512,11224.2,4063.633333333334,3973.8399999999997,27563.470000000005,14659.130000000001,10014.43
2022-04-07,199623005.15989932,27586505.659546982,196347919.47190815,-5974336.327308509,-19345711.80633635,0.0,0.0,5018.795174999999,1185.7727699999998,11316.75,4050.066666666667,3972.23,25998.72,13506.150000000001,10452.86
2022-04-08,215541090.84992176,25784888.135389823,196354169.56278032,-6905126.629289201,26582825.88585013,0.0,0.0,5072.04558,1191.86354,12969.25,4450.2,4427.08,28533.709999999995,14885.420000000004,11305.619999999995
2022-04-09,237106077.21998596,23942844.08286891,196360419.6536525,-9217711.211229408,36253865.722194746,0.0,0.0,4996.497888,1197.80095,13190.5,4859.5,5083.12,31176.219999999998,16591.280000000002,12693.089999999998
2022-04-10,267759027.7305171,22084179.952111423,196366669.74452463,-9506292.292391855,24965511.66554098,0.0,0.0,5123.326929000001,313.87596999999994,13932.75,4675.0666666666675,5310.900000000001,34303.049999999996,18694.379999999997,13238.999999999998
2022-04-11,212188961.59996486,20230671.3526346,196372919.8353968,-6703237.000103153,-19733346.41697894,0.0,0.0,5175.8462519999985,3314.191999999999,10374.0,3348.7333333333336,3921.91,25344.740000000005,13897.410000000002,10136.940000000002
2022-04-12,200283159.2099191,18401724.9229332,196379169.9262689,-2817214.173165024,-25645170.26677807,0.0,0.0,5055.465335999999,1893.6119999999999,9272.25,3262.9500000000003,3758.9800000000005,24625.589999999997,12331.39,9723.019999999999
2022-04-13,196964867.2499137,16614144.333835714,196385420.01714107,-296276.3162401177,-23077974.78346689,0.0,0.0,5087.413266,1497.5239999999997,8794.5,3733.616666666667,2556.4000000000005,14681.42,12159.59,11108.210000000001
2022-04-14,208033516.7198997,14882000.650199782,196391670.1080132,967846.496442476,-19345711.80629216,0.0,0.0,4985.4886559999995,1501.2760000000003,9993.75,3337.216666666667,2856.3099999999995,15713.75,13115.390000000003,11989.01
2022-04-15,248825068.95007312,13216603.76564666,196397920.19888535,3635938.66879194,26582825.88586618,0.0,0.0,5128.99158,1498.5040000000001,11271.0,4921.333333333334,3626.76,18519.18,16175.23,15102.099999999999
2022-04-16,277883490.4901165,11626568.351217894,196404170.28975752,9767115.85357389,36253865.72219583,0.0,0.0,5204.970308999999,1497.692,10052.25,4545.200000000001,3933.6700000000005,20122.58,17654.95,16963.14
2022-04-17,170859044.3299321,10117964.823340012,196410420.3806297,17819122.40336689,24965511.66553257,0.0,0.0,4996.088604,1487.1080000000002,4426.5,2084.8666666666663,2091.95,11485.200000000003,9077.24,10070.75
2022-04-18,167150868.43991807,8694543.327060815,196416670.47150183,23205919.388722792,-19733346.416944508,0.0,0.0,5055.250989,1505.4480000000003,5694.0,2492.833333333334,1842.3500000000001,11977.050000000001,9759.15,9967.799999999997
2022-04-19,162240181.09993866,7358016.720731532,196422920.562374,22306604.93947984,-25645170.26678988,0.0,0.0,5020.78776,1502.592,6162.0,2435.55,1767.21,11598.699999999999,8835.89,9055.970000000003
2022-04-20,151674413.94000295,6108387.093796143,196429170.6532461,16151884.599201052,-23077974.78345448,0.0,0.0,5051.707896,1494.472,5255.25,2949.6166666666672,324.05999999999995,2165.0699999999997,814.9700000000001,2662.7499999999995
2022-04-21,159316654.3100003,4944299.486087469,196435420.74411827,9956646.74478276,-19345711.806378167,0.0,0.0,4926.929367000001,1499.7920000000004,5196.75,2770.0333333333338,387.72,2376.25,819.68,2839.7799999999997
2022-04-22,173078989.20996436,3863406.2214055546,196441670.8349904,8515534.413093112,26582825.88575787,0.0,0.0,4923.473811,1489.4600000000003,6454.5,3710.3499999999995,508.63,2697.85,900.74,3135.07
2022-04-23,186023464.54999903,2862725.6162622217,196447920.92586252,11612116.705798129,36253865.72219088,0.0,0.0,4897.295286,1473.8359999999998,6084.0,2691.566666666667,548.77,2761.9300000000003,977.3799999999999,3395.5299999999997
2022-04-24,222124186.57008192,1938979.7515765813,196454171.01673472,13914057.00398308,24965511.665470514,0.0,0.0,5057.978915999999,2466.26409,7146.75,3899.0333333333338,601.99,3164.7999999999997,1177.7999999999997,3845.5
2022-04-25,174983804.52001563,1088897.458629515,196460421.1076069,9795060.59288681,-19733346.41699468,0.0,0.0,4890.460368,2460.3418800000004,5557.5,2579.6333333333337,458.24999999999994,2682.23,927.4200000000001,2741.5899999999997
2022-04-26,157194859.39997682,309470.6088973259,196466671.19847903,-1170662.238527011,-25645170.266798608,0.0,0.0,4908.714480000001,2432.4579200000003,5694.0,2954.399999999999,477.6800000000002,2495.7099999999996,809.7900000000002,2556.92
2022-04-27,162269688.28994274,-401845.8646073581,196472921.2893512,-13166710.060197264,-23077974.783442065,0.0,0.0,4874.592630000001,2443.80001,5177.25,2588.066666666667,454.40000000000003,4112.28,3389.44,3259.68
2022-04-28,169201675.0899434,-1046997.138136409,196479171.3802233,-18739665.12400132,-19345711.806333978,0.0,0.0,4752.688623,2433.0478899999994,5499.0,2794.5,586.89,4296.680000000001,3628.2000000000003,3552.940000000001
2022-04-29,186009885.54993755,-1627258.9224877832,196485421.47109547,-15074971.34563996,26582825.885773927,0.0,0.0,4777.988088,2430.40826,6493.5,3165.8166666666666,613.1200000000001,4818.45,4096.75,3999.64
2022-04-30,201929536.70996335,-2143236.235867553,196491671.5619676,-6366398.802216114,36253865.72219195,0.0,0.0,4873.498245,2434.55598,7224.75,3110.916666666667,656.1899999999999,5332.76,4196.080000000001,4521.93
2022-05-01,238707763.25000048,-2594928.6474188925,196497921.65283972,-194231.30565669804,24965511.66546211,0.0,0.0,5575.5670740000005,2449.8591599999995,7995.0,3859.400000000001,687.8,5999.710000000001,5061.88,5193.2
2022-05-02,182388062.01002935,-2981857.2503796453,196504171.74371192,-1196824.076260705,-19733346.41690617,0.0,0.0,9346.942745999999,2445.4475800000005,759.75,3151.5000000000005,503.51,4410.72,3628.76,3490.5899999999992
2022-05-03,170952745.0999835,-3303245.96818912,196510421.8345841,-7625787.887622224,-25645170.26681041,0.0,0.0,9843.917394000002,2626.61294,1452.0,2475.8333333333335,427.8,4043.56,2932.4399999999996,3273.030000000001
2022-05-04,175058625.90999106,-3558247.44367152,196516671.9254562,-13576400.411912637,-23077974.783476368,0.0,0.0,9349.02762,2361.973659999999,4697.625,3255.1999999999994,2057.33,21161.41,13421.359999999999,8663.650000000001
2022-05-05,176640993.7899388,-3746201.795406029,196522922.0163284,-14497795.842729447,-19345711.80635935,0.0,0.0,10062.034896000001,2390.7412,8388.0,2609.3500000000004,1966.63,20864.149999999998,13218.18,8730.34
2022-05-06,197307221.2199442,-3866915.015716148,196529172.1072005,-10847935.413051182,26582825.885789976,0.0,0.0,10374.953403000003,2375.6642500000003,11173.5,3576.2,2372.5200000000004,23820.5,14883.36,9775.58
2022-05-07,228263406.10001698,-3920942.7872173614,196535422.19807264,-6853395.936771754,36253865.72219465,0.0,0.0,10385.014482,2378.75398,12580.875,3944.4500000000007,2837.0299999999993,26882.859999999997,17429.509999999995,11313.18
2022-05-08,203430530.67003372,-3909865.044404197,196541672.2889448,-6055591.315343235,24965511.66542688,0.0,0.0,10520.902068,2369.59225,9973.5,3024.9,2452.25,22666.31,14733.55,10227.49
2022-05-09,192337333.50010553,-3836536.723169313,196547922.37981692,-8121193.114501032,-19733346.41691404,0.0,0.0,10403.449617000002,926.2704,10088.25,2724.8,2391.3700000000003,22354.82,13975.749999999998,9656.710000000001
2022-05-10,174590440.2299962,-3705300.820916698,196554172.4706891,-9764992.254216095,-25645170.266772807,0.0,0.0,10194.641322,905.3208100000002,9305.875,2363.900000000001,1971.9399999999998,20364.579999999998,12439.41,9134.62
2022-05-11,172843758.41993824,-3522151.113469051,196560422.5615613,-8418697.008219713,-23077974.78341724,0.0,0.0,10002.489128,887.39435,9183.75,2367.55,1978.3499999999997,17704.170000000002,11783.54,9290.61
2022-05-12,182064485.22991678,-3294833.6009250795,196566672.6524334,-4709343.077720006,-19345711.80631516,0.0,0.0,10391.687623999998,918.50418,10343.95,3409.3833333333337,2015.1,18289.940000000002,12021.34,9555.12
2022-05-13,198183367.5699173,-3032877.926753437,196572922.74330556,-1313354.0591709972,26582825.88583794,0.0,0.0,10291.594697,910.1421000000003,11124.025,3454.8500000000013,2459.7599999999998,20548.429999999997,13286.120000000003,10505.01
2022-05-14,208106760.24992537,-2747552.5587161863,196579172.8341777,359268.68183596863,36253865.72219573,0.0,0.0,10665.796243,931.24643,10158.35,3407.625,2484.5,21287.0,14042.21,11243.519999999999
2022-05-15,246166802.6700697,-2451740.350484548,196585422.92504984,1937071.8705368908,24965511.66541847,0.0,0.0,10828.526642,931.8928299999999,11297.15,3348.0999999999995,3121.34,24383.41,16743.640000000003,13406.099999999999
2022-05-16,194630021.40001577,-2159734.1226158505,196591673.015922,6265092.783893572,-19733346.416921917,0.0,0.0,10295.479088000002,1490.7929300000003,8959.575,2818.7000000000007,2450.2400000000002,19920.8,13464.740000000002,10318.210000000001
2022-05-17,176334091.60994193,-1886955.005625876,196597923.10679412,13805014.178889764,-25645170.26673521,0.0,0.0,10139.406555,1731.2642099999998,7027.55,2348.916666666666,2118.1800000000003,18146.71,12013.849999999999,9217.630000000001
2022-05-18,209120553.51007473,-1649599.3690765863,196604173.1976663,21151257.35921896,-23077974.78346133,0.0,0.0,10485.971027,2104.81058,8521.725,2678.8666666666672,7706.870000000001,33108.91,29275.0,13823.26
2022-05-19,219596149.68992418,-1464223.1097700775,196610423.2885385,23606848.83725905,-19345711.80630576,0.0,0.0,10498.531345000001,2342.926689,9809.85,3643.4000000000015,8007.71,35976.719999999994,30616.57,14963.04
2022-05-20,236507311.82998183,-1347274.7841830135,196616673.3794106,19617521.21607187,26582825.88585399,0.0,0.0,10785.432234999998,2403.9050380000003,10749.775,3647.0000000000005,8832.42,39520.43000000001,32577.85000000001,16893.13
2022-05-21,245741286.52030236,-1314591.4465784968,196622923.47028276,12682575.727145946,36253865.722190775,0.0,0.0,10677.100807999997,2414.205348,10695.25,3849.2166666666667,9708.230000000001,37955.38,32222.140000000003,18919.02
2022-05-22,282118848.2701646,-1380873.0065241968,196629173.5611549,8507778.59577143,24965511.66535642,0.0,0.0,11155.403118999999,2436.03474,11384.375,3642.8500000000004,10734.289999999999,40459.06,35755.990000000005,21191.690000000002
2022-05-23,227256961.67998502,-1559152.371968843,196635423.65202704,9748998.288228674,-19733346.416875705,0.0,0.0,10668.978675000002,3171.9589080000005,8494.15,3076.6083333333336,8588.18,34944.04,30342.680000000004,16107.869999999999
2022-05-24,209782217.18993285,-1860279.5372916933,196641673.7428992,13282812.22726887,-25645170.26679642,0.0,0.0,10185.575266,3092.683039,7822.799999999999,3177.0499999999997,7849.179999999999,34267.46,28104.379999999997,14179.699999999997
2022-05-25,213263608.13995785,-2292438.0673227785,196647923.83377132,12848682.313623196,-23077974.78344892,0.0,0.0,10413.888751,3164.412856,6861.124999999999,3063.941666666667,10238.01,31210.05,27768.6,16952.45
2022-05-26,233018397.33998668,-2860712.0961158904,196654173.9246435,4919303.489463427,-19345711.80639176,0.0,0.0,10454.134568,3194.513759,8420.175,4018.1333333333337,11370.56,34316.590000000004,29842.14,18985.809999999998
2022-05-27,268652369.97010356,-3566721.000579839,196660424.01551563,-7547638.640559936,26582825.885886,0.0,0.0,10429.606422,3711.1607769999996,9786.025,4407.283333333333,13168.38,39915.95,34406.560000000005,21311.63
2022-05-28,253843846.16048607,-4408337.342095121,196666674.1063878,-17098621.68386199,36253865.72219789,0.0,0.0,10684.819721,3661.321657,9341.425,3988.7000000000003,11853.36,37402.340000000004,30952.09,20175.709999999995
2022-05-29,233687498.11007407,-5379501.533208193,196672924.19725996,-17948129.979520522,24965511.66550841,0.0,0.0,7720.155246000001,3685.7774980000004,7578.55,3668.8833333333337,11138.470000000001,30944.050000000003,26870.45,18992.6
2022-05-30,223887364.13025776,-6470144.0383457495,196679174.28813207,-10881807.000636628,-19733346.41684128,40476522.08789189,0.0,6648.984313000001,3664.8758269999994,6678.000000000001,364.90000000000003,9993.76,29643.489999999998,26105.439999999995,17325.530000000002
2022-05-31,194024641.22991493,-7666222.833482659,196685424.37900424,-2537723.3846788537,-25645170.266758826,0.0,0.0,6362.743298000001,3689.400744,6902.299999999999,232.20000000000005,8185.9,28393.070000000003,22718.940000000002,14944.27
2022-06-01,167769923.47997898,-8949880.420563752,196691674.4698764,242795.7629366426,-23077974.783483226,0.0,0.0,10938.870751000002,4687.213887,6045.974999999999,319.70000000000005,931.12,4939.200000000001,1541.12,9162.029999999999
2022-06-02,168675362.19995594,-10299721.021812188,196697924.5607485,-4065375.023124629,-19345711.806382354,0.0,0.0,10695.671175000001,4627.524909999999,5939.875,96.44999999999999,930.5799999999998,5199.490000000001,1713.6,9586.26
2022-06-03,185909092.63995153,-11691204.780680958,196704174.6516207,-11041050.075977206,26582825.88574577,0.0,0.0,10917.248184000002,6301.534677,7152.15,82.19999999999999,988.46,6097.9800000000005,1928.5000000000002,10841.039999999999
2022-06-04,192893745.95004085,-13097151.988973064,196710424.7424928,-14764884.196096424,36253865.72219294,0.0,0.0,11088.479714,6380.097207999998,7755.775,149.8,1154.59,6041.38,1934.5900000000001,11141.9
