ds,SALES,yearly,trend,monthly,weekly,holidays,PLA_AD_SPEND_PLA,REDEMPTION_COST_LOYAL_CUSTOMER_MAILER
2021-06-06,27014696.000014286,-8914836.955719473,33821566.26789609,-1189819.5337029246,1785961.88693025,0.0,511.0213579999999,0.0
2021-06-07,25126491.680010952,-9000792.942220718,33807046.56615455,-849551.4344786206,-1184010.5200996804,0.0,504.872802,0.0
2021-06-08,23561954.40001303,-9077041.100326544,33792526.86441299,-611332.9143742889,-1221436.4715679924,0.0,496.19628199999994,0.0
2021-06-09,23207640.320006218,-9142884.89726267,33778007.16267145,-346539.473826696,-1890783.9655625687,0.0,434.04476200000005,0.0
2021-06-10,23065080.800008487,-9197830.396509934,33763487.4609299,228781.6256305717,-1615322.9197594745,0.0,422.09381000000013,0.0
2021-06-11,23555889.760008182,-9241605.802875483,33748967.75918835,1226750.5105007708,1403583.8017601457,0.0,422.24477,0.0
2021-06-12,23725247.04000854,-9274174.122305363,33734448.0574468,2383165.9964147755,2722008.188306103,0.0,416.997156,0.0
2021-06-13,26746976.00001385,-9295738.579734392,33719928.355705254,3179031.6105894204,1785961.8869281996,0.0,418.28334199999995,0.0
2021-06-14,24458343.52000747,-9306740.671511391,33705408.65396369,3205947.700336333,-1184010.5201003768,0.0,427.36617799999993,0.0
2021-06-15,23392464.640005827,-9307850.96225909,33690888.95222214,2479474.259448861,-1221436.4715686496,0.0,424.296058,0.0
2021-06-16,22088464.000001483,-9299952.962061437,33676369.2504806,1447054.3761556607,-1890783.965564977,0.0,427.71895200000006,0.0
2021-06-17,22462425.600007087,-9284120.631586036,33661849.548739046,689452.2145990196,-1615322.9197626412,0.0,412.89773599999995,0.0
2021-06-18,23592042.080005255,-9261590.253883723,33647329.8469975,551856.3912542934,1403583.80175022,0.0,425.0859439999999,0.0
2021-06-19,25305681.920008015,-9233727.576340672,33632810.14525595,967849.0985935808,2722008.18830694,0.0,417.908282,0.0
2021-06-20,22835113.920008905,-9201991.260050956,33618290.4435144,1559240.0472054358,1785961.8869263344,0.0,424.51056199999994,0.0
2021-06-21,23627973.600006144,-9167893.77302044,33603770.74177285,1885407.60965606,-1184010.520101073,0.0,418.529164,0.0
2021-06-22,23660828.640004788,-9132960.925609449,33589251.0400313,1652612.4810984586,-1221436.4715662508,0.0,418.538806,0.0
2021-06-23,29792775.839965668,-9098691.270286744,33574731.338289745,793239.9345666067,-1890783.9655620577,0.0,416.4996979999999,0.0
2021-06-24,29986332.79996708,-9066516.572955774,33560211.6365482,-545599.7606896323,-1615322.919762084,0.0,420.31807,0.0
2021-06-25,31038419.039963745,-9037764.5112036,33545691.93480665,-2036335.8673066057,1403583.801752975,0.0,418.67081,0.0
2021-06-26,31843463.1999628,-9013624.667868558,33531172.2330651,-3230704.46379874,2722008.188306774,0.0,413.8245460000001,0.0
2021-06-27,33208367.839956794,-8995118.770074029,33516652.53132355,-3699355.890429575,1785961.886924099,0.0,424.0251399999999,0.0
2021-06-28,30416329.759964284,-8983075.978296835,33502132.829582,-3247675.3958187858,-1184010.5200975954,4856347.313390638,422.00904800000006,0.0
2021-06-29,30141352.799963385,-8978113.862587987,33487613.127840456,-2083336.0453707173,-1221436.4715691265,0.0,416.90468400000003,0.0
2021-06-30,29871369.599966127,-8980625.519154746,33481272.331854187,-771206.3819335469,-1890783.9655644647,0.0,420.73262,0.0
2021-07-01,31773878.079964973,-8990773.086439857,33474931.53586791,62343.29603563578,-1615322.9197615264,0.0,757.273132,0.0
2021-07-02,33859709.43995561,-9008487.72190602,33468590.73988164,103708.57005292496,1403583.8017557296,0.0,1150.343898,0.0
2021-07-03,32464860.63995929,-9033475.905162709,33462249.94389537,-468557.53018490487,2722008.1883072625,0.0,883.2822060000001,0.0
2021-07-04,23261371.99997716,-9065231.746093445,33455909.147909094,-1146517.8521256263,1785961.8869222335,0.0,685.2958099999998,0.0
2021-07-05,26971330.87997042,-9103054.803965198,33449568.351922825,-1475790.3058465398,-1184010.5200982925,5107613.572596593,903.161992,0.0
2021-07-06,28466341.919968393,-9146072.770160254,33443227.55593656,-1353779.080743273,-1221436.4715675649,0.0,422.349438,0.0
2021-07-07,23461339.520002186,-9193268.23778448,33436886.75995028,-1011143.0181788302,-1890783.9655642088,0.0,423.863388,0.0
2021-07-08,22735956.32000518,-9243508.679324852,33430545.96396401,-718867.4050996673,-1615322.9197609697,0.0,422.27665400000006,0.0
2021-07-09,23299507.840002116,-9295578.681563586,33424205.16797774,-500003.1420291056,1403583.801756497,0.0,415.3699779999999,0.0
2021-07-10,24664743.680007495,-9348213.446509244,33417864.371991463,-112481.91849768952,2722008.1883060974,0.0,429.817024,0.0
2021-07-11,27977556.960012883,-9400132.558826888,33411523.576005194,682327.4148487832,1785961.8869203683,0.0,432.58157600000004,0.0
2021-07-12,25274552.80000718,-9450073.0435803,33405182.78001893,1815319.7775419,-1184010.5200989882,0.0,438.308076,0.0
2021-07-13,23649302.880005352,-9496820.791433824,33398841.98403265,2859028.94755922,-1221436.4715682222,0.0,432.61287200000004,0.0
2021-07-14,22701596.160002623,-9539239.50939599,33392501.18804638,3299484.354105538,-1890783.9655620237,0.0,435.97042,0.0
2021-07-15,23575242.880004834,-9576296.460304582,33386160.392060112,2916632.043830476,-1615322.9197641362,0.0,439.02103600000004,0.0
2021-07-16,23714497.76000476,-9607084.379505374,33379819.59607384,1963601.5687229407,1403583.8017612398,0.0,437.70743000000004,0.0
2021-07-17,25547358.56000912,-9630839.097950812,33373478.800087564,1003335.895842113,2722008.1883069333,0.0,424.08297,0.0
2021-07-18,27416213.440014046,-9646952.552109,33367138.00410129,537615.4347834096,1785961.8869181334,0.0,435.05323400000003,0.0
2021-07-19,25516144.800007865,-9654981.017431492,33360797.20811502,709677.9295160797,-1184010.520094177,0.0,433.23765,0.0
2021-07-20,23582275.360007916,-9654648.558229122,33354456.41212875,1270727.7837595865,-1221436.4715666606,0.0,429.633304,0.0
2021-07-21,23254269.599999648,-9645845.837547967,33348115.61614248,1778849.223435379,-1890783.965561768,0.0,436.352474,0.0
2021-07-22,22846220.160001606,-9628624.570962992,33341774.820156205,1848506.820272052,-1615322.9197609974,0.0,438.0671499999999,0.0
2021-07-23,23316244.47999927,-9603188.033774184,33335434.024169937,1296703.6153043143,1403583.8017620074,0.0,434.82260399999996,0.0
2021-07-24,25473026.240006946,-9569878.13802063,33329093.228183668,167062.0124645938,2722008.1883067684,0.0,431.7683899999999,0.0
2021-07-25,27035730.880011007,-9529159.68076092,33322752.43219739,-1298298.0897223502,1785961.8869273278,0.0,424.929728,0.0
2021-07-26,24741169.920005977,-9481602.42616677,33316411.63621112,-2700181.6058132374,-1184010.5200962075,0.0,6.960000000000001,0.0
2021-07-27,23090031.199999917,-9427861.71938173,33310070.84022485,-3576054.1615918013,-1221436.471569536,0.0,0.0,0.0
2021-07-28,22510707.199997876,-9368658.339632897,33303730.04423857,-3585829.875090612,-1890783.9655641755,0.0,0.0,0.0
2021-07-29,23409716.480005722,-9304758.283908209,33297389.248252302,-2725208.966685072,-1615322.9197630216,0.0,395.4182859999999,0.0
2021-07-30,24378009.120003205,-9236953.132156068,33291048.45226604,-1403362.163173066,1403583.8017520811,0.0,409.83090200000004,0.0
2021-07-31,26366096.000011224,-9166041.582465574,33284707.65627976,-264006.8750089282,2722008.188306604,0.0,362.30118999999996,0.0
2021-08-01,29277064.32001577,-9092812.66296243,33278366.860293493,182192.1594346509,1785961.8869252775,0.0,511.3860360000001,0.0
2021-08-02,26420688.800011694,-9018031.02987509,33272026.06430722,-133826.37490456342,-1184010.5200955698,0.0,502.375258,0.0
2021-08-03,25773704.320010863,-8942424.652297175,33265685.268320944,-828684.4438146752,-1221436.471567975,0.0,508.86899199999993,0.0
2021-08-04,25113902.400003623,-8866675.068093088,33259344.472334675,-1370964.825309968,-1890783.965561256,0.0,510.087536,0.0
2021-08-05,24138452.160007887,-8791410.276770283,33253003.6763484,-1461965.9080067757,-1615322.9197598828,0.0,508.63759,0.0
2021-08-06,25108842.400007498,-8717200.218589185,33246662.88036213,-1189819.5337014503,1403583.8017548362,0.0,518.845022,0.0
2021-08-07,27491612.960014246,-8644554.679187978,33240322.084375866,-849551.4344788643,2722008.18830644,0.0,476.33700600000003,0.0
2021-08-08,29814973.600019604,-8573923.359770851,33233981.288389597,-611332.9143723004,1785961.8869234123,0.0,392.43127,0.0
2021-08-09,26944816.480012782,-8505697.76820973,33227640.49240332,-346539.4738261017,-1184010.5200976003,0.0,513.343108,0.0
2021-08-10,25725051.04000953,-8440214.51933778,33221299.696417045,228781.6256331574,-1221436.4715677944,0.0,506.13323399999996,0.0
2021-08-11,24738137.600006122,-8377759.585800979,33214958.90043077,1226750.5105007624,-1890783.965563663,0.0,507.348784,0.0
2021-08-12,24388162.240007907,-8318573.015699008,33208618.1044445,2383165.9964136207,-1615322.9197593257,0.0,501.06534600000003,0.0
2021-08-13,25607850.400009114,-8262853.630750633,33202277.30845823,3179031.610590543,1403583.801757591,0.0,451.553612,0.0
2021-08-14,27532144.480016805,-8210763.23882653,33195936.512471963,3205947.7003352726,2722008.188307275,0.0,442.68499599999996,0.0
2021-08-15,31324240.960023697,-8162429.936442096,33189595.716485687,2479474.2594500263,1785961.8869322366,0.0,463.372252,0.0
2021-08-16,26945287.52001216,-8117950.138514684,33197229.970706478,1447054.3761555448,-1184010.5200996306,0.0,445.543942,0.0
2021-08-17,26708409.60001129,-8077389.051746803,33204864.224927265,689452.2145990374,-1221436.4715684515,0.0,453.6554279999999,0.0
2021-08-18,26302248.000011995,-8040779.401227574,33212498.479148056,551856.3912544921,-1890783.965561478,0.0,461.39700799999997,0.0
2021-08-19,25660974.8800111,-8008118.3234707005,33220132.73336884,967849.098593762,-1615322.9197587683,0.0,162.14821999999998,0.0
2021-08-20,25963905.120011106,-7979362.448808408,33227766.987589628,1559240.0472036968,1403583.8017583585,0.0,143.65884599999998,0.0
2021-08-21,28100167.200016472,-7954421.307476984,33235401.24181042,1885407.6096550445,2722008.1883057626,0.0,143.389748,0.0
2021-08-22,31125300.160022307,-7933149.302036285,33243035.49603121,1652612.481098511,1785961.8869303714,0.0,143.32526000000001,0.0
2021-08-23,26563336.64001035,-7915336.589573658,33250669.750252,793239.9345682861,-1184010.520098993,0.0,144.016202,0.0
2021-08-24,24664629.60000425,-7900699.305937248,33258304.00447279,-545599.7606891241,-1221436.4715691088,0.0,111.35082799999999,0.0
2021-08-25,23834487.839998823,-7888869.637160358,33265938.25869358,-2036335.8673089144,-1890783.9655638856,0.0,133.7,0.0
2021-08-26,23646222.71999984,-7879386.2967538675,33273572.512914363,-3230704.463798879,-1615322.9197645166,0.0,137.34,0.0
2021-08-27,25219971.03999598,-7871685.998956124,33281206.767135154,-3699355.890429781,1403583.8017591257,0.0,137.70000000000005,0.0
2021-08-28,25733706.399995007,-7865096.525295538,33288841.021355946,-3247675.3958207336,2722008.1883065985,0.0,84.47999999999998,0.0
2021-08-29,26604221.439995617,-7858831.963880487,33296475.275576733,-2083336.045370528,1785961.886928321,0.0,145.92,0.0
2021-08-30,25018277.599997714,-7851990.657468239,33304109.52979752,-771206.3819356429,-1184010.5201010234,0.0,94.24,0.0
2021-08-31,26559126.71999578,-7843556.328290112,33311743.784018304,62343.29603590697,-1221436.4715675472,0.0,137.49999999999997,4.0
2021-09-01,25639605.119988967,-7832402.7567008305,33319378.03823909,103708.57005314494,-1890783.9655609657,0.0,209.22000000000003,54.0
2021-09-02,24357905.27999246,-7817302.279361682,33327012.292459887,-468557.5301857718,-1615322.9197613776,0.0,63.16,82.0
2021-09-03,27086014.399990078,-7796938.244506411,33334646.54668068,-1146517.852126408,1403583.801763869,0.0,63.69999999999999,144.0
2021-09-04,25809109.599989563,-7769921.420917913,33342280.800901465,-1475790.3058471603,2722008.188306434,0.0,63.849500000000006,150.0
2021-09-05,22045187.199993692,-7734810.20839083,33349915.05512225,-1353779.0807421356,1785961.886926271,0.0,67.21999999999998,122.0
2021-09-06,18793333.11999799,-7690134.345860967,33357549.30934304,-1011143.0181790616,-1184010.520096212,1433738.1344790251,69.3,134.0
2021-09-07,22554057.59999204,-7634421.664542935,33365183.56356383,-718867.405100373,-1221436.471570423,0.0,65.85,100.0
2021-09-08,23547473.59999212,-7566227.292810389,33372817.81778462,-500003.1420305676,-1890783.9655633736,0.0,58.3,168.0
2021-09-09,24826269.91999161,-7484164.592791173,33380452.0720054,-112481.91849715608,-1615322.9197634018,0.0,59.06,136.0
2021-09-10,26295399.51999037,-7386937.000681998,33388086.326226197,682327.4148489842,1403583.8017646356,0.0,61.11999999999998,156.0
2021-09-11,25388485.599990927,-7273369.858409678,33395720.580446985,1815319.777543164,2722008.1883069216,0.0,61.099999999999994,128.0
2021-09-12,25677111.679994617,-7142441.267430998,33403354.83466777,2859028.9475593166,1785961.8869242205,0.0,57.74499999999999,108.0
2021-09-13,25110969.439988077,-6993310.969293928,33410989.088888563,3299484.354103124,-1184010.5200982422,0.0,61.52,112.0
2021-09-14,24648330.879992746,-6825346.264346185,33418623.343109354,2916632.0438325093,-1221436.4715680238,0.0,57.499999999999986,100.0
2021-09-15,24665866.079992186,-6638144.020809592,33426257.59733013,1963601.5687227603,-1890783.9655631173,0.0,62.82000000000001,112.0
2021-09-16,24316641.43999623,-6431547.901355986,33433891.85155093,1003335.895842788,-1615322.9197602633,0.0,60.19999999999999,98.0
2021-09-17,26660852.959993873,-6205660.042187631,33441526.10577172,537615.4347842222,1403583.8017547098,0.0,58.38000000000001,124.0
2021-09-18,26892880.639992427,-5960846.558188679,33449160.359992508,709677.9295155465,2722008.188305756,0.0,63.24499999999999,86.0
2021-09-19,26329667.679998606,-5697736.413474888,33456794.61421329,1270727.7837600757,1785961.8869223553,0.0,61.44,64.0
2021-09-20,27194684.799994897,-5417213.38530763,33464428.86843408,1778849.2234359032,-1184010.520097605,0.0,59.42,74.0
2021-09-21,30021973.599997345,-5120401.055332094,33472063.12265487,1848506.8202709104,-1221436.4715664622,0.0,57.5625,52.0
2021-09-22,31213679.039984655,-4808640.979468769,33479697.37687566,1296703.61530492,-1890783.965560932,0.0,58.03999999999999,64.0
2021-09-23,30587869.279991705,-4483464.409698565,33487331.63109645,167062.0124669462,-1615322.919759706,0.0,52.85999999999999,68.0
2021-09-24,29920600.639997736,-4146558.160338276,33494965.88531724,-1298298.0897203505,1403583.801757465,0.0,63.580000000000005,72.0
2021-09-25,30298694.87998967,-3799725.420993956,33502600.13953803,-2700181.6058134763,2722008.1883065924,0.0,58.692,116.0
2021-09-26,26446485.599998645,-3444842.510904066,33510234.39375881,-3576054.161591841,1785961.88692012,0.0,53.519999999999996,96.0
2021-09-27,27235477.599999532,-3083812.737952971,33517868.6479796,-3585829.875090502,-1184010.520099635,0.0,54.400000000000006,68.0
2021-09-28,30389307.519996725,-2718518.6639860068,33525502.902200397,-2725208.9666831694,-1221436.471567119,0.0,61.652,90.0
2021-09-29,27370820.639987618,-2350774.1803590506,33533137.156421185,-1403362.1631752015,-1890783.965560676,0.0,47.98,68.0
2021-09-30,27906095.03999391,-1982277.859496312,33540771.41064197,-264006.8750079532,-1615322.919756567,0.0,20.58,98.0
2021-10-01,31252503.039998572,-1614569.0659370215,33548405.66486276,182192.1594338505,1403583.8017602195,0.0,78.8225,140.0
2021-10-02,31113903.199989967,-1248988.2817700913,33556039.91908354,-133826.37490519186,2722008.1883074287,0.0,78.00000000000001,102.0
2021-10-03,28717137.599990007,-886643.0256801539,33563674.173304334,-828684.4438155908,1785961.8869293144,0.0,81.16,126.0
2021-10-04,27984191.999992855,-528380.6226322496,33571308.427525125,-1370964.8253128023,-1184010.5201003316,0.0,78.84,8.0
2021-10-05,29437791.9999976,-174768.91478918443,33578942.68174592,-1461965.9080074315,-1221436.4715677763,0.0,79.85999999999999,4.0
2021-10-06,29036292.959989674,173914.20302303522,33586576.93596671,-1189819.5337019002,-1890783.9655630835,0.0,86.88000000000002,4.0
2021-10-07,29026305.43999598,517681.78281065216,33594211.19018749,-849551.4344788736,-1615322.919758591,0.0,74.03999999999999,0.0
2021-10-08,31926230.079996813,856828.9897808763,33601845.44440828,-611332.9143727077,1403583.8017483065,0.0,76.61999999999999,4.0
2021-10-09,29697802.399997152,1191914.361699609,33609479.69862907,-346539.4738278064,2722008.188306263,0.0,77.62,4.0
2021-10-10,25417782.079994127,1523731.395310192,33617113.95284985,228781.62563135824,1785961.8869272645,0.0,80.77999999999999,0.0
2021-10-11,27712449.760000754,1853271.006303576,33624748.20707064,1226750.5105002834,-1184010.5200955202,-1334988.6848368018,81.98,0.0
2021-10-12,32466141.28001344,2181675.7168179792,33632382.46129143,2383165.99641601,-1221436.471568433,0.0,76.47999999999999,0.0
2021-10-13,32946723.520015176,2510186.717317374,33640016.71551222,3179031.6105900663,-1890783.965560164,0.0,75.24000000000001,0.0
2021-10-14,34395568.96001032,2840085.218404905,33647650.969733015,3205947.7003348707,-1615322.9197617583,0.0,76.43999999999997,0.0
2021-10-15,40207028.64003256,3172629.743529299,33655285.223953806,2479474.259449776,1403583.8017530488,0.0,74.04,0.0
2021-10-16,40971151.20002351,3508991.2073756903,33662919.4781746,1447054.3761568055,2722008.1883070995,0.0,76.56499999999998,0.0
2021-10-17,32915167.520006552,3850187.7693669326,33670553.73239537,689452.2145984265,1785961.886925399,0.0,73.80499999999999,0.0
2021-10-18,34461176.000014514,4197021.541318934,33678187.986616164,551856.3912521906,-1184010.5200962166,0.0,72.68000000000002,0.0
2021-10-19,35529480.0000403,4550019.2578811925,33685822.24083696,967849.0985963996,-1221436.4715660345,0.0,61.85999999999999,0.0
2021-10-20,32437216.480013974,4909378.985174833,33693456.49505775,1559240.0472036316,-1890783.9655625715,0.0,66.84,0.0
2021-10-21,35170142.72002091,5274924.845775411,33701090.74927853,1885407.609656133,-1615322.9197612011,0.0,70.08,0.0
2021-10-22,38881573.600033775,5646071.577360004,33708725.00349932,1652612.4810984242,1403583.801753816,0.0,67.02,0.0
2021-10-23,40965311.04003564,6021800.520835589,33716359.25772011,793239.9345668769,2722008.1883069347,0.0,68.92,0.0
2021-10-24,39628212.48003712,6400648.355786222,33723993.5119409,-545599.760689444,1785961.886923164,0.0,71.46000000000001,0.0
2021-10-25,37377046.08003263,6780709.573177331,33731627.76616169,-2036335.8673069288,-1184010.520098247,0.0,75.22000000000001,0.0
2021-10-26,37845922.240050495,7159653.305216458,33739262.02038248,-3230704.46379692,-1221436.4715689104,0.0,69.6,0.0
2021-10-27,35337321.440033585,7534754.729765638,33746896.27460327,-3699355.890429734,-1890783.9655649792,0.0,68.88000000000001,0.0
2021-10-28,38923065.60005228,7902940.842356278,33754530.52882405,-3247675.395820584,-1615322.9197606435,0.0,75.32499800000002,0.0
2021-10-29,45421905.120050676,8260849.954409189,33762164.783044845,-2083336.0453698428,1403583.8017565713,0.0,65.64000000000001,0.0
2021-10-30,51514358.56007755,8604903.84418343,33769799.03726564,-771206.3819342689,2722008.1883064224,0.0,66.66000000000001,0.0
2021-10-31,45943747.52009543,8931391.06979338,33777433.29148643,62343.29603656986,1785961.8869212985,0.0,66.47999999999999,8.0
2021-11-01,38039107.52004716,9236559.564181902,33785067.5457072,103708.57005253542,-1184010.5200976094,0.0,74.52000000000001,12.0
2021-11-02,40924069.28005959,9516716.282266824,33792701.799927995,-468557.5301838635,-1221436.4715673488,0.0,74.52000000000002,64.0
2021-11-03,43589636.800052814,9768331.372116396,33800336.054148786,-1146517.8521267588,-1890783.9655647236,0.0,79.976,222.0
2021-11-04,45292196.16004212,9988144.105315331,33807970.30836958,-1475790.3058482008,-1615322.919766392,0.0,82.92,326.0
2021-11-05,46939515.040058345,10173267.635251902,33815604.56259037,-1353779.0807430814,1403583.8017573382,0.0,80.34,642.3199999999999
2021-11-06,49902842.400071576,10321289.563299363,33823238.81681116,-1011143.0181793156,2722008.1883062576,0.0,81.24000000000001,786.0
2021-11-07,49457764.800076,10430365.286477927,33830873.07103194,-718867.4050992001,1785961.8869194335,0.0,76.18,740.0
2021-11-08,41188322.720072195,10499301.179299148,33838507.32525273,-500003.14203086746,-1184010.5200996397,809017.0871403883,81.72000000000001,678.0
2021-11-09,41150757.28005833,10527624.827412969,33846141.57947352,-112481.91849712864,-1221436.471568006,0.0,80.16,756.0
2021-11-10,41796796.000050664,10515639.779568378,33853775.83369431,682327.4148477049,-1890783.9655625373,0.0,79.5,788.0
2021-11-11,44419874.24003986,10464462.612846645,33861410.08791509,1815319.7775431096,-1615322.919763253,0.0,81.24,836.0
2021-11-12,47292276.16006064,10376040.507431457,33869044.342135884,2859028.947558872,1403583.8017620812,0.0,78.47999999999998,870.0
2021-11-13,53090491.52007561,10253147.992317827,33876678.596356675,3299484.3541026665,2722008.188307094,0.0,79.86000000000001,860.0
2021-11-14,53168974.88007485,10099362.041397551,33884312.850577466,2916632.043832181,1785961.8869282578,0.0,80.34000000000002,660.0
2021-11-15,44527746.08005494,9919015.257382024,33891947.10479826,1963601.56872258,-1184010.5200948284,0.0,78.46999999999998,680.0
2021-11-16,41476172.320051044,9717127.464900743,33899581.35901904,1003335.895842736,-1221436.471568663,0.0,79.1425,632.0
2021-11-17,46266660.159949735,9499316.628362626,33907215.61323983,537615.4347822577,-1890783.965562282,0.0,79.547172,722.0
2021-11-18,49008330.07994983,9271690.598846406,33914849.867460616,709677.9295145731,-1615322.9197652775,0.0,77.33999999999999,649.2
2021-11-19,53985136.31993213,9040721.760959182,33922484.12168141,1270727.7837579893,1403583.8017628484,0.0,83.48061399999999,782.0
2021-11-20,55683287.03993184,8813107.179251546,33930118.3759022,1778849.2234383926,2722008.188306929,0.0,20.399999999999995,672.0
2021-11-21,54185508.63993142,8595617.31881072,33937752.63012299,1848506.8202712487,1785961.8869263926,0.0,76.5,702.0
2021-11-22,53402470.879937276,8394936.821710471,33945386.88434377,1296703.615304337,-1184010.5200968587,8349058.420511884,81.505,730.0
2021-11-23,54754926.079944305,8217501.147166733,33953021.13856456,167062.01246453827,-1221436.4715693202,0.0,188.94,696.0
2021-11-24,50569382.39995977,8069333.117497473,33960655.39278535,-1298298.0897230632,-1890783.9655646896,0.0,157.85999999999999,474.0
2021-11-25,12962126.559994008,7955883.545577948,33968289.64700614,-2700181.605811683,-1615322.919762139,0.0,118.44,64.0
2021-11-26,27730084.319983944,7881880.146151117,33975923.90122693,-3576054.161591879,1403583.8017529226,0.0,229.08,438.0
2021-11-27,34644083.039976954,7851188.849650558,33983558.15544772,-3585829.8750915634,2722008.188306764,0.0,258.06,400.0
2021-11-28,39427674.55997271,7866691.442522912,33991192.40966851,-2725208.9666829137,1785961.8869243425,0.0,314.8123619999999,436.8
2021-11-29,40767584.6399713,7930183.15484878,33998826.6638893,-1403362.1631742795,-1184010.5200962212,0.0,439.62721200000004,416.0
2021-11-30,43313132.63996499,8042293.409716793,34006460.91811009,-264006.8750076974,-1221436.4715677588,0.0,582.9519359999999,563.2
2021-12-01,42765040.79995482,8202432.447657688,34014095.17233087,182192.15943411487,-1890783.9655598404,0.0,486.310796,856.0
2021-12-02,40917776.479976065,8408765.954442304,34021729.426551655,-133826.37490506103,-1615322.919759,0.0,419.261102,903.2
2021-12-03,44903389.43997234,8658219.165294176,34029363.680772446,-828684.4438141187,1403583.801755678,0.0,427.396738,1237.2
2021-12-04,47416027.199987784,8946511.20862589,34036997.93499324,-1370964.8253109884,2722008.1883066,0.0,521.877662,1255.6000000000001
2021-12-05,47407842.879990175,9268219.705334395,34044632.18921403,-1461965.9080045014,1785961.886922292,0.0,258.64000000000004,1298.0
2021-12-06,45244573.27999078,9616874.8741802,34052266.44343482,-1189819.5337031283,-1184010.5200982515,0.0,201.61999999999995,762.0
2021-12-07,45770228.159981534,9985081.629598685,34059900.69765561,-849551.4344788317,-1221436.471569797,0.0,183.67999999999998,1005.2
2021-12-08,44288247.99997075,10364667.415331217,34067534.951876394,-611332.9143729858,-1890783.965562248,0.0,83.82,1042.8
2021-12-09,47035743.35996579,10746852.815491442,34075169.20609718,-346539.47382569883,-1615322.9197584426,0.0,0.0,1195.6
2021-12-10,50818419.03996055,11122441.34303794,34082803.46031797,228781.62563175143,1403583.8017584323,0.0,0.0,1245.2
2021-12-11,51527525.59996672,11482024.242179796,34090437.71453876,1226750.5105014332,2722008.188307088,0.0,0.0,1078.4
2021-12-12,45082141.75997146,11816195.671973106,34098071.96875955,2383165.9964157725,1785961.886931301,0.0,0.0,1030.4
2021-12-13,42360141.43997235,12115773.27727386,34105706.222980335,3179031.610589589,-1184010.5201002818,0.0,0.0,893.2
2021-12-14,42811625.91997052,12372018.911727771,34113340.47720113,3205947.7003344684,-1221436.4715682357,0.0,0.0,923.6
2021-12-15,42892177.43996851,12576854.163805213,34120974.73142192,2479474.259448105,-1890783.965561992,0.0,0.0,933.6
2021-12-16,44772834.07996896,12723065.356463656,34128608.9856427,1447054.3761566903,-1615322.9197578856,0.0,0.0,951.2
2021-12-17,50647862.079956576,12804492.845430415,34136243.23986349,689452.2145976456,1403583.8017592,0.0,0.0,1145.2
2021-12-18,48793903.83996041,12816199.728790091,34143877.49408428,551856.3912532205,2722008.1883059223,0.0,0.0,882.4
2021-12-19,38512267.19998022,12754615.496264964,34151511.748305075,967849.0985948036,1785961.886929436,0.0,0.0,710.0
2021-12-20,46784682.71996928,12617650.681745691,34159146.00252586,1559240.0472018924,-1184010.5200996443,-357295.0557644886,0.0,801.2
2021-12-21,52478562.71995963,12404779.225390764,34166780.25674665,1885407.6096551167,-1221436.4715688922,0.0,0.0,834.0
2021-12-22,52948226.399960585,12117085.987238996,34174414.51096744,1652612.4810986065,-1890783.965561736,0.0,780.0779160000001,858.0
2021-12-23,56467840.9599582,11757277.665306585,34182048.765188225,793239.9345648064,-1615322.9197636335,0.0,1472.0308300000002,845.2
2021-12-24,29686122.079990286,11329656.238079147,34189683.01940901,-545599.7606906379,1403583.8017639425,0.0,477.49999999999994,336.0
2021-12-25,296269.4400000028,10840054.9527953,34197317.2736298,-2036335.8673072448,2722008.188306759,0.0,171.96,0.0
2021-12-26,17380474.3999947,10295737.794611689,34204951.52785059,-3230704.463799156,1785961.886927386,0.0,20.48,260.0
2021-12-27,25309148.47998694,9705264.274548396,34212585.78207138,-3699355.890430293,-1184010.5201016748,-13651525.8816047,0.0,386.0
2021-12-28,37976643.19997696,9078322.243087912,34220220.03629217,-3247675.3958207862,-1221436.471566494,0.0,0.0,686.0
2021-12-29,39864332.31996982,8425532.249002231,34227854.290512964,-2083336.0453707215,-1890783.96556148,0.0,0.0,760.0
2021-12-30,44274333.91996041,7758227.6982597,34235488.54473375,-771206.3819317108,-1615322.919760495,0.0,0.0,904.0
2021-12-31,48485262.23995284,7088215.7062588055,34243122.79895453,62343.29603644845,1403583.8017647096,0.0,0.0,981.6
2022-01-01,21853801.439990096,6427524.060991186,34250757.05317532,103708.57005312708,2722008.188306594,0.0,184.2619,310.4
2022-01-02,23667323.839991637,5788140.110764169,34258391.307396114,-468557.53018386697,1785961.8869253355,0.0,190.71482400000002,518.4
2022-01-03,18036331.360001713,5181747.646407823,34266025.5616169,-1146517.8521271094,-1184010.5200968634,0.0,184.94564399999996,44.0
2022-01-04,34180414.079977065,4619467.95692849,34273659.81583769,-1475790.30584517,-1221436.471569369,0.0,184.04291400000002,54.0
2022-01-05,39313090.39998866,4111611.195039666,34281294.07005848,-1353779.0807410807,-1890783.9655638875,0.0,186.16958800000003,56.96
2022-01-06,38668744.47999057,3667443.9949155888,34288928.32427927,-1011143.0181786095,-1615322.9197625192,0.0,184.778422,51.2
2022-01-07,46746256.15998625,3294978.9423429007,34296562.578500055,-718867.4050993465,1403583.801765477,0.0,278.57992,46.32
2022-01-08,43424544.63998249,3000791.014765729,34304196.832720846,-500003.1420303068,2722008.1883060816,0.0,267.447508,50.120000000000005
2022-01-09,27883764.79999286,2789865.496550308,34311831.08694163,-112481.9184960893,1785961.8869232854,0.0,279.45447600000006,0.0
2022-01-10,33565349.919991754,2665481.147638437,34319465.34116242,682327.4148485572,-1184010.5200975598,0.0,265.76233399999995,0.0
2022-01-11,46210587.999980584,2629131.5790589303,34327099.59538321,1815319.777542908,-1221436.471567808,0.0,256.366896,0.0
2022-01-12,48667539.99997077,2680486.886637296,34334733.849604,2859028.947558427,-1890783.9655636316,0.0,267.337444,0.0
2022-01-13,54061904.79996814,2817396.636789747,34342368.103824794,3299484.354104166,-1615322.9197593802,0.0,256.866986,0.0
2022-01-14,70044023.35995129,3035934.3091778937,34350002.35804558,2916632.0438310048,1403583.801755551,0.0,256.879568,0.0
2022-01-15,55480147.359965675,3330482.304858409,34357636.61226636,1963601.5687218248,2722008.1883059167,0.0,240.550888,0.0
2022-01-16,30430218.07998796,3693855.6501774658,34365270.86648715,1003335.8958408925,1785961.8869214202,0.0,247.59167399999998,0.0
2022-01-17,22539124.159995146,4117461.590623865,34372905.120707944,537615.4347831979,-1184010.5200982564,-4619027.387924766,252.90761799999996,0.0
2022-01-18,40140280.79998103,4591491.398625569,34380539.374928735,709677.9295161562,-1221436.4715662464,0.0,261.34201400000006,0.0
2022-01-19,46346655.99997522,5105139.936842014,34388173.62914953,1270727.7837584787,-1890783.965561446,0.0,247.37955800000003,0.0
2022-01-20,44336647.35997835,5646847.843533391,34395807.88337031,1778849.223436951,-1615322.9197588232,0.0,249.20305200000007,0.0
2022-01-21,52918359.519974396,6204560.656324444,34403442.1375911,1848506.820270745,1403583.801758306,0.0,247.769748,0.0
2022-01-22,45938915.679979034,6765998.778853407,34411076.391811885,1296703.615303371,2722008.188306753,0.0,249.25862000000006,0.0
2022-01-23,32245087.359988794,7318931.932125676,34418710.64603268,167062.01246607694,1785961.886919185,0.0,253.068756,0.0
2022-01-24,37964473.43998886,7851451.625353886,34426344.90025347,-1298298.0897207684,-1184010.5200947786,0.0,251.86781600000003,0.0
2022-01-25,41049443.1999831,8352235.232573677,34433979.15447425,-2700181.605811921,-1221436.4715691216,0.0,242.60658800000002,0.0
2022-01-26,36921046.23999055,8810795.47006227,34441613.40869504,-3576054.161592716,-1890783.96556119,0.0,244.900352,0.0
2022-01-27,39203580.95999157,9217709.43027898,34449247.66291583,-3585829.87509076,-1615322.9197582658,0.0,242.49742799999996,0.0
2022-01-28,49739380.4799849,9564821.831717674,34456881.917136624,-2725208.966684471,1403583.8017610614,0.0,231.257322,0.0
2022-01-29,37722038.71999186,9845417.777850837,34464516.17135741,-1403362.1631740716,2722008.188307589,0.0,228.37064,0.0
2022-01-30,24425374.399998363,10054361.066364424,34472150.4255782,-264006.8750095333,1785961.886928379,0.0,235.453984,0.0
2022-01-31,38240495.51999095,10188194.93326318,34479784.67979898,182192.15943544288,-1184010.5200954753,0.0,223.07347199999998,0.0
2022-02-01,55963898.07997851,10245203.033789167,34487418.934019774,-133826.37490493065,-1221436.4715675605,0.0,277.97922,0.0
2022-02-02,44638116.63998588,10225429.430554368,34495053.188240565,-828684.4438159346,-1890783.9655635972,0.0,251.033636,0.0
2022-02-03,40350942.39998921,10130657.354290651,34502687.44246135,-1370964.8253104878,-1615322.9197577084,0.0,273.628812,0.0
2022-02-04,46029071.99998629,9964347.49943561,34510321.69668214,-1461965.9080065652,1403583.8017491477,0.0,272.12730200000004,0.0
2022-02-05,44521339.19999276,9731537.590305189,34517955.95090293,-1189819.5337016543,2722008.1883064234,0.0,269.304138,0.0
2022-02-06,28810819.360000405,9438705.879819984,34525590.205123715,-849551.4344788409,1785961.886926329,0.0,254.25934600000005,0.0
2022-02-07,35993086.39999366,9093602.098525612,34533224.459344506,-611332.9143741061,-1184010.5200961716,0.0,256.690356,0.0
2022-02-08,40387617.27998736,8705050.136063276,34540858.7135653,-346539.47382510453,-1221436.471568217,0.0,258.69206199999996,0.0
2022-02-09,34489909.439994045,8282727.391653475,34548492.96778609,228781.6256323197,-1890783.965560678,0.0,266.98921199999995,0.0
2022-02-10,40356399.83998686,7836926.258652341,34556127.22200687,1226750.5105014248,-1615322.9197608752,0.0,257.057974,0.0
2022-02-11,52837572.47998129,7378303.598622332,34563761.47622766,2383165.9964154195,1403583.8017538905,0.0,264.58356399999997,0.0
2022-02-12,47123595.99998676,6917624.303468606,34571395.730448455,3179031.6105889725,2722008.18830726,0.0,279.87660600000004,0.0
2022-02-13,27247783.5200003,6465505.1350553725,34579029.98466924,3205947.7003356754,1785961.886924279,0.0,252.60799400000002,0.0
2022-02-14,26353790.07999473,6032164.96922243,34586664.23889002,2479474.2594492715,-1184010.520096868,0.0,248.39181000000002,0.0
2022-02-15,36960098.39998942,5627187.357729831,34594298.49311081,1447054.3761577678,-1221436.471568037,0.0,267.3063000000001,0.0
2022-02-16,37758761.4399905,5259300.964282118,34601932.747331604,689452.2145976714,-1890783.9655630852,0.0,257.615054,0.0
2022-02-17,33873008.95999281,4936182.939155394,34609567.0015524,551856.3912547819,-1615322.9197603182,0.0,270.03587000000005,0.0
2022-02-18,41066952.63998566,4664289.684932952,34617201.25577319,967849.0985952108,1403583.8017546572,0.0,265.60672999999997,0.0
2022-02-19,35276998.87998878,4448718.749743238,34624835.50999398,1559240.0472052952,2722008.188307095,0.0,251.39180200000004,0.0
2022-02-20,24021740.9599981,4293104.78309187,34632469.76421476,1885407.6096555744,1785961.8869222286,0.0,256.615774,0.0
2022-02-21,35752936.95999187,4199551.624093103,34640104.018435545,1652612.481099057,-1184010.5200988983,967319.5846475211,266.339702,0.0
2022-02-22,39544157.599975646,4168601.684857205,34647738.27265634,793239.9345664856,-1221436.4715686946,0.0,257.419978,0.0
2022-02-23,39632459.1999816,4199242.866385328,34655372.52687713,-545599.7606901296,-1890783.965565493,0.0,265.40587000000005,0.0
2022-02-24,37300568.31998273,4288952.324017574,34663006.78109792,-2036335.8673049489,-1615322.9197597608,0.0,250.67620399999998,0.0
2022-02-25,47961925.75997426,4433775.507542775,34670641.0353187,-3230704.463799295,1403583.8017574127,0.0,405.574024,0.0
2022-02-26,40888281.27997751,4628438.059545877,34678275.28953949,-3699355.8904302474,2722008.188306582,0.0,404.24640600000004,0.0
2022-02-27,26407304.639992718,4866487.385245494,34685909.543760285,-3247675.395820637,1785961.8869314226,0.0,423.122508,0.0
2022-02-28,33488772.79998747,5140460.026491643,34693543.79798107,-2083336.045371027,-1184010.520098261,0.0,503.69565599999993,0.0
2022-03-01,37514600.79997985,5442070.397827807,34701178.05220186,-771206.3819338069,-1221436.4715671325,0.0,334.79919200000006,0.0
2022-03-02,31700027.83998316,5762415.986829231,34708812.30642265,62343.29603506368,-1890783.9655625736,0.0,354.93006599999995,0.0
2022-03-03,36499399.19998297,6092193.79414811,34716446.56064344,103708.57005297534,-1615322.919765509,0.0,337.763604,0.0
2022-03-04,45263694.55997143,6421922.597458756,34724080.814864226,-468557.5301836847,1403583.801760167,0.0,351.951658,0.0
2022-03-05,33599371.51998195,6742165.570678342,34731715.06908502,-1146517.8521278903,2722008.1883064182,0.0,337.23549,0.0
2022-03-06,23556342.39999388,7043747.874747903,34739349.32330581,-1475790.3058477163,1785961.8869295574,0.0,331.52419000000003,0.0
2022-03-07,31246092.47998987,7317964.054760192,34746983.57752659,-1353779.0807416835,-1184010.5201002911,0.0,319.776568,0.0
2022-03-08,40082972.159973554,7556770.422639445,34754617.831747375,-1011143.0181793557,-1221436.4715677896,0.0,328.91119,0.0
2022-03-09,36696051.039967775,7752958.064152959,34762252.08596817,-718867.4050997173,-1890783.965563052,0.0,340.8840879999999,0.0
2022-03-10,40101997.75999494,7900302.670259265,34769886.34018896,-500003.1420297463,-1615322.9197623704,0.0,287.813766,0.0
2022-03-11,51091986.56009504,7993688.03954593,34777520.59440975,-112481.91849791347,1403583.801762923,0.0,321.794678,0.0
2022-03-12,37184847.0399627,8029200.812880957,34785154.84863054,682327.4148487584,2722008.188307254,0.0,323.319268,0.0
2022-03-13,28375909.59997343,8004194.763891733,34792789.10285133,1815319.7775427063,1785961.8869273225,0.0,325.801076,0.0
2022-03-14,36307984.00001179,7917323.759036539,34800423.357072115,2859028.947558524,-1184010.5200954797,0.0,323.70032599999996,0.0
2022-03-15,40393258.72001819,7768543.2981557455,34808057.6112929,3299484.3541034097,-1221436.471568447,0.0,325.177148,0.0
2022-03-16,38577322.23996986,7559081.329700762,34815691.86551369,2916632.043830676,-1890783.965562796,0.0,119.62533200000001,0.0
2022-03-17,34604353.75997845,7291379.784541177,34823326.11973448,1963601.56872354,-1615322.9197643944,0.0,270.6846560000001,0.0
2022-03-18,39491345.92002432,6969008.969511632,34830960.373955265,1003335.895841311,1403583.8017636898,0.0,284.893896,0.0
2022-03-19,38005398.72003475,6596557.589800845,34838594.628176056,537615.4347825884,2722008.188306089,0.0,318.616478,0.0
2022-03-20,34638831.68005096,6179501.712874847,34846228.88239685,709677.9295145756,1785961.886925457,0.0,335.706668,0.0
2022-03-21,31165360.64000489,5724056.433613189,34853863.13661764,1270727.7837589683,-1184010.5200961763,0.0,313.17408000000006,0.0
2022-03-22,33365426.560000524,5237014.340978722,34861497.39083842,1778849.2234374748,-1221436.471569104,0.0,301.567914,0.0
2022-03-23,30884528.799980238,4725575.114235543,34869131.64505921,1848506.8202712869,-1890783.9655652037,0.0,318.28353,0.0
2022-03-24,31127478.71997716,4197170.687981673,34876765.899280004,1296703.615303553,-1615322.9197612556,0.0,314.27085200000005,0.0
2022-03-25,35916752.15997098,3659290.4196175016,34884400.15350079,167062.012463996,1403583.801753764,0.0,317.19212200000004,0.0
2022-03-26,35478188.15996337,3119310.573071672,34892034.40772158,-1298298.0897187688,2722008.188306577,0.0,302.57194400000003,0.0
2022-03-27,32985249.43996402,2584332.2043862278,34899668.66194237,-2700181.6058121584,1785961.886923407,0.0,318.391788,0.0
2022-03-28,32829059.199965212,2061031.206519156,34907302.91616316,-3576054.1615918004,-1184010.5200968725,0.0,306.537734,0.0
2022-03-29,38325698.55996407,1555523.8534350311,34914937.170383945,-3585829.8750901744,-1221436.4715675423,0.0,307.15212800000006,0.0
2022-03-30,33608269.759972185,1073250.690323597,34922571.42460473,-2725208.96668302,-1890783.9655603543,0.0,310.56839400000007,0.0
2022-03-31,37378540.159971096,618881.0624578776,34930205.67882552,-1403362.1631738637,-1615322.919758117,0.0,283.539644,0.0
2022-04-01,44894193.1199952,196239.9759125338,34937839.93304631,-264006.87500927737,1403583.8017565191,0.0,660.4924579999999,0.0
2022-04-02,42870789.280019216,-191741.64383626517,34945474.1872671,182192.15943460463,2722008.1883064127,0.0,670.0631159999999,0.0
2022-04-03,40172226.88002166,-543052.8671321074,34953108.44148789,-133826.37490444418,1785961.886921357,0.0,683.419922,0.0
2022-04-04,36304230.400016226,-856605.0518719349,34960742.69570868,-828684.4438152061,-1184010.5200989028,0.0,620.92305,0.0
2022-04-05,37485856.32002377,-1132211.3219517628,34968376.94992947,-1370964.8253086742,-1221436.4715695807,0.0,1092.8094380000002,0.0
2022-04-06,38856869.760019116,-1370544.6110026669,34976011.20415025,-1461965.9080072213,-1890783.9655627615,0.0,1090.7870579999997,0.0
2022-04-07,39943551.68001047,-1573076.1649040142,34983645.45837104,-1189819.5337021174,-1615322.9197601413,0.0,1094.219578,0.0
2022-04-08,45821715.04002398,-1741996.8456723017,34991279.71259183,-849551.4344788499,1403583.801759274,0.0,1101.427704,0.0
2022-04-09,41248947.039977886,-1880123.952039016,34998913.96681262,-611332.9143736716,2722008.188306248,0.0,1116.901572,0.0
2022-04-10,32098266.399974238,-1990796.5605620355,35006548.22103341,-346539.473826809,1785961.886930366,0.0,1096.423908,0.0
2022-04-11,34289710.07998195,-2077762.5896697263,35014182.4752542,228781.6256326176,-1184010.520100933,0.0,1070.749206,0.0
2022-04-12,38769167.99996934,-2145060.894888625,35021816.72947499,1226750.5105001412,-1221436.4715680196,0.0,1071.735822,0.0
2022-04-13,39676501.439960256,-2196901.7162006474,35029450.98369578,2383165.9964158707,-1890783.9655625056,0.0,1099.3907959999997,0.0
2022-04-14,41509733.91996987,-2237548.720364857,35037085.23791657,3179031.610588636,-1615322.9197570025,0.0,1112.235,0.0
2022-04-15,47770414.88002496,-2271205.7168462984,35044719.49213735,3205947.7003330057,1403583.801760041,0.0,1069.530178,0.0
2022-04-16,45274863.360013165,-2301910.8826793386,35052353.74635814,2479474.25944902,2722008.188306083,0.0,1066.907592,0.0
2022-04-17,25084911.35997602,-2333441.018221392,35059988.00057893,1447054.3761552535,1785961.8869285006,0.0,1077.717398,0.0
2022-04-18,36645947.83997035,-2369227.9830841618,35067622.25479972,689452.2145976893,-1184010.5201002955,0.0,1109.576554,0.0
2022-04-19,37083385.75998059,-2412289.041641137,35075256.50902051,551856.3912527863,-1221436.4715686769,0.0,1098.6791260000002,0.0
2022-04-20,34305423.67998033,-2465172.3936151373,35082890.7632413,967849.0985933886,-1890783.9655622495,0.0,1111.4389120000003,0.0
2022-04-21,35094912.47997149,-2529918.6910584504,35090525.01746208,1559240.047202958,-1615322.9197627506,0.0,1107.863082,0.0
2022-04-22,37182616.959969066,-2608038.8625354664,35098159.27168287,1885407.6096555984,1403583.8017521028,0.0,1102.923614,0.0
2022-04-23,34874333.27997111,-2700508.0922977505,35105793.525903665,1652612.481097818,2722008.1883069198,0.0,1110.2536840000002,0.0
2022-04-24,37212178.3999669,-2807775.349890934,35113427.780124456,793239.9345663382,1785961.8869262654,0.0,1130.370352,0.0
2022-04-25,38035309.75995947,-2929787.44621171,35121062.03434525,-545599.7606904724,-1184010.520102326,0.0,1126.7450520000004,0.0
2022-04-26,38448161.599958204,-3066026.2165650576,35128696.28856603,-2036335.8673052655,-1221436.4715684962,0.0,1095.5046780000002,0.0
2022-04-27,34720811.03996154,-3215557.109170511,35136330.54278682,-3230704.4637978678,-1890783.965561994,0.0,1104.624172,0.0
2022-04-28,33003645.75996549,-3377087.196489655,35143964.79700761,-3699355.890429343,-1615322.919759612,0.0,1122.880488,0.0
2022-04-29,34997981.279979065,-3549030.4324295875,35151599.05122839,-3247675.3958203536,1403583.8017528704,0.0,1125.4258260000001,0.0
2022-04-30,35010482.239974655,-3729577.8544259705,35159233.30544918,-2083336.0453687,2722008.1883067545,0.0,1144.3011720000002,0.0
2022-05-01,36708636.63997228,-3916770.3772444646,35166867.55966997,-771206.3819327152,1785961.8869244002,0.0,1023.2417099999998,0.0
2022-05-02,33150245.91997926,-4108571.844249304,35174501.81389076,62343.29603738271,-1184010.5200975144,0.0,529.257088,0.0
2022-05-03,33606264.15998563,-4302940.089267312,35182136.068111554,103708.57005273766,-1221436.4715691532,0.0,377.69230999999996,0.0
2022-05-04,33906953.280045696,-4497893.9133166345,35189770.322332345,-468557.5301847384,-1890783.9655644011,0.0,281.529754,0.0
2022-05-05,32117976.480032217,-4691574.089037131,35197404.576553136,-1146517.8521255536,-1615322.9197616363,0.0,276.645584,0.0
2022-05-06,33522010.560039014,-4882296.763644684,35205038.83077391,-1475790.305845992,1403583.8017536374,0.0,263.06258599999995,0.0
2022-05-07,33756323.52004674,-5068597.929596808,35212673.0849947,-1353779.0807414094,2722008.1883062418,0.0,270.76247,0.0
2022-05-08,26769170.080021653,-5249267.960659942,35220307.339215495,-1011143.0181796098,1785961.88692235,0.0,280.45719399999996,0.0
2022-05-09,30104409.280034762,-5423375.559098648,35227941.593436286,-718867.4050994834,-1184010.5200982112,0.0,268.66947,0.0
2022-05-10,29996945.920026317,-5590280.816073408,35235575.84765707,-500003.1420300461,-1221436.4715675917,0.0,270.59791199999995,0.0
2022-05-11,30179131.680045564,-5749637.4411844965,35243210.10187786,-112481.91849808062,-1890783.9655614817,0.0,270.27791599999995,0.0
2022-05-12,31603497.76004439,-5901384.5576727735,35250844.35609865,682327.4148492997,-1615322.9197584973,0.0,271.51545799999997,0.0
2022-05-13,31549261.92004328,-6045728.777211463,35258478.61031944,1815319.7775427515,1403583.8017583806,0.0,268.209332,0.0
2022-05-14,30434494.240041323,-6183117.5534073785,35266112.86454023,2859028.947558364,2722008.188306077,0.0,273.48523,0.0
2022-05-15,33114472.64004886,-6314205.058308259,35273747.11876102,3299484.354102953,1785961.8869204847,0.0,270.81150799999995,0.0
2022-05-16,31140965.92004353,-6439812.02500131,35281381.3729818,2916632.043831196,-1184010.5200989076,0.0,265.09966399999996,0.0
2022-05-17,30923974.720039904,-6560881.146865564,35289015.62720259,1963601.568720908,-1221436.4715660303,0.0,268.402364,0.0
2022-05-18,30564044.96003128,-6678429.717173846,35296649.881423384,1003335.8958412583,-1890783.96556196,0.0,261.130596,0.0
2022-05-19,30930521.440034397,-6793501.229998431,35304284.135644175,537615.4347833998,-1615322.91975794,0.0,252.73710000000003,0.0
2022-05-20,33875956.64005009,-6907117.645132569,35311918.389864966,709677.9295154877,1403583.8017591476,0.0,257.55586800000003,0.0
2022-05-21,33036780.480042286,-7020233.948031612,35319552.64408574,1270727.783759244,2722008.188306913,0.0,266.53418,0.0
2022-05-22,37286289.92006185,-7133696.514089266,35327186.89830653,1778849.2234352056,1785961.8869182495,0.0,264.88845200000003,0.0
2022-05-23,34595400.320049986,-7248206.620136728,35334821.152527325,1848506.8202706815,-1184010.52009543,0.0,264.52223599999996,0.0
2022-05-24,33031069.120044634,-7364290.240976294,35342455.40674812,1296703.615303564,-1221436.4715689055,0.0,264.52069400000005,0.0
2022-05-25,32961333.120039217,-7482275.032558426,35350089.66096891,167062.0124637251,-1890783.965561704,0.0,275.298468,0.0
2022-05-26,32429385.440035485,-7602275.144176707,35357723.9151897,-1298298.0897191255,-1615322.9197636882,0.0,252.14641,0.0
2022-05-27,34226818.8800467,-7724184.228397989,35365358.16941048,-2700181.6058123964,1403583.8017619024,0.0,139.067554,0.0
2022-05-28,32967990.24004235,-7847676.738421424,35372992.42363127,-3576054.16159184,2722008.1883057486,0.0,114.61999599999999,0.0
2022-05-29,29435525.12003033,-7972217.3269378,35380626.67785206,-3585829.875089446,1785961.886927444,0.0,112.37999400000001,0.0
2022-05-30,27784493.12002664,-8097077.897037982,35388260.93207285,-2725208.966684494,-1184010.5200947926,1380375.6820078543,108.699992,0.0
2022-05-31,30534284.800030507,-8221361.612251028,35395895.18629363,-1403362.16317522,-1221436.4715673444,0.0,106.91999,0.0
2022-06-01,32800178.560041152,-8344032.956698891,35403529.44051442,-264006.8750069323,-1890783.9655641117,0.0,301.71573400000005,0.0
2022-06-02,32614047.840043046,-8463952.753778076,35411163.694735214,182192.1594348684,-1615322.9197631313,0.0,279.609184,0.0
2022-06-03,34744381.44005294,-8579916.907877332,35418797.948956005,-133826.37490466976,1403583.8017499882,0.0,283.59864400000004,0.0
2022-06-04,33984788.96005224,-8690697.532071764,35426432.2031768,-828684.4438152221,2722008.188306584,0.0,288.096286,0.0
