ds,SALES,yearly,trend,monthly,weekly,holidays,KPM_COST_EMOD,PLA_AD_SPEND_PLA,TOA_AD_SPEND_TOA
2021-06-06,13778446.239997894,-338429.6286816655,13521203.02776129,-334475.9275336685,712841.3877925308,0.0,0.0,0.0,0.0
2021-06-07,12169557.599999078,-334406.11572654545,13529407.052367115,-79906.13825148362,-523123.74282568274,0.0,0.0,0.0,0.0
2021-06-08,11694337.119998755,-328098.76779630315,13537611.076972945,162420.0246532751,-688841.1791702975,0.0,0.0,0.0,0.0
2021-06-09,12267758.39999898,-320175.43439480406,13545815.101578768,330657.1722317509,-640724.5174748817,0.0,0.0,0.0,0.0
2021-06-10,13266922.559997411,-311255.22002687585,13554019.1261846,426509.3638152995,-113948.68866633013,0.0,0.0,0.0,0.0
2021-06-11,13474868.319998432,-301882.9940361594,13562223.150790423,487343.4573780918,572969.0234921077,0.0,0.0,0.0,0.0
2021-06-12,13370786.87999839,-292507.099002138,13570427.17539625,541694.6207181818,680827.7168522367,0.0,0.0,0.0,0.0
2021-06-13,13464402.399997827,-283461.02499411145,13578631.20000208,586362.9434724568,712841.3877920203,0.0,0.0,0.0,0.0
2021-06-14,11970094.23999892,-274949.6813294695,13586835.224607907,596940.554348715,-523123.74282617,0.0,0.0,0.0,0.0
2021-06-15,11744075.999998469,-267040.74179299985,13595039.249213733,554405.09077628,-688841.1791705837,0.0,0.0,0.0,0.0
2021-06-16,11169112.799999362,-259661.3684277208,13603243.273819558,462931.9975616504,-640724.5174755817,0.0,0.0,0.0,0.0
2021-06-17,12017157.759999208,-252600.43857457695,13611447.298425388,348612.49090996484,-113948.68866702664,0.0,0.0,0.0,0.0
2021-06-18,13007563.520000169,-245516.2155068961,13619651.323031217,246169.95795631676,572969.0234905579,0.0,0.0,0.0,0.0
2021-06-19,13430509.600000182,-237949.22071345936,13627855.34763704,184695.58690460955,680827.7168528464,0.0,0.0,0.0,0.0
2021-06-20,11407709.279999414,-229339.89137795585,13636059.37224287,175891.8408833265,712841.3877914071,0.0,0.0,0.0,0.0
2021-06-21,10686863.519999407,-219050.4454851561,13644263.396848695,203667.26765664865,-523123.74282665714,0.0,0.0,0.0,0.0
2021-06-22,10951481.279999454,-206390.234338532,13652467.421454525,219802.53949310552,-688841.1791695516,0.0,0.0,0.0,0.0
2021-06-23,10540344.319999494,-190643.74267689572,13660671.44606035,157668.45271924272,-640724.5174736264,0.0,0.0,0.0,0.0
2021-06-24,11290523.359999614,-171100.303829964,13668875.470666178,-30661.05828814499,-113948.6886669494,0.0,0.0,0.0,0.0
2021-06-25,12254856.31999953,-147084.5344252201,13677079.495272003,-330487.1334276007,572969.0234912209,0.0,0.0,0.0,0.0
2021-06-26,11893454.559999723,-117986.46210123808,13685283.519877832,-648372.42837636,680827.7168527627,0.0,0.0,0.0,0.0
2021-06-27,11881693.280000236,-83290.32152963818,13693487.544483658,-849499.4550009111,712841.3877909993,0.0,0.0,0.0,0.0
2021-06-28,11243242.719999453,-42601.02878929053,13701691.569089483,-836582.5071205406,-523123.7428243323,1467237.6651481776,0.0,0.0,0.0
2021-06-29,11316147.200000098,4332.589222379429,13709895.59369531,-619758.8639565749,-688841.1791708571,0.0,0.0,0.0,0.0
2021-06-30,12136121.119997976,57598.63717692511,13718099.605656443,-322781.0045124556,-640724.5174743264,0.0,0.0,0.0,0.0
2021-07-01,14777168.799996728,117107.76896594306,13726303.617617572,-111907.43701693918,-113948.6886668722,0.0,0.0,0.0,0.0
2021-07-02,15329864.319998382,182584.13763851445,13734507.6295787,-91783.92664948356,572969.0234918838,0.0,0.0,0.0,0.0
2021-07-03,14557137.919997878,253562.06966582488,13742711.641539833,-240776.5374433477,680827.7168529645,0.0,0.0,0.0,0.0
2021-07-04,11390921.119997848,329388.6772125706,13750915.65350096,-431415.8247023661,712841.387790386,0.0,0.0,0.0,0.0
2021-07-05,10653128.95999878,409232.43587960827,13759119.665462092,-519189.3245869759,-523123.7428248197,-2531699.847625435,0.0,0.0,0.0
2021-07-06,11541374.239998823,492097.5671518747,13767323.67742322,-434057.3463527329,-688841.1791701242,0.0,0.0,0.0,0.0
2021-07-07,14998693.759998715,576843.8804460012,13775527.689384352,-211787.73168883225,-640724.517473699,0.0,0.0,0.0,0.0
2021-07-08,15342575.039998543,662211.5549585422,13783731.70134548,48167.17311272711,-113948.68866679502,0.0,0.0,0.0,0.0
2021-07-09,17202564.799999084,746850.1820247958,13791935.71330661,257045.8368976017,572969.0234913996,0.0,0.0,0.0,0.0
2021-07-10,16948155.35999841,829351.2493905777,13800139.725267738,385581.4909356445,680827.716852187,0.0,0.0,0.0,0.0
2021-07-11,16798202.719999,908283.1341797695,13808343.737228869,458872.7731669904,712841.3877897728,0.0,0.0,0.0,0.0
2021-07-12,15042853.759999303,982227.585021882,13816547.74919,514765.0391478412,-523123.74282530666,0.0,0.0,0.0,0.0
2021-07-13,15167267.19999942,1049816.6186411136,13824751.76115113,566568.4759912519,-688841.1791704106,0.0,0.0,0.0,0.0
2021-07-14,14204726.400000622,1109768.7340166986,13832955.773112258,597527.6928647497,-640724.5174748633,0.0,0.0,0.0,0.0
2021-07-15,15433632.960000591,1160923.3588646448,13841159.78507339,582669.0103233492,-113948.68866749151,0.0,0.0,0.0,0.0
2021-07-16,16517124.320000008,1202272.488412668,13849363.79703452,513539.8809699321,572969.0234932096,0.0,0.0,0.0,0.0
2021-07-17,16490793.920000385,1232988.5540199217,13857567.808995647,406479.0284128051,680827.716852797,0.0,0.0,0.0,0.0
2021-07-18,16023283.040000014,1252447.666818868,13865771.820956776,293810.0535835997,712841.3877893649,0.0,0.0,0.0,0.0
2021-07-19,14368633.59999985,1260247.5160703557,13873975.832917908,209043.82526957412,-523123.7428224733,0.0,0.0,0.0,0.0
2021-07-20,13962512.479999548,1256219.359225033,13882179.844879037,173957.8528932443,-688841.1791696779,0.0,0.0,0.0,0.0
2021-07-21,10893068.639999688,1240433.716032413,13890383.856840167,187509.7361169262,-640724.5174742356,0.0,0.0,0.0,0.0
2021-07-22,11511496.319999536,1213199.567078084,13898587.868801296,217256.02797343495,-113948.68866604076,0.0,0.0,0.0,0.0
2021-07-23,12303042.239999814,1175057.0520809896,13906791.880762424,202509.82727760615,572969.0234927254,0.0,0.0,0.0,0.0
2021-07-24,12218516.319999728,1126763.8591840763,13914995.892723557,80242.85697362485,680827.7168527129,0.0,0.0,0.0,0.0
2021-07-25,12521913.920000354,1069275.6872330827,13923199.904684683,-170787.03321414828,712841.387791692,0.0,0.0,0.0,0.0
2021-07-26,10777148.640000014,1003721.3427879638,13931403.916645814,-495443.8690289863,-523123.74282346905,0.0,0.0,0.0,0.0
2021-07-27,11014431.360000022,931373.1967255896,13939607.928606946,-771509.3673834758,-688841.1791709834,0.0,0.0,0.0,0.0
2021-07-28,12008520.799997548,853613.8666863588,13947811.940568076,-872161.3562427481,-640724.5174749357,0.0,0.0,0.0,0.0
2021-07-29,13619904.479996236,771900.1068444592,13956015.952529203,-748080.1343073491,-113948.68866733708,0.0,0.0,0.0,0.0
2021-07-30,13681294.239997262,687724.9718635381,13964219.964490334,-470660.179092178,572969.0234911755,0.0,0.0,0.0,0.0
2021-07-31,13446388.79999788,602579.3747394574,13972423.976451464,-197477.04528418515,680827.7168526291,0.0,0.0,0.0,0.0
2021-08-01,14177744.63999725,517914.1766899045,13980627.988412594,-76186.86875216388,712841.3877911816,0.0,0.0,0.0,599.6480000000001
2021-08-02,12569146.71999867,435103.9307531616,13988832.000373725,-151464.51158977655,-523123.7428234476,0.0,0.0,0.0,442.596
2021-08-03,12411377.759998018,355413.34955530264,13997036.012334852,-340770.7017386916,-688841.1791702504,0.0,0.0,0.0,304.47200000000004
2021-08-04,12342311.519998744,279967.48337402416,14005240.024295984,-495045.4843245957,-640724.5174729804,0.0,0.0,0.0,394.716
2021-08-05,13471655.679997234,209726.479571732,14013444.036257112,-498290.7475225797,-113948.68866588634,0.0,0.0,0.0,373.0999999999999
2021-08-06,14183783.51999841,145465.65220173856,14021648.04821824,-334475.9275335373,572969.0234918385,0.0,0.0,0.0,744.5203199999999
2021-08-07,14637490.719998153,87761.42538150678,14029852.060179371,-79906.1382516298,680827.7168525455,0.0,0.0,0.0,1064.4704900000002
2021-08-08,14810623.679997798,36983.53095617307,14038056.0721405,162420.02465364517,712841.3877905683,0.0,0.0,0.0,1131.93066
2021-08-09,12973041.439998588,-6706.354384888035,14046260.084101632,330657.1722318368,-523123.74282444327,0.0,0.0,0.0,789.48502
2021-08-10,13208237.59999887,-43349.54893376726,14054464.09606276,426509.36381569214,-688841.1791702375,0.0,0.0,0.0,482.84225
2021-08-11,12528434.880000364,-73179.10070351764,14062668.10802389,487343.4573780997,-640724.5174736805,0.0,0.0,0.0,408.2077099999999
2021-08-12,13111306.400000073,-96602.7302957828,14070872.119985022,541694.6207180193,-113948.68866580912,0.0,0.0,0.0,391.02404
2021-08-13,14082826.400000185,-114180.57795335428,14079076.13194615,586362.943472678,572969.0234925015,0.0,791431.0,675.6964799999998,547.0732780000001
2021-08-14,14168051.51999996,-126598.51549552228,14087280.14390728,596940.5543485194,680827.7168531553,0.0,0.0,1117.179834,1315.488533
2021-08-15,15082682.4000011,-134637.9250348267,14095484.15586841,554405.0907764478,712841.387793101,0.0,0.0,32.96,1400.853999
2021-08-16,13163253.279999498,-139142.95963787785,14102698.597074153,462931.9975616349,-523123.742825439,0.0,0.0,22.556842,861.2979699999999
2021-08-17,12657878.87999969,-140986.38261916413,14109913.038279897,348612.4909099961,-688841.1791705239,0.0,0.0,42.254735999999994,650.440043
2021-08-18,12301724.799999416,-141035.12936778466,14117127.479485637,246169.95795639328,-640724.5174748449,0.0,0.0,29.853331999999998,5.18734
2021-08-19,13376431.999999268,-140116.74660003267,14124341.92069138,184695.5869047026,-113948.68866573188,0.0,0.0,30.858569999999993,0.0
2021-08-20,13887826.879999854,-138987.8383521361,14131556.361897124,175891.84088307535,572969.0234920173,0.0,0.0,32.85,0.0
2021-08-21,14041577.280000303,-138305.58624262037,14138770.803102868,203667.26765652624,680827.7168519697,0.0,0.0,27.557499999999997,0.0
2021-08-22,15318349.60000089,-138603.3153436153,14145985.244308608,219802.53949315855,712841.3877924879,0.0,0.0,25.240000000000002,0.0
2021-08-23,12642492.799999913,-140270.94912247642,14153199.685514351,157668.45271956702,-523123.7428254176,0.0,0.0,43.891206,0.0
2021-08-24,12081465.759999584,-143541.04110345282,14160414.126720097,-30661.05828808172,-688841.17917081,0.0,0.0,29.384721999999996,0.0
2021-08-25,12683999.519998306,-148480.89187338174,14167628.56792584,-330487.133427957,-640724.5174755452,0.0,0.0,33.94,0.0
2021-08-26,13992478.719996579,-154991.0631542363,14174843.00913158,-648372.4283763369,-113948.68866780197,0.0,0.0,28.456205999999995,0.0
2021-08-27,14602383.51999748,-162810.39200727677,14182057.450337322,-849499.4550008186,572969.0234915328,0.0,0.0,16.22,0.0
2021-08-28,14929038.719997637,-171527.3941776088,14189271.891543066,-836582.5071208325,680827.7168525796,0.0,0.0,15.015594,0.0
2021-08-29,15548691.839997342,-180597.732840602,14196486.332748808,-619758.8639565494,712841.3877919771,0.0,0.0,24.319999999999997,0.0
2021-08-30,13104402.719999,-189367.22426295927,14203700.773954552,-322781.0045128047,-523123.7428264133,0.0,0.0,0.0,0.0
2021-08-31,12911497.119998092,-197099.6616028556,14210915.215160295,-111907.4370169172,-688841.1791700776,0.0,0.0,0.0,0.0
2021-09-01,13360556.479998298,-203008.5684180912,14218129.656366035,-91783.9266494618,-640724.5174735896,0.0,0.0,87.87200000000001,0.0
2021-09-02,14256132.31999709,-206291.84992590916,14225344.09757178,-240776.5374434816,-113948.6886663512,0.0,0.0,70.22399999999999,581.787319
2021-09-03,15801923.679998001,-206168.19746866744,14232558.538777525,-431415.8247024668,572969.0234933431,0.0,0.0,75.57249999999999,1437.6285309999998
2021-09-04,14883266.879998244,-201914.0238949428,14239772.979983266,-519189.32458707865,680827.7168524959,0.0,0.0,66.11,1557.248211
2021-09-05,13826231.039997851,-192899.66748329127,14246987.421189006,-434057.34635261394,712841.3877914667,0.0,0.0,70.575,1598.5148310000002
2021-09-06,13562128.47999811,-178623.60138378726,14254201.86239475,-211787.731688946,-523123.74282357993,844995.8923166377,0.0,81.69,1788.1316350000004
2021-09-07,12697950.399999157,-158743.42484315648,14261416.303600494,48167.17311251111,-688841.1791713828,0.0,0.0,70.7545,979.6902229999996
2021-09-08,15146662.879999395,-133102.49104309065,14268630.744806236,257045.83689730117,-640724.5174742898,0.0,0.0,83.312,1050.7131450000002
2021-09-09,16351428.639999151,-101751.14232763142,14275845.186011976,385581.49093572673,-113948.68866764754,0.0,0.0,70.206996,1244.116299
2021-09-10,17190980.159999896,-64961.6738436949,14283059.62721772,458872.7731670296,572969.0234928587,0.0,0.0,84.08399999999999,1242.7667179999999
2021-09-11,17760316.640000157,-23236.327073557804,14290274.068423465,514765.03914796567,680827.7168526973,0.0,0.0,50.550996,1357.384317
2021-09-12,18672224.31999919,22692.179787777844,14297488.509629209,566568.4759912434,712841.3877909562,0.0,0.0,59.86,2527.3462680000002
2021-09-13,16385056.480000077,71867.85301420554,14304702.95083495,597527.6928642949,-523123.74282457575,0.0,0.0,68.629694,1481.3521509999998
2021-09-14,15710056.159999821,123126.38736575036,14311917.392040694,582669.0103236634,-688841.1791703509,0.0,0.0,86.885128,861.8565489999999
2021-09-15,15573995.519999499,175117.68159533574,14319131.833246434,513539.8809698951,-640724.517473662,0.0,0.0,72.145334,1198.226196
2021-09-16,16731701.43999989,226335.45332458723,14326346.274452178,406479.0284128497,-113948.68866619676,0.0,0.0,70.783274,1159.771142
2021-09-17,17634434.87999937,275153.2696056243,14333560.715657922,293810.05358385295,572969.0234913089,0.0,0.0,66.422,1183.7956300000003
2021-09-18,16949557.4399988,319866.09425918496,14340775.15686366,209043.82526921423,680827.71685192,0.0,0.0,54.881028,1298.8963400000002
2021-09-19,18114185.439999104,358736.261012459,14347989.598069403,173957.85289335015,712841.3877903429,0.0,0.0,63.60922000000001,1648.39566
2021-09-20,15492093.439998792,390042.6186605299,14355204.039275149,187509.73611700488,-523123.7428245542,0.0,0.0,61.221616,1162.9544600000004
2021-09-21,15309366.71999902,412131.4663494833,14362418.480480893,217256.02797331804,-688841.1791696181,0.0,0.0,56.2228,835.1795600000002
2021-09-22,12399704.799998257,423467.8079906149,14369632.921686634,202509.82727774803,-640724.5174748265,0.0,0.0,70.086428,817.0267799999999
2021-09-23,14061938.71999643,422685.4080645479,14376847.362892378,80242.85697404148,-113948.68866611956,0.0,0.0,38.60999999999999,750.73694
2021-09-24,13881121.919997834,408634.1287281804,14384061.80409812,-170787.03321380072,572969.0234919718,0.0,0.0,63.27166600000001,630.61187
2021-09-25,13998245.279997446,380423.07095704926,14391276.245303862,-495443.86902898527,680827.71685253,0.0,0.0,34.55,754.88805
2021-09-26,14364924.159996767,337458.1298919426,14398490.686509604,-771509.3673834363,712841.3877899351,0.0,0.0,46.132000000000005,920.90996
2021-09-27,12988177.279998232,279472.7047132653,14405705.12771535,-872161.3562426991,-523123.74282554985,0.0,0.0,40.31931000000001,207.17376999999993
2021-09-28,12476112.63999818,206550.47306663587,14412919.568921093,-748080.134306973,-688841.1791699043,0.0,0.0,41.719166,0.0
2021-09-29,11981671.519998426,119139.3449153822,14420134.010126833,-470660.1790925538,-640724.5174741988,0.0,0.0,24.75,0.0
2021-09-30,13550363.519997321,18055.94521789935,14427348.451332577,-197477.04528407168,-113948.6886646688,0.0,0.0,45.6185,0.0
2021-10-01,13191541.439998697,-95519.7673819601,14434562.89253832,-76186.86875223751,572969.0234926348,0.0,0.0,45.4,0.0
2021-10-02,13329364.799998347,-220059.86484135815,14441777.333744064,-151464.5115898891,680827.7168531399,0.0,0.0,39.400000000000006,0.0
2021-10-03,14557171.039998367,-353713.63379190915,14448991.774949804,-340770.70173882006,712841.3877922624,0.0,0.0,37.2,0.0
2021-10-04,12543048.159998512,-494342.13384952105,14456206.216155548,-495045.4843250747,-523123.74282603705,0.0,0.0,39.199999999999996,0.0
2021-10-05,11674443.03999873,-639561.410171419,14463420.657361291,-498290.747522692,-688841.1791701908,0.0,0.0,38.199999999999996,0.0
2021-10-06,12542658.079998737,-786793.3818991694,14470635.098567037,-334475.9275332205,-640724.5174748991,0.0,0.0,40.6,0.0
2021-10-07,13156467.359997917,-933323.1934449356,14477849.539772777,-79906.13825165217,-113948.68866596514,0.0,0.0,39.2,0.0
2021-10-08,13552288.15999825,-1076361.6117346685,14485063.98097852,162420.02465349654,572969.0234899378,0.0,0.0,38.0,0.0
2021-10-09,13036477.279999046,-1213110.885751682,14492278.422184262,330657.17223152623,680827.7168523624,0.0,0.0,40.4,0.0
2021-10-10,13402158.879998501,-1340832.360362145,14499492.863390004,426509.3638154308,712841.3877917519,0.0,0.0,39.400000000000006,0.0
2021-10-11,12742610.879998554,-1456914.058508359,14506707.304595748,487343.4573782781,-523123.7428232037,-21514.10357607277,0.0,36.4,0.0
2021-10-12,11832929.59999892,-1558936.4172973058,14513921.745801492,541694.6207182045,-688841.1791704771,0.0,0.0,38.2,0.0
2021-10-13,11766759.519999355,-1644734.385686254,14521136.187007232,586362.943472595,-640724.5174729435,0.0,0.0,33.2,0.0
2021-10-14,12683061.119998634,-1712454.1643687985,14528350.628212975,596940.5543484378,-113948.68866666163,0.0,0.0,37.400000000000006,0.0
2021-10-15,13339812.319998832,-1760602.9906281969,14535565.06941872,554405.0907763923,572969.0234917478,0.0,0.0,39.4,0.0
2021-10-16,12953592.639999075,-1788090.53942402,14542779.51062446,462931.99756177474,680827.7168529722,0.0,0.0,37.2,0.0
2021-10-17,14257265.759998273,-1794260.7225651166,14549993.951830205,348612.4909099172,712841.3877911385,0.0,0.0,36.2,0.0
2021-10-18,12550007.03999922,-1778912.91498526,14557208.393035946,246169.95795569336,-523123.7428236909,0.0,0.0,38.199999999999996,0.0
2021-10-19,13007004.159998734,-1742311.9142526467,14564422.834241688,184695.5869052006,-688841.179169445,0.0,0.0,36.199999999999996,0.0
2021-10-20,13830757.43999724,-1685186.238989249,14571637.275447432,175891.8408830662,-640724.5174736438,0.0,0.0,36.0,0.0
2021-10-21,15710880.479994947,-1608714.685611851,14578851.716653176,203667.26765663145,-113948.68866658444,0.0,0.0,37.2,0.0
2021-10-22,15948770.399996167,-1514501.3819875056,14586066.15785892,219802.5394931292,572969.0234912636,0.0,0.0,37.400000000000006,0.0
2021-10-23,15502066.239995927,-1404539.8923061518,14593280.59906466,157668.45271923058,680827.7168528882,0.0,0.0,31.000000000000004,0.0
2021-10-24,16754778.719995847,-1281167.2307301871,14600495.040270405,-30661.05828809434,712841.3877907308,0.0,0.0,38.20000000000001,0.0
2021-10-25,14717236.319996934,-1147008.9235644285,14607709.481476149,-330487.1334276229,-523123.7428246866,0.0,0.0,35.99999999999999,0.0
2021-10-26,14075183.039997814,-1004916.512661198,14614923.922681889,-648372.4283760234,-688841.1791707503,0.0,0.0,32.2,0.0
2021-10-27,12892545.119998304,-857899.1091459373,14622138.36388763,-849499.4550007703,-640724.5174743439,0.0,0.0,35.800000000000004,0.0
2021-10-28,14263742.559996635,-709050.7799960737,14629352.805093374,-836582.5071207891,-113948.68866650722,0.0,0.0,34.599999999999994,0.0
2021-10-29,14162568.319997834,-561475.6752123073,14636567.246299118,-619758.8639564307,572969.0234919265,0.0,0.0,30.4,0.0
2021-10-30,14558021.119997537,-418212.8765541493,14643781.68750486,-322781.0045123967,680827.7168523965,0.0,0.0,33.0,0.0
2021-10-31,13916144.479997523,-282162.967450327,14650996.1287106,-111907.43701685744,712841.3877901176,0.0,0.0,28.399999999999995,0.0
2021-11-01,11795680.639998738,-156018.28701403431,14658210.569916343,-91783.92664950465,-523123.7428246652,0.0,0.0,40.6,5.207999999999999
2021-11-02,12320349.279998453,-42198.739587557415,14665425.011122089,-240776.5374431091,-688841.1791700177,0.0,0.0,38.4,5.74
2021-11-03,15206886.079997564,57205.112745528175,14672639.45232783,-431415.8247025234,-640724.5174737164,0.0,0.0,38.4,5.264
2021-11-04,16366781.599996317,140480.14010744367,14679853.893533574,-519189.3245872649,-113948.68866857728,0.0,0.0,39.400000000000006,6.9159999999999995
2021-11-05,16658116.159997035,206328.61921083415,14687068.334739318,-434057.3463524905,572969.0234914422,0.0,0.0,41.599999999999994,5.151999999999999
2021-11-06,16930303.679996423,253895.06802287223,14694282.775945062,-211787.7316890056,680827.7168523126,0.0,0.0,44.0,8.175999999999998
2021-11-07,18125000.959996115,282781.2203015105,14701497.217150802,48167.17311276036,712841.3877895043,0.0,0.0,40.2,10.92
2021-11-08,15698511.99999762,293048.74475704983,14708711.658356544,257045.8368972455,-523123.74282566085,-116450.53665692807,0.0,39.4,5.544
2021-11-09,16249220.3199974,285209.65125710814,14715926.09956229,385581.4909357524,-688841.179170304,0.0,0.0,44.99999999999999,4.872
2021-11-10,15087315.519997753,260204.6671305436,14723140.54076803,458872.7731668979,-640724.5174748806,0.0,0.0,35.4,3.892
2021-11-11,16851706.23999617,219370.2007440348,14730354.981973773,514765.0391478196,-113948.68866712652,0.0,0.0,38.199999999999996,3.836
2021-11-12,17104330.879996736,164394.82765258948,14737569.423179517,566568.4759911719,572969.0234932523,0.0,0.0,40.400000000000006,3.164
2021-11-13,17232994.7199965,97266.52776353472,14744783.86438526,597527.6928642087,680827.7168529223,0.0,0.0,42.400000000000006,5.5440000000000005
2021-11-14,17908896.639996335,20212.161688403183,14751998.305591002,582669.0103235925,712841.387792037,0.0,0.0,37.2,11.172
2021-11-15,15823205.119997842,-64369.10658406339,14759212.746796744,513539.8809698584,-523123.7428228275,0.0,0.0,39.599999999999994,5.488
2021-11-16,15956421.119997574,-153976.56184622343,14766427.188002488,406479.0284128571,-688841.1791705905,0.0,0.0,42.800000000000004,5.5440000000000005
2021-11-17,14939710.719998214,-246080.8662572257,14773641.62920823,293810.05358325,-640724.517474253,0.0,0.0,40.400000000000006,10.416
2021-11-18,16211765.27999625,-338197.1022523718,14780856.070413971,209043.8252690218,-113948.68866842284,0.0,0.0,34.199999999999996,7.112
2021-11-19,17363557.439996276,-427955.8617639485,14788070.511619717,173957.85289301202,572969.0234927682,0.0,0.0,36.199999999999996,9.491999999999999
2021-11-20,17466343.519996453,-513170.3661061749,14795284.952825457,187509.7361173577,680827.7168528388,0.0,0.0,12.0,8.876000000000001
2021-11-21,17320795.839996215,-591897.7101972471,14802499.3940312,217256.0279733385,712841.3877914237,0.0,0.0,40.6,23.491999999999997
2021-11-22,17759915.519997105,-662492.4882715528,14809713.835236944,202509.827277529,-523123.7428238232,3168148.7126075816,0.0,41.0,20.131999999999998
2021-11-23,19181609.91999598,-723651.2714375523,14816928.276442684,80242.85697374285,-688841.1791708769,0.0,0.0,38.800000000000004,24.555999999999997
2021-11-24,18755440.159996025,-774446.6645301695,14824142.717648428,-170787.03321423876,-640724.5174749532,0.0,0.0,36.0,22.316
2021-11-25,5767233.439999893,-814349.9636539575,14831357.158854172,-495443.8690286958,-113948.6886669721,0.0,0.0,31.999999999999996,4.928
2021-11-26,9603453.119999697,-843241.7583869242,14838571.600059912,-771509.3673833965,572969.0234912182,0.0,0.0,36.199999999999996,3.164
2021-11-27,11188333.439999042,-861410.1648788219,14845786.041265655,-872161.3562429022,680827.7168527548,0.0,0.0,38.00000000000001,4.956
2021-11-28,13502586.079998208,-869536.7284127383,14853000.4824714,-748080.1343069029,712841.3877909132,0.0,0.0,36.2,10.36
2021-11-29,13806657.119998274,-868670.3864941094,14860214.923677145,-470660.1790922381,-523123.7428238018,0.0,0.0,30.599999999999998,10.472000000000001
2021-11-30,14170598.079997925,-860190.226269116,14867429.364882885,-197477.04528405317,-688841.1791701438,0.0,0.0,31.199999999999996,9.1
2021-12-01,14256702.719998037,-845758.093296714,14874643.806088628,-76186.86875221337,-640724.5174747898,0.0,0.0,39.400000000000006,11.62
2021-12-02,15283566.239996757,-827262.4032602392,14881858.247294372,-151464.51158987675,-113948.68866552132,0.0,0.0,36.4,10.752
2021-12-03,15627837.599996734,-806754.7656460698,14889072.688500116,-340770.7017385181,572969.0234918813,0.0,0.0,38.4,13.271999999999998
2021-12-04,16530184.639996938,-786381.2413637872,14896287.129705856,-495045.4843247614,680827.716852671,0.0,0.0,43.599999999999994,10.052
2021-12-05,17873553.919995293,-768310.2185516962,14903501.5709116,-498290.74752213765,712841.3877904025,0.0,0.0,40.400000000000006,16.996
2021-12-06,15088069.919997461,-754658.9976353764,14910716.012117345,-334475.92753341404,-523123.7428247975,0.0,0.0,38.40000000000001,12.684000000000001
2021-12-07,15416178.719997333,-747421.2248716322,14917930.453323085,-79906.13825169018,-688841.17917115,0.0,0.0,42.00000000000001,10.08
2021-12-08,14764682.559997909,-748397.3015414394,14925144.894528829,162420.02465342756,-640724.5174754899,0.0,0.0,35.0,8.82
2021-12-09,15424201.119996654,-759129.8237398367,14932359.33573457,330657.1722319009,-113948.68866544412,0.0,0.0,35.0,10.164
2021-12-10,15244079.839997798,-780845.9772051892,14939573.776940314,426509.3638154965,572969.0234925441,0.0,0.0,39.199999999999996,8.204
2021-12-11,15256341.59999751,-814408.626213169,14946788.218146056,487343.45737823256,680827.7168528729,0.0,0.0,41.6,7.644
2021-12-12,16596071.359996485,-860277.600289507,14954002.6593518,541694.620718258,712841.3877928326,0.0,0.0,38.20000000000001,14.672
2021-12-13,15180172.959997518,-918482.403776532,14961217.100557543,586362.9434725118,-523123.7428257933,0.0,0.0,35.8,9.436
2021-12-14,14797721.599997476,-988607.2587352257,14968431.541763283,596940.5543483562,-688841.1791704174,0.0,0.0,37.4,5.851999999999999
2021-12-15,15365733.279996729,-1069789.0500329742,14975645.982969029,554405.0907761134,-640724.5174748623,0.0,0.0,35.4,5.263999999999999
2021-12-16,16665972.95999521,-1160728.3821320045,14982860.42417477,462931.9975617592,-113948.6886653669,0.0,0.0,37.4,3.892
2021-12-17,16546291.999996115,-1259713.5901242492,14990074.865380514,348612.49090967444,572969.0234920599,0.0,0.0,38.400000000000006,4.508
2021-12-18,16436815.679995757,-1364657.1831084336,14997289.306586254,246169.9579558879,680827.7168520953,0.0,0.0,40.4,6.215999999999999
2021-12-19,16235545.439995928,-1473143.8463008737,15004503.747791998,184695.58690492256,712841.3877922193,0.0,0.0,40.6,14.728
2021-12-20,16208070.559996437,-1582488.7991214483,15011718.188997742,175891.84088281522,-523123.7428257718,3181883.5424979534,0.0,41.6,14.728
2021-12-21,16511357.759996332,-1689805.0091624176,15018932.630203484,203667.2676565093,-688841.1791707036,0.0,0.0,39.40000000000001,14.868
2021-12-22,18148880.47999477,-1792077.504786252,15026147.071409224,219802.53949311795,-640724.5174742346,0.0,0.0,276.955376,17.164
2021-12-23,20479395.039992712,-1886242.8193578208,15033361.51261497,157668.4527190514,-113948.68866743696,0.0,0.0,960.679266,29.595999999999997
2021-12-24,16667536.95999434,-1969271.4437893613,15040575.953820713,-30661.0582882778,572969.0234938699,0.0,0.0,129.591642,19.852
2021-12-25,312317.9200000002,-2038251.0655847215,15047790.395026457,-330487.1334276462,680827.7168527052,0.0,0.0,42.519999999999996,0.924
2021-12-26,9656371.519998584,-2090468.3348399384,15055004.836232198,-648372.4283762905,712841.3877917088,0.0,0.0,164.08,4.004
2021-12-27,10708638.079998171,-2123486.9218475204,15062219.277437942,-849499.4550008916,-523123.7428267674,-814079.9120731129,0.0,314.02,9.632
2021-12-28,11702771.679998158,-2135219.716520898,15069433.718643682,-836582.507120777,-688841.1791696715,0.0,0.0,13.780000000000001,3.528
2021-12-29,11789454.079998367,-2123993.1646155966,15076648.159849426,-619758.8639565124,-640724.5174736069,0.0,0.0,0.0,0.0
2021-12-30,14016740.95999754,-2088601.9357233443,15083862.60105517,-322781.0045120137,-113948.6886659862,0.0,0.0,0.0,0.0
2021-12-31,16626626.399995735,-2028352.3679153824,15091077.04226091,-111907.43701687331,572969.0234933856,0.0,0.0,0.0,0.0
2022-01-01,8427832.959999315,-1943093.4268470244,15098291.483466651,-91783.92664950703,680827.7168526215,0.0,0.0,88.22703600000001,0.0
2022-01-02,11889833.439998208,-1833234.2451623508,15105505.924672397,-240776.5374431141,712841.3877911983,0.0,0.0,93.528914,0.0
2022-01-03,11285577.439998822,-1699747.662157819,15112720.36587814,-431415.8247025799,-523123.7428239341,0.0,0.0,80.771668,0.0
2022-01-04,12382291.039998384,-1544159.554222867,15119934.807083882,-519189.3245867751,-688841.179170977,0.0,0.0,83.16712999999999,0.0
2022-01-05,14479327.999998113,-1368524.1234043578,15127149.248289626,-434057.3463522417,-640724.5174743071,0.0,0.0,88.7715,2337.944
2022-01-06,13972039.999997342,-1175385.6842847976,15134363.689495368,-211787.73168901837,-113948.68866728252,0.0,0.0,86.18744799999999,2344.076
2022-01-07,15046014.879997605,-967727.847980976,15141578.13070111,48167.17311269905,572969.0234929015,0.0,0.0,79.08134,2333.5200000000004
2022-01-08,16784560.959996488,-748911.3367530721,15148792.571906852,257045.83689732052,680827.7168521296,0.0,0.0,78.33038,2326.3520000000008
2022-01-09,15871490.399996242,-522601.9642803771,15156007.013112595,385581.49093589146,712841.3877906878,0.0,0.0,82.76499600000001,2326.9400000000005
2022-01-10,14509894.079997672,-292690.57701252494,15163221.45431834,458872.7731668409,-523123.74282442126,0.0,0.0,76.68548200000001,2351.636
2022-01-11,15293527.999997577,-63206.96404258865,15170435.89552408,514765.03914779605,-688841.1791702441,0.0,0.0,83.00496599999998,2312.128
2022-01-12,17839491.839993887,161770.09894848918,15177650.336729825,566568.4759911005,-640724.5174736795,0.0,0.0,74.29928799999999,2314.2
2022-01-13,21080600.31999059,378204.4061688108,15184864.777935568,597527.692864491,-113948.68866583178,0.0,0.0,78.907536,2311.876
2022-01-14,24010737.759988643,582193.1738732179,15192079.219141312,582669.0103233902,572969.0234913515,0.0,0.0,79.82570800000002,2310.868
2022-01-15,22770890.559989348,770054.9057890291,15199293.660347052,513539.8809697529,680827.7168520457,0.0,0.0,76.574814,2311.68
2022-01-16,15581576.319996973,938412.0725588629,15206508.101552796,406479.0284126221,712841.3877900745,0.0,0.0,79.732754,2307.2000000000003
2022-01-17,15059203.999996515,1084266.5473743333,15213722.54275854,293810.0535834359,-523123.74282490846,-794639.9765807596,0.0,77.84590600000001,2307.0319999999997
2022-01-18,16925320.959995642,1205065.9356677954,15220936.983964285,209043.82526940195,-688841.1791695113,0.0,0.0,76.99503600000001,2297.5400000000004
2022-01-19,19010431.039992843,1298759.181081496,15228151.425170025,173957.85289311793,-640724.5174748439,0.0,0.0,75.271468,2290.3720000000003
2022-01-20,19095553.11999142,1363840.116105895,15235365.866375769,187509.7361171621,-113948.68866575455,0.0,0.0,72.480884,0.28
2022-01-21,19691812.47999276,1399377.9457911572,15242580.30758151,217256.02797330127,572969.0234920146,0.0,0.0,79.12108800000001,0.0
2022-01-22,19456266.719993632,1405033.9978748355,15249794.748787252,202509.8272776437,680827.7168526556,0.0,0.0,69.690604,0.0
2022-01-23,19192616.7999934,1381064.4330618733,15257009.189992996,80242.85697402986,712841.3877896668,0.0,0.0,74.613282,0.0
2022-01-24,17020051.519995145,1328308.9751136506,15264223.63119874,-170787.03321376952,-523123.74282258376,0.0,0.0,78.418646,0.0
2022-01-25,17046426.07999538,1248166.0818842305,15271438.07240448,-495443.86902869487,-688841.1791708168,0.0,0.0,76.448768,0.0
2022-01-26,16720712.959996065,1142555.3256750088,15278652.513610223,-771509.3673834852,-640724.5174742162,0.0,0.0,77.50127799999999,0.0
2022-01-27,17898353.43999378,1013868.074935096,15285866.954815969,-872161.3562427631,-113948.68866567734,0.0,0.0,80.15925,0.0
2022-01-28,20200509.91999221,864907.8607503192,15293081.396021709,-748080.1343072102,572969.0234926774,0.0,0.0,81.00738199999999,0.0
2022-01-29,17739278.079995282,698822.0631191173,15300295.83722745,-470660.17909221887,680827.7168532654,0.0,0.0,60.810998000000005,0.0
2022-01-30,18087597.43999476,519026.7571243847,15307510.278433194,-197477.04528433667,712841.387791994,0.0,0.0,65.54056200000001,0.0
2022-01-31,17868041.279996336,329126.71265165467,15314724.719638936,-76186.86875209185,-523123.7428230709,0.0,0.0,58.20856400000001,0.0
2022-02-01,20467063.35999541,132832.63953960506,15321939.16084468,-151464.51158986456,-688841.1791700841,0.0,0.0,94.142988,0.0
2022-02-02,16207279.359997276,-66122.1891721628,15329153.602050424,-340770.70173887804,-640724.5174749163,0.0,0.0,86.064788,0.0
2022-02-03,13727875.679996591,-264063.82042121794,15336368.043256164,-495045.48432476167,-113948.68866560014,0.0,0.0,80.31031600000001,0.0
2022-02-04,14333710.399997557,-457455.9693340751,15343582.484461907,-498290.7475224425,572969.0234899803,0.0,0.0,91.73360600000001,0.0
2022-02-05,16221204.479996985,-642972.9193904029,15350796.925667653,-334475.92753328284,680827.716852488,0.0,0.0,91.311012,0.0
2022-02-06,16557103.839997817,-817565.2398620128,15358011.366873397,-79906.13825171252,712841.3877914834,0.0,0.0,91.015906,0.0
2022-02-07,14905644.959997963,-978516.8088037396,15365225.808079137,162420.02465315917,-523123.7428235579,0.0,0.0,93.87127999999998,0.0
2022-02-08,14607038.7199979,-1123491.8907377236,15372440.249284878,330657.17223198694,-688841.1791703705,0.0,0.0,91.982496,0.0
2022-02-09,15507516.31999601,-1250571.3091595431,15379654.690490622,426509.363815469,-640724.5174729609,0.0,0.0,90.45418599999999,0.0
2022-02-10,16991325.43999424,-1358277.066762535,15386869.131696366,487343.4573782405,-113948.68866629664,0.0,0.0,90.537544,0.0
2022-02-11,17089585.119994693,-1445585.091702841,15394083.572902108,541694.6207182069,572969.0234917905,0.0,0.0,80.94479,0.0
2022-02-12,18213836.15999426,-1511926.1171875156,15401298.01410785,586362.9434724309,680827.7168530979,0.0,0.0,84.538734,0.0
2022-02-13,17456396.47999483,-1557175.0248142066,15408512.455313591,596940.5543485564,712841.387790973,0.0,0.0,88.776208,0.0
2022-02-14,13658879.35999722,-1581629.2905064616,15415726.896519337,554405.0907762811,-523123.74282404507,0.0,0.0,75.733,0.0
2022-02-15,12919482.719997533,-1585977.4570576502,15422941.33772508,462931.9975618945,-688841.1791703574,0.0,0.0,88.03572800000002,0.0
2022-02-16,15299622.079995807,-1571258.811539082,15430155.778930822,348612.4909096212,-640724.517473661,0.0,0.0,87.756218,0.0
2022-02-17,16286815.19999292,-1538815.6623597208,15437370.220136566,246169.9579562579,-113948.68866621944,0.0,0.0,79.875338,0.0
2022-02-18,17036927.999993764,-1490239.7840206337,15444584.661342306,184695.58690502687,572969.0234913062,0.0,0.0,84.45467599999999,0.0
2022-02-19,16838855.679994103,-1427314.7232529712,15451799.10254805,175891.84088336714,680827.716853014,0.0,0.0,92.878896,0.0
2022-02-20,16876686.07999402,-1351955.7353913777,15459013.543753792,203667.2676565611,712841.3877904624,0.0,0.0,80.94848000000002,0.0
2022-02-21,16716399.999994608,-1266149.1431011283,15466227.984959535,219802.53949312452,-523123.7428250407,420805.2789657736,0.0,88.907038,0.0
2022-02-22,14318913.119996684,-1171892.8810219497,15473442.426165275,157668.45271937567,-688841.1791706437,0.0,0.0,79.43016800000001,0.0
2022-02-23,14366035.519997189,-1071139.9111129504,15480656.86737102,-30661.05828821449,-640724.5174743613,0.0,0.0,78.77631199999999,0.0
2022-02-24,15142386.719995093,-965746.0674840598,15487871.308576765,-330487.1334272873,-113948.68866614225,0.0,0.0,79.31192800000001,0.0
2022-02-25,15853392.159995772,-857423.7205911702,15495085.749782506,-648372.4283762673,572969.0234919691,0.0,0.0,135.87064000000004,0.0
2022-02-26,16469957.75999529,-747702.4444274481,15502300.19098825,-849499.4550008433,680827.716852522,0.0,0.0,127.431832,0.0
2022-02-27,17033075.03999466,-637897.6332312408,15509514.632193992,-836582.5071207337,712841.3877927895,0.0,0.0,136.077138,0.0
2022-02-28,14385127.359996768,-529087.753685,15516729.073399736,-619758.8639565802,-523123.7428250194,0.0,0.0,151.88325200000003,0.0
2022-03-01,14095776.319996957,-422100.6424897752,15523943.514605476,-322781.0045123628,-688841.1791699108,0.0,0.0,91.62244600000001,0.0
2022-03-02,12704901.919998243,-317508.9759186891,15531157.95581122,-111907.43701706124,-640724.5174724058,0.0,0.0,79.34258400000002,0.0
2022-03-03,13843089.119996723,-215634.75588727705,15538372.397016965,-91783.92664946156,-113948.6886682123,0.0,0.0,81.48668199999999,0.0
2022-03-04,14197847.34999651,-116562.3845344205,15545586.838222705,-240776.53744299928,572969.0234926322,0.0,0.0,82.325416,0.0
2022-03-05,14235787.019996686,-20159.644192728585,15552801.279428449,-431415.8247026806,680827.7168524382,0.0,0.0,76.561938,0.0
2022-03-06,14840128.789996454,73894.33073148104,15560015.720634192,-519189.3245871682,712841.3877921762,0.0,0.0,82.78145200000002,0.0
2022-03-07,13412879.309997289,166075.20254133825,15567230.161839932,-434057.3463523496,-523123.7428260151,0.0,0.0,80.11409,0.0
2022-03-08,13708687.129997337,256974.9745831804,15574444.603045676,-211787.7316890745,-688841.1791701973,0.0,0.0,78.37092,0.0
2022-03-09,15634265.92999708,347260.327184699,15581659.04425142,48167.1731121458,-640724.5174748979,0.0,0.0,79.04900000000002,0.0
2022-03-10,16868152.559996277,437629.2181650433,15588873.48545716,257045.83689739564,-113948.68866676152,0.0,0.0,84.30944600000001,0.0
2022-03-11,18686278.479995247,528767.2517502629,15596087.926662903,385581.4909355941,572969.0234932951,0.0,0.0,81.509708,0.0
2022-03-12,16296600.909996362,621305.3042280477,15603302.367868649,458872.7731668802,680827.7168530481,0.0,0.0,70.254538,0.0
2022-03-13,16826534.32999631,715779.8337160533,15610516.809074393,514765.0391477725,712841.3877917685,0.0,0.0,85.958344,0.0
2022-03-14,14901030.33999766,812597.197434827,15617731.250280133,566568.475991092,-523123.7428231817,0.0,0.0,82.89598199999999,0.0
2022-03-15,15154546.499997932,912003.1563679111,15624945.691485876,597527.6928643382,-688841.1791704836,0.0,0.0,71.130228,0.0
2022-03-16,14590022.859998122,1014058.5689897452,15632160.13269162,582669.0103233192,-640724.5174742702,0.0,0.0,26.817294,0.0
2022-03-17,14663678.849996703,1118622.0684731754,15639374.573897364,513539.88096997526,-113948.68866805788,0.0,0.0,74.475068,0.0
2022-03-18,15441814.30999675,1225340.2880875608,15646589.015103104,406479.0284126059,572969.0234928108,0.0,0.0,87.47661399999998,0.0
2022-03-19,16191998.309996879,1333645.9544492096,15653803.456308847,293810.0535832925,680827.7168522706,0.0,0.0,71.36428200000002,0.0
2022-03-20,16951414.709995355,1442763.9154686322,15661017.897514593,209043.82526913527,712841.3877911553,0.0,0.0,80.638888,0.0
2022-03-21,14748950.649997283,1551724.9169625551,15668232.338720333,173957.8528932238,-523123.7428236689,0.0,0.0,63.32797199999999,0.0
2022-03-22,13736326.76999778,1659386.6966084486,15675446.779926077,187509.7361172407,-688841.17917077,0.0,0.0,78.743372,0.0
2022-03-23,14084718.839998037,1764461.7335972784,15682661.221131818,217256.02797329935,-640724.5174749705,0.0,0.0,77.13835599999999,0.0
2022-03-24,15799439.029996289,1865550.7838137397,15689875.662337562,202509.82727765344,-113948.6886666071,0.0,0.0,72.392322,0.0
2022-03-25,17121602.259995997,1961181.149831196,15697090.103543304,80242.85697361366,572969.0234912611,0.0,0.0,78.46368600000001,0.0
2022-03-26,16499775.479996212,2049848.4876740808,15704304.544749048,-170787.03321342196,680827.7168524724,0.0,0.0,68.100356,0.0
2022-03-27,17537201.59999473,2130060.842451754,15711518.985954791,-495443.869028694,712841.3877906448,0.0,0.0,72.33639400000001,0.0
2022-03-28,14893743.139996925,2200383.535646265,15718733.427160531,-771509.3673833677,-523123.742824156,0.0,0.0,82.03422,0.0
2022-03-29,14937723.739997318,2259483.499894548,15725947.868366277,-872161.356242552,-688841.1791700373,0.0,0.0,54.609736000000005,0.0
2022-03-30,14173312.289997287,2306171.673133677,15733162.30957202,-748080.1343069635,-640724.5174748071,0.0,0.0,34.582676,0.0
2022-03-31,15618551.929995729,2339442.122176129,15740376.750777762,-470660.1790921996,-113948.68866515634,0.0,0.0,32.388068000000004,0.0
2022-04-01,16742576.58999557,2358506.6642503045,15747591.191983502,-197477.0452843181,572969.0234919238,0.0,0.0,244.05005200000002,0.0
2022-04-02,16516606.969996287,2362823.890503268,15754805.633189246,-76186.86875219452,680827.7168523886,0.0,0.0,764.0197520000002,0.0
2022-04-03,17005106.02999584,2352121.6637254497,15762020.07439499,-151464.51158970926,712841.3877901343,0.0,0.0,769.4903800000002,0.0
2022-04-04,14713389.549996864,2326412.358329324,15769234.515600732,-340770.70173867565,-523123.74282515177,0.0,0.0,673.691146,0.0
2022-04-05,14452542.979996974,2286000.3279322507,15776448.956806472,-495045.48432444816,-688841.1791710432,0.0,0.0,736.8927819999999,0.0
2022-04-06,14415896.869997397,2231481.318070911,15783663.398012215,-498290.7475225548,-640724.5174755073,0.0,0.0,684.9558899999998,0.0
2022-04-07,15429793.84999685,2163733.7816457194,15790877.83921796,-334475.92753337254,-113948.68866645268,0.0,0.0,703.0658160000002,0.0
2022-04-08,16059462.799996462,2083902.2953464496,15798092.280423705,-79906.1382517347,572969.0234925868,0.0,0.0,892.7773399999999,0.0
2022-04-09,16653698.339995949,1993373.5094464924,15805306.721629446,162420.02465320996,680827.7168523048,0.0,0.0,874.58623,0.0
2022-04-10,17075826.50999533,1893745.2838794813,15812521.162835186,330657.1722316764,712841.3877925641,0.0,0.0,888.283398,0.0
2022-04-11,15162892.489996903,1786789.8640446183,15819735.60404093,426509.36381554377,-523123.7428261474,0.0,0.0,814.7671260000002,0.0
2022-04-12,14750082.239997009,1674412.1243024,15826950.045246674,487343.457378112,-688841.1791703106,0.0,0.0,711.6871679999999,0.0
2022-04-13,15180056.729996722,1558604.050678395,15834164.486452416,541694.6207182674,-640724.5174748795,0.0,0.0,719.0014739999999,0.0
2022-04-14,16789003.82999539,1441396.742648238,15841378.927658156,586362.9434723456,-113948.68866500192,0.0,0.0,760.4306760000001,0.0
2022-04-15,17953798.039995287,1324811.2840598742,15848593.3688639,596940.5543480793,572969.0234921025,0.0,0.0,772.6909340000001,0.0
2022-04-16,18567446.939994946,1210809.8633579991,15855807.810069645,554405.0907762256,680827.716852221,0.0,0.0,751.7516119999999,0.0
2022-04-17,12077517.629997974,1101248.5125695372,15863022.251275389,462931.9975616035,712841.3877919508,0.0,0.0,596.9041599999999,0.0
2022-04-18,12865645.719997616,997832.7836114982,15870236.69248113,348612.4909096523,-523123.742826126,0.0,0.0,744.2014160000001,0.0
2022-04-19,13964724.97999744,902077.5910264312,15877451.133686874,246169.95795592305,-688841.1791705971,0.0,0.0,672.6444440000001,0.0
2022-04-20,14006611.429997087,815272.3252027034,15884665.574892616,184695.5869047376,-640724.517474252,0.0,0.0,696.5424439999999,0.0
2022-04-21,15307764.979996182,738452.1833102511,15891880.016098358,175891.84088300963,-113948.68866707195,0.0,0.0,702.90947,0.0
2022-04-22,15214773.069996277,672376.481500029,15899094.4573041,203667.2676564757,572969.0234916998,0.0,0.0,759.969378,0.0
2022-04-23,15565322.369996082,617514.5069272071,15906308.898509843,219802.5394931284,680827.7168528308,0.0,0.0,777.9221040000001,0.0
2022-04-24,16123604.709995627,574039.2480851642,15913523.339715589,157668.4527193184,712841.3877915432,0.0,0.0,849.3337399999998,0.0
2022-04-25,14645396.499997057,541829.1134142682,15920737.780921329,-30661.05828827461,-523123.74282712175,0.0,0.0,800.8560759999999,0.0
2022-04-26,14618302.629997145,520477.5179682101,15927952.222127073,-330487.1334273107,-688841.179170584,0.0,0.0,1054.904966,0.0
2022-04-27,14877582.309997203,509309.9929410005,15935166.663332816,-648372.4283760518,-640724.5174736242,0.0,0.0,1079.491698,0.0
2022-04-28,15544720.009995675,507408.25970223057,15942381.10453856,-849499.4550006696,-113948.68866562122,0.0,0.0,1077.1502619999999,0.0
2022-04-29,16103277.999996621,513640.5148719041,15949595.5457443,-836582.5071208527,572969.0234912155,0.0,0.0,1158.470862,0.0
2022-04-30,16141713.709996672,526697.0015801195,15956809.986950044,-619758.863956168,680827.7168527469,0.0,0.0,1276.1693439999997,0.0
2022-05-01,17147061.459995903,545129.7992595738,15964024.428155787,-322781.0045122184,712841.3877909299,0.0,0.0,842.5925020000001,0.0
2022-05-02,14905411.049997222,567395.654168074,15971238.86936153,-111907.4370167918,-523123.7428242883,0.0,0.0,382.289124,0.0
2022-05-03,14891105.209997611,591900.5983164238,15978453.310567273,-91783.9266495283,-688841.1791708702,0.0,0.0,72.315268,0.0
2022-05-04,15620157.889997363,617045.0675302265,15985667.751773017,-240776.537443253,-640724.5174743244,0.0,0.0,45.388414000000004,0.0
2022-05-05,16448069.66999615,641268.2307667119,15992882.192978758,-431415.8247023936,-113948.68866691756,0.0,0.0,42.54702999999999,0.0
2022-05-06,17198017.459996115,663090.2821981777,16000096.6341845,-519189.3245868976,572969.0234907313,0.0,0.0,43.518556,0.0
2022-05-07,18005336.51999529,681151.5234231638,16007311.075390244,-434057.3463523608,680827.7168522552,0.0,0.0,52.063542,0.0
2022-05-08,15290224.149996828,694247.1729286427,16014525.516595988,-211787.7316891342,712841.3877904194,0.0,0.0,45.582654,0.0
2022-05-09,15140126.629997652,701356.9799631307,16021739.957801728,48167.17311216246,-523123.74282477546,0.0,0.0,48.23015000000001,0.0
2022-05-10,15059968.449997647,701668.8858864477,16028954.399007471,257045.83689734,-688841.1791701376,0.0,0.0,45.03684,0.0
2022-05-11,15491867.669996057,694596.1625471148,16036168.840213217,385581.4909355779,-640724.517472369,0.0,0.0,45.996062,0.0
2022-05-12,16885127.43999451,679787.6585890803,16043383.281418957,458872.773166992,-113948.68866546678,0.0,0.0,43.59831400000001,0.0
2022-05-13,17166149.699994758,657130.9945381165,16050597.7226247,514765.0391478632,572969.0234925415,0.0,0.0,44.09505,0.0
2022-05-14,16531444.559994852,626748.7597078792,16057812.163830442,566568.4759911735,680827.7168521713,0.0,0.0,48.881575999999995,0.0
2022-05-15,18126718.099993877,588987.9719504599,16065026.605036184,597527.692864252,712841.387789806,0.0,0.0,46.008094,0.0
2022-05-16,15902474.099995717,544403.2587915983,16072241.046241928,582669.0103233797,-523123.74282526266,0.0,0.0,44.008936000000006,0.0
2022-05-17,14697233.199996829,493734.3997054321,16079455.487447672,513539.8809697121,-688841.1791694048,0.0,0.0,61.920158,0.0
2022-05-18,13791615.92999768,437879.0287977963,16086669.928653412,406479.02841261326,-640724.5174748611,0.0,0.0,63.278358,0.0
2022-05-19,15019013.889995854,377861.4303877289,16093884.369859155,293810.0535835457,-113948.68866538956,0.0,0.0,61.47454800000001,0.0
2022-05-20,14817059.669996865,314798.4630870273,16101098.8110649,209043.8252693033,572969.0234920572,0.0,0.0,64.907608,0.0
2022-05-21,14524228.039996682,249863.7181041893,16108313.252270645,173957.852893275,680827.7168527811,0.0,0.0,59.90631600000001,0.0
2022-05-22,15681538.79999616,184251.05286874724,16115527.693476385,187509.73611691457,712841.3877893982,0.0,0.0,64.595706,0.0
2022-05-23,14339011.999997092,119138.6408582491,16122742.134682126,217256.0279733908,-523123.7428229379,0.0,0.0,58.32600600000001,0.0
2022-05-24,13906801.899996867,55654.643151663,16129956.57588787,202509.8272776147,-688841.1791707099,0.0,0.0,61.66425399999999,0.0
2022-05-25,14195548.719996978,-5154.461938473011,16137171.017093614,80242.85697354906,-640724.5174742335,0.0,0.0,54.48952200000001,0.0
2022-05-26,16011463.629994944,-62351.95526678905,16144385.458299356,-170787.0332134672,-113948.68866745965,0.0,0.0,59.20315799999999,0.0
2022-05-27,16823700.97999527,-115134.55180797123,16151599.8995051,-495443.86902869307,572969.0234927201,0.0,0.0,63.386995999999996,0.0
2022-05-28,15473554.819996074,-162851.0187750829,16158814.34071084,-771509.367383328,680827.7168520038,0.0,0.0,55.242811999999994,0.0
2022-05-29,13787143.309997099,-205015.2523908308,16166028.781916585,-872161.3562427011,712841.3877917255,0.0,0.0,54.610388,0.0
2022-05-30,13277668.019997338,-241313.51293945184,16173243.223122329,-748080.1343072352,-523123.7428229165,-233980.285515034,0.0,55.59551000000001,0.0
2022-05-31,13439068.569997571,-271605.70933182375,16180457.66432807,-470660.1790924488,-688841.1791699775,0.0,0.0,50.54113000000001,0.0
2022-06-01,16398470.369997429,-295920.8173817778,16187672.105533814,-197477.04528399743,-640724.5174749336,0.0,0.0,249.91842000000003,0.0
2022-06-02,18123936.62999564,-314446.7043287731,16194886.546739554,-76186.86875217047,-113948.6886673824,0.0,0.0,247.41123000000002,1152.844
2022-06-03,19265809.219995476,-327514.8099283428,16202100.987945298,-151464.5115898403,572969.023490023,0.0,0.0,228.00257799999997,1151.696
2022-06-04,19269226.739995424,-335580.2961964816,16209315.42915104,-340770.70173882955,680827.7168526136,0.0,0.0,242.47742399999998,1141.7839999999999
