ds,SALES,yearly,trend,monthly,weekly,holidays,KPM_COST_CBA,KPM_COST_EMOD,PLA_AD_SPEND_PLA,TOA_AD_SPEND_TOA,REDEMPTION_COST_LOYAL_CUSTOMER_MAILER
2021-06-06,32702286.87999944,-1337643.439953064,27060345.71005889,2786549.912749755,5513520.605434305,0.0,0.0,0.0,480.306732,1010.044,0.0
2021-06-07,25578454.55999942,-1221724.6148939591,27072345.082988717,1656529.8803830126,-2481118.25314079,0.0,0.0,0.0,376.981218,960.1759999999999,0.0
2021-06-08,24235464.31999947,-1093866.9686481983,27084344.455918543,68088.15224700929,-3810760.512352996,0.0,0.0,0.0,462.93104999999997,894.2359999999998,0.0
2021-06-09,23593120.320000324,-955887.4535358142,27096343.82884836,-795668.1061462337,-3956593.1062571374,0.0,0.0,0.0,486.107538,1007.1879999999999,0.0
2021-06-10,24743002.560000286,-809616.2352510886,27108343.20177819,-519953.2340523841,-3586734.6960547366,0.0,432674.8061281999,0.0,460.8732599999999,883.0360000000001,0.0
2021-06-11,26127735.039999835,-656852.3508172516,27120342.57470801,260334.06418169488,2840660.531143697,0.0,421348.66395752376,0.0,504.15204600000004,938.0840000000001,0.0
2021-06-12,28405117.75999928,-499325.8905974258,27132341.947637837,585811.5909728557,5481025.43123514,0.0,185871.2281019191,0.0,470.2885519999999,920.1360000000002,0.0
2021-06-13,31317197.439999618,-338667.7443885636,27144341.320567656,133212.45877881013,5513520.605429488,0.0,141989.5570848041,0.0,508.8908420000001,1050.784,0.0
2021-06-14,25898095.679998487,-176387.6008462341,27156340.69349748,-554065.5430663336,-2481118.2531430298,0.0,338552.7287396553,0.0,476.443592,698.9640000000002,0.0
2021-06-15,23777650.239998817,-13860.519057111436,27168340.0664273,-755078.780024115,-3810760.512355224,0.0,265993.66594488773,0.0,462.605944,522.816,0.0
2021-06-16,22629740.479998983,147677.98536728558,27180339.439357128,-418232.9001274616,-3956593.1062634815,0.0,260365.5609112212,0.0,481.43072600000005,568.2040000000001,0.0
2021-06-17,23307243.199998617,307128.7653166769,27192338.81228695,-242438.5361057975,-3586734.6960581094,0.0,344264.87191884447,0.0,507.03447,598.5279999999999,0.0
2021-06-18,25292993.279998794,463518.5499581134,27204338.185216773,-868107.1958214755,2840660.5311240684,0.0,304747.4653397799,0.0,473.0141619999999,603.26,0.0
2021-06-19,29156054.879998244,615983.2176141933,27216337.5581466,-2011244.728796061,5481025.431237212,0.0,175725.49906564233,0.0,452.40218999999996,541.856,0.0
2021-06-20,28203155.679998763,763746.179977162,27228336.93107642,-2506756.9246801976,5513520.605427551,0.0,157805.50820158393,0.0,407.74361200000004,340.45199999999994,0.0
2021-06-21,23030135.51999912,906093.4307883034,27240336.30400625,-1356756.3567579947,-2481118.2531452687,0.0,736471.0481120042,0.0,417.395914,462.61600000000004,0.0
2021-06-22,22197745.279999204,1042346.9539478248,27252335.676936064,1162852.2529782203,-3810760.51234724,0.0,699363.1369501379,0.0,414.299692,489.328,0.0
2021-06-23,25508045.11999966,1171838.257253201,27264335.04986589,3454319.97443505,-3956593.106252801,0.0,1002087.4503307331,0.0,444.80565,575.7080000000001,0.0
2021-06-24,26586347.679999515,1293883.795180831,27276334.422795717,3795923.473208255,-3586734.696057769,0.0,981832.2324919169,0.0,485.383492,527.8840000000001,0.0
2021-06-25,28682501.43999903,1407763.967197789,27288333.79572554,1790711.802669351,2840660.53112968,0.0,813874.9001868716,0.0,469.664842,532.756,0.0
2021-06-26,31575312.639999006,1512707.2288509326,27300333.16865536,-1233118.979499044,5481025.431238375,0.0,29925.12974223594,0.0,474.004056,472.78000000000003,0.0
2021-06-27,33927528.159998946,1607880.6365376958,27312332.54158519,-3267517.841523382,5513520.6054198565,0.0,29011.46350072672,0.0,420.13549800000004,1532.5240000000001,0.0
2021-06-28,27219315.039999437,1692387.8706083703,27324331.914515004,-3217408.498172352,-2481118.253133627,1503088.4538964636,27806.956396642243,0.0,442.86163400000004,1443.8480000000004,0.0
2021-06-29,25817757.599999487,1765275.455013936,27336331.287444837,-1654987.3579188196,-3810760.512357576,0.0,29288.022691543316,0.0,419.332372,1426.992,0.0
2021-06-30,26299384.95999946,1825547.526746789,27345635.04066325,-124332.09879278076,-3956593.1062591462,0.0,29871.10420312639,0.0,422.312124,1526.3920000000003,0.0
2021-07-01,27972176.799999245,1872189.1180157212,27354938.79388166,300979.21659207187,-3586734.696057428,0.0,0.0,0.0,548.0645800000001,1129.94,0.0
2021-07-02,31890876.319998983,1904197.5127727124,27364242.54710007,-128379.73808042324,2840660.531135291,0.0,0.0,0.0,644.721856,985.0680000000003,0.0
2021-07-03,33988358.55999809,1920620.842057376,27373546.300318483,-294049.3907983051,5481025.431232905,0.0,0.0,0.0,391.986972,974.2040000000002,0.0
2021-07-04,28129982.55999856,1920602.7045450397,27382850.053536896,552295.4285203996,5513520.605417919,0.0,0.0,0.0,323.20971199999997,967.6520000000002,0.0
2021-07-05,27631478.71999949,1903431.2548299727,27392153.80675532,1997701.7843882248,-2481118.253135867,-1264622.1966318612,0.0,0.0,530.82887,9.884,0.0
2021-07-06,26657279.679999255,1868590.905910337,27401457.559973728,2862814.4339364264,-3810760.512351696,0.0,0.0,0.0,442.9648380000001,0.0,0.0
2021-07-07,28078466.23999913,1815814.5569350023,27410761.31319214,2354813.483490788,-3956593.1062569777,0.0,0.0,0.0,407.243238,0.0,0.0
2021-07-08,28542609.91999911,1745134.092846533,27420065.066410556,838413.9107204886,-3586734.696057086,0.0,0.0,0.0,454.046232,0.0,0.0
2021-07-09,29980573.599999066,1656926.8179636546,27429368.819628965,-507223.71336722415,2840660.531136384,0.0,0.0,0.0,438.92283000000003,0.0,0.0
2021-07-10,32916127.999998685,1551955.486217975,27438672.57284738,-780510.7648069888,5481025.431233158,0.0,0.0,0.0,467.447052,0.0,0.0
2021-07-11,35547298.55999872,1431399.6800659862,27447976.32606579,-127652.21677098364,5513520.605415982,0.0,0.0,0.0,416.965984,0.0,0.0
2021-07-12,29170859.519999117,1296876.467852933,27457280.07928421,522963.6065698292,-2481118.2531381063,0.0,0.0,0.0,433.55876600000005,0.0,0.0
2021-07-13,26810400.79999932,1150448.53257682,27466583.832502622,438448.5771007498,-3810760.5123539222,0.0,0.0,0.0,396.47914199999997,0.0,0.0
2021-07-14,26867385.59999957,994618.3076752382,27475887.585721035,-233836.3705057528,-3956593.1062560775,0.0,0.0,0.0,426.12161999999995,0.0,0.0
2021-07-15,27708169.919999227,832307.0683157614,27485191.338939447,-740477.8214508344,-3586734.69606046,0.0,0.0,0.0,401.8849799999999,0.0,0.0
2021-07-16,29553090.07999916,666818.3984114801,27494495.09215786,-621392.666618789,2840660.5311465147,0.0,0.0,0.0,473.22535400000004,0.0,0.0
2021-07-17,32633515.039998934,501785.96990331874,27503798.84537627,-256086.265244528,5481025.431235231,0.0,0.0,0.0,527.902294,0.0,0.0
2021-07-18,34918923.83999853,341106.1159012864,27513102.598594684,-445696.02994703146,5513520.605408288,0.0,0.0,0.0,505.633012,0.0,0.0
2021-07-19,28918819.999999132,188856.2356445646,27522406.351813097,-1436002.4068298792,-2481118.2531203674,0.0,0.0,0.0,438.110482,0.0,0.0
2021-07-20,27296157.11999929,49200.61847793172,27531710.10503151,-2422149.2046106234,-3810760.5123480414,0.0,0.0,0.0,358.65468999999996,0.0,0.0
2021-07-21,26779028.800000314,-73714.20255003746,27541013.85824992,-2157677.4361907486,-3956593.106253909,0.0,0.0,0.0,433.91570999999993,0.0,0.0
2021-07-22,28304171.680000193,-175871.97770077805,27550317.611468337,-189911.27610357795,-3586734.696052886,0.0,0.0,0.0,521.79494,0.0,0.0
2021-07-23,30576998.560000014,-253504.14127823323,27559621.364686757,2461122.2167391595,2840660.531147608,0.0,0.0,0.0,497.0228639999999,0.0,0.0
2021-07-24,33467454.560000394,-303208.74009631865,27568925.11790517,3936976.585416297,5481025.431236391,0.0,0.0,0.0,543.236488,0.0,0.0
2021-07-25,35740196.80000018,-322067.29703181883,27578228.87112358,3037914.108387891,5513520.605429265,0.0,0.0,0.0,530.540504,0.0,0.0
2021-07-26,29139649.440000262,-307755.87428441003,27587532.62434199,276983.9841824885,-2481118.253128705,0.0,0.0,0.0,37.732344,0.0,0.0
2021-07-27,27157034.720000215,-258646.57100685607,27596836.377560403,-2479677.397202718,-3810760.5123583786,0.0,0.0,0.0,0.0,0.0,0.0
2021-07-28,26286909.76000017,-173895.7782586849,27606140.13077882,-3504868.3743153736,-3956593.106260255,0.0,0.0,0.0,18.979999999999997,0.0,0.0
2021-07-29,27354867.84000011,-53515.72236599181,27615443.88399723,-2534996.2674516533,-3586734.696059777,0.0,0.0,0.0,477.904236,0.0,0.0
2021-07-30,30237003.360000297,101573.84564962132,27624747.637215644,-791648.4664684541,2840660.5311279786,0.0,0.0,0.0,528.5861580000001,0.0,0.0
2021-07-31,33309913.760000087,289516.51811443345,27634051.390434057,242938.36518910356,5481025.431237554,0.0,0.0,0.0,568.0781000000001,0.0,0.0
2021-08-01,37135627.03999999,507514.8174339735,27643355.14365247,130014.99528053288,5513520.605424449,0.0,0.0,0.0,608.1989980000001,636.0200000000001,0.0
2021-08-02,29068706.400000427,751852.0303549889,27652658.896870885,-314015.96594116144,-2481118.2531248466,0.0,0.0,0.0,488.877708,669.8159999999999,0.0
2021-08-03,28734937.759999976,1017941.111555129,27661962.650089297,-186.9637733517565,-3810760.512352496,0.0,0.0,0.0,418.846714,754.7120000000001,72.2
2021-08-04,32599633.280000523,1300400.7160888675,27671266.40330771,1268259.2385596964,-3956593.1062495736,0.0,0.0,0.0,536.9050840000001,880.5439999999999,726.0999999999999
2021-08-05,33157289.44000029,1593157.6233812063,27680570.15652612,2575132.320288427,-3586734.6960522034,0.0,0.0,0.0,612.8167090000001,882.336,1573.0500000000002
2021-08-06,35606495.04000006,1889574.007097759,27689873.90974453,2786549.912749921,2840660.5311335903,0.0,0.0,0.0,630.160864,893.2279999999997,2588.2000000000003
2021-08-07,40034918.72000012,2182597.209251327,27699177.66296295,1656529.8803855418,5481025.431238717,0.0,0.0,0.0,498.56045800000004,894.656,3043.35
2021-08-08,43960036.15999967,2464928.917467123,27708481.416181363,68088.1522463937,5513520.605422511,0.0,0.0,0.0,531.7793219999999,757.624,3701.4999999999995
2021-08-09,34640266.88000039,2729209.945366543,27717785.169399776,-795668.1061462822,-2481118.253133184,0.0,0.0,0.0,618.1501799999999,940.2400000000002,2423.1000000000004
2021-08-10,33927325.76000012,2968216.2003787886,27727088.922618188,-519953.234050829,-3810760.5123526216,0.0,0.0,0.0,501.064534,940.1279999999998,2680.2500000000005
2021-08-11,31294771.52000026,3175060.911932524,27736392.6758366,260334.06418179645,-3956593.106255919,0.0,0.0,0.0,588.9886280000001,943.0679999999999,2622.0499999999997
2021-08-12,31665303.360000238,3343397.804395566,27745696.429055016,585811.5909752498,-3586734.6960518616,0.0,0.0,0.0,617.586304,938.56,2870.9000000000005
2021-08-13,34219451.519999735,3467619.648902825,27755000.182273436,133212.45877403615,2840660.531139201,0.0,0.0,0.0,460.333332,937.72,3389.1499999999996
2021-08-14,39277964.80000068,3543046.5279530943,27764303.93549184,-554065.5430691026,5481025.431240788,0.0,0.0,0.0,603.222226,938.3919999999998,3585.0
2021-08-15,44504083.680001184,3566098.204390489,27773607.688710254,-755078.7800216237,5513520.60543773,0.0,0.0,0.0,617.29054,950.3480000000001,3251.5499999999993
2021-08-16,33581766.40000034,3534445.2051734105,27779242.079129845,-418232.90012873686,-2481118.253141521,0.0,0.0,0.0,591.4587339999999,944.552,2928.45
2021-08-17,32252837.44000018,3447133.6092662592,27784876.46954944,-242438.53610674705,-3810760.512354851,0.0,0.0,0.0,508.93778,938.644,1946.9500000000003
2021-08-18,27056806.239999093,3304679.061858496,27790510.859969027,-868107.1958214253,-3956593.1062550177,0.0,0.0,0.0,595.6416039999999,312.11600000000004,2160.05
2021-08-19,27095814.239999674,3109126.2136990065,27796145.250388622,-2011244.7287906648,-3586734.6960515208,0.0,0.0,0.0,513.639014,301.81199999999995,2007.1499999999999
2021-08-20,28545237.439999115,2864070.5894164434,27801779.64080821,-2506756.924681042,2840660.531140296,0.0,0.0,0.0,623.005408,305.3960000000001,2013.8000000000004
2021-08-21,33451464.959998894,2574640.803593422,27807414.03122781,-1356756.356760354,5481025.4312335,0.0,0.0,0.0,634.311186,306.376,2468.9499999999994
2021-08-22,38673377.59999866,2247440.0451059784,27813048.4216474,1162852.2529753514,5513520.605435794,0.0,0.0,0.0,686.037528,309.932,2732.4
2021-08-23,29100711.359999213,1890446.8134540909,27818682.81206699,3454319.974436948,-2481118.2531376625,0.0,0.0,0.0,497.93467599999997,304.30400000000014,1756.45
2021-08-24,26227242.239999447,1512875.9872153476,27824317.20248658,3795923.473207829,-3810760.512357077,0.0,0.0,0.0,530.800616,301.812,1678.2000000000003
2021-08-25,25633680.31999943,1125002.404730996,27829951.592906177,1790711.80266418,-3956593.106261363,0.0,0.0,0.0,553.2751059999999,300.888,1655.9500000000003
2021-08-26,26149255.679999374,737950.210244469,27835585.98332577,-1233118.97949857,-3586734.696062126,0.0,0.0,0.0,746.829298,302.9320000000001,1520.7000000000003
2021-08-27,28273237.599998936,363452.23431007087,27841220.37374536,-3267517.841526171,2840660.5311413887,0.0,0.0,0.0,791.037246,303.60400000000004,2030.85
2021-08-28,32993080.479998775,13584.605965055898,27846854.764164943,-3217408.498176976,5481025.431235571,0.0,0.0,0.0,718.2322559999999,273.44800000000004,1815.8999999999999
2021-08-29,37984562.55999938,-299517.39190621144,27852489.154584546,-1654987.3579196972,5513520.605430978,0.0,0.0,0.0,462.91422600000004,328.2440000000001,2646.0999999999995
2021-08-30,28171419.359999303,-563955.5387865421,27858123.54500413,-124332.0987940618,-2481118.253146,0.0,0.0,0.0,285.448298,179.95600000000002,1763.65
2021-08-31,27396753.599999063,-768369.7669537388,27863757.935423724,300979.2165932141,-3810760.512351196,0.0,0.0,0.0,247.70773199999996,297.58400000000006,1869.8
2021-09-01,34991176.959999606,-902236.596506285,27869392.32584332,-128379.73807920596,-3956593.106250682,0.0,0.0,0.0,533.902992,102.90000000000002,2329.7000000000003
2021-09-02,36195328.15999763,-956157.2458957774,27875026.71626291,-294049.39079803263,-3586734.6960545527,0.0,0.0,0.0,577.635986,0.0,2257.0
2021-09-03,42481721.279992305,-922127.8105116236,27880661.1066825,552295.4285236964,2840660.531151518,0.0,0.0,0.0,589.7460280000001,0.0,3216.7
2021-09-04,43062152.95999403,-793784.1673421419,27886295.497102093,1997701.784387078,5481025.431236734,0.0,0.0,0.0,560.5861980000001,0.0,3305.6
2021-09-05,39318926.879997365,-566614.7301803215,27891929.887521684,2862814.4339380763,5513520.6054261625,0.0,0.0,0.0,584.408968,0.0,3524.05
2021-09-06,40742512.79999795,-238134.83896440256,27897564.277941275,2354813.4834972564,-2481118.253128261,8574891.641467571,0.0,0.0,505.949722,0.0,1130.6
2021-09-07,34219944.63999891,191982.5952732803,27903198.668360867,838413.9107226137,-3810760.512361534,0.0,0.0,0.0,605.221814,0.0,853.8
2021-09-08,27036290.239998877,721824.5706654391,27908833.05878046,-507223.7133667747,-3956593.106257028,0.0,0.0,0.0,546.098762,0.0,752.5999999999999
2021-09-09,26838751.519999232,1347206.8470173003,27914467.449200053,-780510.7648072168,-3586734.6960614435,0.0,0.0,0.0,497.2309200000001,0.0,792.7
2021-09-10,27709594.079999477,2061696.17550008,27920101.839619644,-127652.21677114436,2840660.531152612,0.0,0.0,0.0,544.1329820000001,0.0,880.5
2021-09-11,32375767.839998502,2856686.591424409,27925736.230039235,522963.6065735242,5481025.431231265,0.0,0.0,0.0,497.84890999999993,0.0,834.7
2021-09-12,37483129.43999838,3721529.09377182,27931370.620458823,438448.5770981274,5513520.605421346,0.0,0.0,0.0,604.637244,0.0,787.5
2021-09-13,28970811.039999064,4643712.665399245,27937005.010878418,-233836.37050455212,-2481118.253136598,0.0,0.0,0.0,522.41934,0.0,648.0
2021-09-14,26069211.9999993,5609093.246922799,27942639.40129801,-740477.8214498282,-3810760.512353549,0.0,0.0,0.0,502.48743599999995,0.0,589.5
2021-09-15,23397476.799999133,6602166.001343792,27948273.791717604,-621392.6666198485,-3956593.1062548575,0.0,0.0,0.0,584.4497640000001,0.0,571.5
2021-09-16,23198819.359999023,7606375.030318653,27953908.182137195,-256086.26524328467,-3586734.696053871,0.0,0.0,0.0,527.571786,0.0,477.0
2021-09-17,24294719.679998975,8604453.659580639,27959542.572556783,-445696.02994935255,2840660.5311329826,0.0,0.0,0.0,512.9800240000001,0.0,711.0
2021-09-18,28008439.51999846,9578787.529618848,27965176.962976377,-1436002.4068295583,5481025.431231516,0.0,0.0,0.0,570.1420880000001,0.0,733.5
2021-09-19,32722968.479999315,10511792.034305098,27970811.35339597,-2422149.2046096805,5513520.605419409,0.0,0.0,0.0,613.8853419999999,0.0,814.5
2021-09-20,24659348.799998697,11386295.16537262,27976445.74381556,-2157677.436190269,-2481118.25313274,0.0,0.0,0.0,584.729262,0.0,553.5
2021-09-21,22916780.479998954,12185916.560192384,27982080.13423515,-189911.27610328415,-3810760.512347668,0.0,0.0,0.0,558.7730939999999,0.0,418.5
2021-09-22,22659198.879999034,12895433.523823213,27987714.524654742,2461122.216736636,-3956593.106253957,0.0,0.0,0.0,576.830836,0.0,432.0
2021-09-23,23166987.35999887,13501125.007400516,27993348.915074337,3936976.585417256,-3586734.696053529,0.0,0.0,0.0,608.159794,0.0,468.0
2021-09-24,24622920.47999854,13991084.970774984,27998983.30549393,3037914.108389344,2840660.5311385943,0.0,0.0,0.0,597.983968,0.0,526.5
2021-09-25,29226659.35999859,14355497.228866966,28004617.69591352,276983.9841832131,5481025.431233589,0.0,0.0,0.0,531.821168,0.0,580.5
2021-09-26,32673796.319998685,14586864.763072278,28010252.08633311,-2479677.397202662,5513520.605411713,0.0,0.0,0.0,650.76156,0.0,540.0
2021-09-27,25071302.719998527,14680187.550452836,28015886.476752702,-3504868.374316229,-2481118.253141077,0.0,0.0,0.0,536.090696,0.0,454.5
2021-09-28,23450373.119998705,14633084.197702978,28021520.867172293,-2534996.267453543,-3810760.512349895,0.0,0.0,0.0,564.777936,0.0,472.5
2021-09-29,32949446.720000356,14445854.03348719,28027155.25759189,-791648.4664696241,-3956593.106251791,0.0,0.0,0.0,883.157904,0.0,454.5
2021-09-30,36626362.88000187,14121477.776597138,28032789.64801148,242938.36518732912,-3586734.696045956,0.0,0.0,0.0,850.2781039999999,0.0,504.0
2021-10-01,42262772.32000082,13665556.421104778,28038424.03843107,130014.99527935438,2840660.531144205,0.0,0.0,0.0,177.2,0.0,535.5
2021-10-02,46555698.39999924,13086189.523613298,28044058.428850666,-314015.9659426941,5481025.431235662,0.0,0.0,0.0,144.00000000000003,0.0,724.5
2021-10-03,48873399.199998766,12393795.601552928,28049692.819270253,-186.96377130950637,5513520.605432691,0.0,0.0,0.0,141.0,0.0,684.0
2021-10-04,36505541.12000098,11600878.814974256,28055327.209689844,1268259.2385579983,-2481118.253143316,0.0,0.0,0.0,143.0,0.0,67.5
2021-10-05,34601910.24000082,10721747.468769306,28060961.60010944,2575132.320287433,-3810760.5123521234,0.0,0.0,0.0,143.0,0.0,63.0
2021-10-06,23768236.799999148,9772191.101186696,28066595.99052903,2786549.91274918,-3956593.106258136,0.0,0.0,0.0,140.60000000000002,0.0,63.0
2021-10-07,23411096.479999147,8769123.984918421,28072230.38094862,1656529.880385926,-3586734.696052846,0.0,0.0,0.0,141.80000000000004,0.0,36.0
2021-10-08,25351928.479998805,7730203.730159432,28077864.771368213,68088.1522505908,2840660.5311200586,0.0,0.0,0.0,140.79999999999998,0.0,27.0
2021-10-09,28697810.23999889,6673434.321311709,28083499.16178781,-795668.1061468379,5481025.431235913,0.0,0.0,0.0,138.80000000000004,0.0,81.0
2021-10-10,32323946.079998776,5616763.32248581,28089133.552207395,-519953.23405293614,5513520.605427874,0.0,0.0,0.0,139.59999999999997,0.0,0.0
2021-10-11,26202634.079998717,4577683.140215738,28094767.942626998,260334.0641871133,-2481118.253125577,-2598510.1165471943,0.0,0.0,140.4,0.0,0.0
2021-10-12,23742918.399998594,3572846.1298258672,28100402.333046574,585811.5909735564,-3810760.512354351,0.0,0.0,0.0,112.40000000000003,0.0,0.0
2021-10-13,27554209.759999394,2617702.976563532,28106036.723466173,133212.45877504803,-3956593.1062474535,0.0,0.0,0.0,139.60000000000002,0.0,0.0
2021-10-14,27827953.919999458,1726173.1827098967,28111671.113885764,-554065.5430686892,-3586734.6960562197,0.0,0.0,0.0,163.60000000000002,0.0,0.0
2021-10-15,29845749.439999364,910355.6623966972,28117305.50430536,-755078.7800222606,2840660.531130188,0.0,0.0,0.0,234.79999999999998,0.0,0.0
2021-10-16,33864029.759999104,180286.40849512216,28122939.894724943,-418232.9001275546,5481025.431237985,0.0,0.0,0.0,257.6,0.0,0.0
2021-10-17,38527888.79999915,-456251.0225122376,28128574.285144545,-242438.53611105643,5513520.605425938,0.0,0.0,0.0,260.40000000000003,0.0,0.0
2021-10-18,29956786.079999212,-993857.8292287248,28134208.67556413,-868107.1958207609,-2481118.2531278166,0.0,0.0,0.0,196.8,0.0,0.0
2021-10-19,27477584.799999524,-1429592.1896298295,28139843.065983728,-2011244.728789562,-3810760.512346368,0.0,0.0,0.0,171.32000000000005,0.0,0.0
2021-10-20,29875016.479999892,-1762980.0473614433,28145477.456403315,-2506756.9246837683,-3956593.106253799,0.0,0.0,913739.3459316738,310.56321599999995,0.0,0.0
2021-10-21,30333515.039999854,-1995964.7036296253,28151111.84682291,-1356756.3567569372,-3586734.6960558784,0.0,0.0,54870.28235693874,313.193998,0.0,0.0
2021-10-22,32163637.91999999,-2132797.036048141,28156746.2372425,1162852.252979268,2840660.531131281,0.0,0.0,16887.2188769002,301.838558,0.0,0.0
2021-10-23,36836406.24000031,-2179869.692425102,28162380.627662096,3454319.974437847,5481025.431239148,0.0,0.0,9354.006929551417,374.26215,0.0,0.0
2021-10-24,40981528.79999952,-2145500.042253405,28168015.018081687,3795923.473206676,5513520.605418243,0.0,0.0,7171.363890575477,383.256444,0.0,0.0
2021-10-25,31511663.360000465,-2039667.9736119465,28173649.40850128,1790711.8026664844,-2481118.2531361543,0.0,0.0,6067.790369928866,323.59087600000004,0.0,0.0
2021-10-26,30325805.439999662,-1873715.763652034,28179283.798920862,-1233118.9794918606,-3810760.512356703,0.0,0.0,4212.619387146908,280.376344,0.0,0.0
2021-10-27,29474084.16000008,-1660018.196553629,28184918.18934046,-3267517.8415265987,-3956593.106260144,0.0,0.0,2956.2485057458457,396.47529800000007,0.0,0.0
2021-10-28,29831323.84000005,-1411631.829034599,28190552.57976005,-3217408.498178088,-3586734.6960555366,0.0,0.0,2061.1070181204427,331.78427600000003,0.0,0.0
2021-10-29,32230455.679999825,-1141932.790930807,28196186.970179643,-1654987.357916598,2840660.531136893,0.0,0.0,1644.9869486021132,387.95982,0.0,0.0
2021-10-30,38727330.07999984,-864252.7446986843,28201821.36059924,-124332.09879272386,5481025.431232768,0.0,0.0,1368.029567571482,406.21569400000004,0.0,0.0
2021-10-31,40028154.879999846,-591522.6070407851,28207455.75101883,300979.21659019013,5513520.605416305,0.0,0.0,1270.0002172447792,329.316806,0.0,69.9
2021-11-01,29094893.280000012,-335933.3593956165,28213090.14143842,-128379.73808449472,-2481118.253132296,0.0,0.0,0.0,273.59000000000003,0.0,26.0
2021-11-02,28635165.600000054,-108622.75000972464,28218724.53185801,-294049.39079919446,-3810760.5123508223,0.0,0.0,0.0,234.84689600000004,0.0,220.7
2021-11-03,25557305.599999912,80604.06669766965,28224358.922277603,552295.4285229498,-3956593.106257976,0.0,0.0,0.0,274.89397599999995,0.0,978.6000000000001
2021-11-04,25510054.399999548,223512.87641808137,28229993.312697195,1997701.784381708,-3586734.6960661425,0.0,0.0,0.0,264.508648,0.0,1862.5
2021-11-05,27434812.159999516,313631.81355151127,28235627.703116786,2862814.4339371365,2840660.531137986,0.0,0.0,0.0,273.775678,0.0,3271.7999999999997
2021-11-06,32401064.159999195,346391.21563717927,28241262.09353638,2354813.483497382,5481025.43123393,0.0,0.0,0.0,255.25714,0.0,4191.749999999999
2021-11-07,36920174.07999891,319208.7313994916,28246896.48395597,838413.9107214329,5513520.60541437,0.0,0.0,0.0,264.83896,0.0,4640.349999999999
2021-11-08,28298324.15999995,231517.99278269144,28252530.874375563,-507223.71336713526,-2481118.253140633,648918.5128046324,0.0,0.0,270.24435,0.0,3328.399999999999
2021-11-09,26214108.31999967,84740.70133497009,28258165.264795154,-780510.7648036795,-3810760.512353051,0.0,0.0,0.0,266.858016,0.0,3660.9
2021-11-10,24607317.27999945,-117796.48528258606,28263799.655214746,-127652.21676914125,-3956593.106257075,0.0,0.0,0.0,263.511008,0.0,3118.5
2021-11-11,25235158.399999235,-370997.391704036,28269434.045634337,522963.6065691309,-3586734.6960585685,0.0,0.0,0.0,322.725012,0.0,3607.5899999999997
2021-11-12,26221884.159998976,-668179.8105941444,28275068.436053928,438448.57709911576,2840660.531148116,0.0,0.0,0.0,277.892386,0.0,3861.429999999999
2021-11-13,30209145.759998698,-1001301.479834109,28280702.826473523,-233836.37050374012,5481025.431236003,0.0,0.0,0.0,327.422268,0.0,4478.65
2021-11-14,33751925.91999887,-1361221.8757239266,28286337.216893114,-740477.8214499346,5513520.605429589,0.0,0.0,0.0,384.74587999999994,0.0,3709.77
2021-11-15,26034940.15999933,-1737992.2156366487,28291971.607312705,-621392.666620908,-2481118.2531228936,0.0,0.0,0.0,314.865384,0.0,3418.139999999999
2021-11-16,23788638.719999265,-2121165.34565534,28297605.997732297,-256086.2652445204,-3810760.5123552782,0.0,0.0,0.0,264.874836,0.0,3037.099999999999
2021-11-17,21877456.47999864,-2500116.702525177,28303240.388151888,-445696.0299488228,-3956593.1062549073,0.0,0.0,0.0,306.880892,0.0,2492.15
2021-11-18,22255171.679998457,-2864367.297133099,28308874.77857148,-1436002.4068317856,-3586734.6960654594,0.0,0.0,0.0,364.39033600000005,0.0,2410.4500000000003
2021-11-19,23977054.71999832,-3203899.6741365283,28314509.16899107,-2422149.204614374,2840660.5311492085,0.0,0.0,0.0,348.668674,0.0,3014.45
2021-11-20,27717653.279997487,-3509458.0579453646,28320143.559410665,-2157677.436187649,5481025.431237165,0.0,0.0,0.0,203.34331200000003,0.0,2889.7999999999997
2021-11-21,28287630.079997737,-3772824.390827269,28325777.949830256,-189911.27610359012,5513520.605427652,0.0,0.0,0.0,385.65868599999993,0.0,2851.7000000000003
2021-11-22,25360977.599997938,-3987062.689744688,28331412.340249848,2461122.216737956,-2481118.2531312318,3880355.914087903,0.0,0.0,356.566554,0.0,2035.9499999999998
2021-11-23,26392407.99999766,-4146725.0736326342,28337046.73066944,3936976.585416356,-3810760.512357505,0.0,0.0,0.0,293.135914,0.0,2645.3500000000004
2021-11-24,29463559.3599973,-4248013.915955082,28342681.12108903,3037914.108389043,-3956593.106261253,0.0,0.0,0.0,166.641342,0.0,1752.4500000000005
2021-11-25,15006020.639997713,-4288895.827043065,28348315.51150862,276983.9841860087,-3586734.696057886,0.0,0.0,0.0,113.19517199999997,0.0,539.0
2021-11-26,17538210.239999402,-4269164.532034129,28353949.90192821,-2479677.397202606,2840660.5311295805,0.0,0.0,0.0,167.23645799999997,0.0,1641.8500000000004
2021-11-27,20813318.23999861,-4190451.14491354,28359584.292347807,-3504868.374312377,5481025.431238327,0.0,0.0,0.0,281.256662,0.0,1794.2000000000003
2021-11-28,26520766.39999827,-4056181.8074229048,28365218.6827674,-2534996.2674499266,5513520.605422836,0.0,0.0,0.0,352.9917920000001,0.0,2538.3
2021-11-29,22527583.67999872,-3871484.122647499,28370853.07318699,-791648.4664684787,-2481118.253127373,0.0,0.0,0.0,286.87373399999996,0.0,1701.3
2021-11-30,21690291.679998517,-3643045.226707918,28376487.46360658,242938.36518805448,-3810760.512351624,0.0,0.0,0.0,356.64440199999996,0.0,2142.6
2021-12-01,21260125.439998254,-3378925.6693118205,28382121.85402617,130014.9952806741,-3956593.106251838,0.0,0.0,0.0,416.26607199999995,0.0,2945.0
2021-12-02,21334638.07999872,-3088334.4786522067,28387756.244445764,-314015.965941834,-3586734.696050313,0.0,0.0,0.0,419.851012,0.0,2241.9500000000003
2021-12-03,22771670.71999862,-2781371.8358165566,28393390.634865355,-186.96377244104795,2840660.5311351926,0.0,0.0,0.0,432.239598,0.0,3086.2500000000005
2021-12-04,27494380.319998384,-2468746.649903959,28399025.02528495,1268259.2385575648,5481025.4312394895,0.0,0.0,0.0,482.335896,0.0,3680.1
2021-12-05,31691276.799998824,-2161476.984879745,28404659.415704545,2575132.320290161,5513520.605418019,0.0,0.0,0.0,551.0113459999999,0.0,3672.4999999999995
2021-12-06,23439943.999998298,-1870581.7251636933,28410293.80612413,2786549.9127509966,-2481118.25313571,0.0,0.0,0.0,455.727334,0.0,930.2000000000003
2021-12-07,23095370.8799996,-1606772.0686276606,28415928.19654373,1656529.880381577,-3810760.512359858,0.0,0.0,0.0,351.06209,0.0,819.9000000000001
2021-12-08,36858968.32000791,-1380151.398421093,28421562.586963315,68088.15224817746,-3956593.106258183,0.0,0.0,0.0,423.4802699999999,0.0,989.5
2021-12-09,40931248.96000529,-1199931.8112524543,28427196.977382906,-795668.106144532,-3586734.696049972,0.0,0.0,0.0,394.674732,0.0,984.9000000000001
2021-12-10,47036225.43999899,-1074175.0785315705,28432831.367802497,-519953.2340532128,2840660.531140804,0.0,0.0,0.0,358.50663799999995,0.0,1212.5
2021-12-11,51398431.199996315,-1009565.1028666334,28438465.758222096,260334.0641849957,5481025.431234021,0.0,0.0,0.0,377.14789600000006,0.0,1090.1
2021-12-12,53810939.83999796,-1011218.027209536,28444100.148641683,585811.5909721224,5513520.605436118,0.0,0.0,0.0,517.337938,0.0,954.0
2021-12-13,40208305.600004405,-1082535.08342483,28449734.53906128,133212.45877605985,-2481118.253144047,0.0,0.0,0.0,354.15423799999996,0.0,571.5
2021-12-14,38458355.200002566,-1225102.0618420702,28455368.929480866,-554065.5430682758,-3810760.5123539777,0.0,0.0,0.0,228.79774599999996,0.0,634.5
2021-12-15,30077026.40000482,-1438637.9778956082,28461003.319900464,-755078.7800260271,-3956593.106256015,0.0,0.0,0.0,202.507066,0.0,535.5
2021-12-16,30194278.560004547,-1720994.1427641767,28466637.710320048,-418232.9001288301,-3586734.69604963,0.0,0.0,0.0,164.95922600000003,0.0,531.0
2021-12-17,30999620.800003737,-2068203.450685896,28472272.100739647,-242438.53610943668,2840660.5311418963,0.0,0.0,0.0,201.78396800000002,0.0,715.5
2021-12-18,35521476.00000613,-2474578.3150282167,28477906.491159234,-868107.1958218629,5481025.431234272,0.0,0.0,0.0,204.85881799999999,0.0,697.5
2021-12-19,35893255.360006794,-2932854.3565480346,28483540.88157883,-2011244.728793511,5513520.60543418,0.0,0.0,0.0,204.56414600000002,0.0,666.0
2021-12-20,34672183.520006165,-3434375.707214197,28489175.27199842,-2506756.924684613,-2481118.253140189,15217293.17467011,0.0,0.0,202.18765199999999,0.0,724.5
2021-12-21,35549491.84000598,-3969316.675294556,28494809.66241801,-1356756.356759296,-3810760.512356205,0.0,0.0,0.0,203.362166,0.0,540.0
2021-12-22,40040825.12000661,-4526933.552549951,28500444.0528376,1162852.2529787158,-3956593.106253847,0.0,0.0,0.0,197.04678800000002,0.0,603.0
2021-12-23,52527723.84000855,-5095839.557943888,28506078.4432572,3454319.97443747,-3586734.696060235,0.0,0.0,0.0,198.32764799999998,0.0,423.0
2021-12-24,50180413.76000953,-5664295.325254092,28511712.83367678,3795923.473207594,2840660.531152026,0.0,0.0,0.0,115.90930400000003,0.0,247.5
2021-12-25,559636.0000000402,-6220506.968991268,28517347.22409638,1790711.8026672408,5481025.431236343,0.0,0.0,0.0,32.798982,0.0,0.0
2021-12-26,21254211.68000251,-6752923.613340323,28522981.61451597,-1233118.9794976227,5513520.605429364,0.0,0.0,0.0,204.26992,0.0,256.5
2021-12-27,21165497.920001697,-7250526.344885898,28528616.004935563,-3267517.8415242345,-2481118.2531485264,5666579.715714613,0.0,0.0,232.42433999999997,0.0,432.0
2021-12-28,21296539.040002313,-7703100.847851396,28534250.39535516,-3217408.498174922,-3810760.512348221,0.0,0.0,0.0,236.55414199999996,0.0,391.5
2021-12-29,21707506.720000867,-8101486.490941343,28539884.78577475,-1654987.3579159533,-3956593.106251679,0.0,0.0,0.0,246.44121,0.0,414.0
2021-12-30,24837320.960000902,-8437795.341352295,28545519.17619434,-124332.09879111616,-3586734.696052662,0.0,0.0,0.0,240.39245200000005,0.0,549.0
2021-12-31,31543234.08000411,-8705595.463501466,28551153.56661393,300979.21659549914,2840660.53115312,0.0,0.0,0.0,238.42728799999998,0.0,735.9300000000001
2022-01-01,17296618.240000524,-8900053.891135566,28556787.95703352,-128379.73808087726,5481025.431237506,0.0,0.0,0.0,265.98495899999995,0.0,306.0
2022-01-02,25617171.840001475,-9018035.812124545,28562422.347453117,-294049.3907988621,5513520.605424549,0.0,0.0,0.0,266.273356,0.0,616.5
2022-01-03,23505068.960001018,-9058157.742259849,28568056.737872705,552295.4285222032,-2481118.253130787,0.0,0.0,0.0,239.65807,0.0,54.0
2022-01-04,23206797.60000111,-9020793.752509888,28573691.1282923,1997701.7843832648,-3810760.512358557,0.0,0.0,0.0,385.38179399999996,0.0,36.0
2022-01-05,21521788.15999923,-8908035.117110532,28579325.51871189,2862814.4339390914,-3956593.106258024,0.0,0.0,0.0,482.81096399999996,0.0,36.0
2022-01-06,18759267.359999713,-8723605.031022802,28584959.90913148,2354813.483496032,-3586734.6960595525,0.0,0.0,0.0,408.139288,0.0,9.0
2022-01-07,19816660.159999657,-8472731.268931564,28590594.299551077,838413.9107175746,2840660.531154213,0.0,0.0,0.0,336.017684,0.0,27.0
2022-01-08,25576401.119999785,-8161980.790488061,28596228.689970665,-507223.7133669472,5481025.431231126,0.0,0.0,0.0,334.273558,0.0,9.0
2022-01-09,27915456.959999822,-7799061.30677242,28601863.080390256,-780510.7648076728,5513520.605419733,0.0,0.0,0.0,348.256592,0.0,0.0
2022-01-10,21246686.079999667,-7392595.683851098,28607497.470809847,-127652.21677194144,-2481118.253133027,0.0,0.0,0.0,346.51857600000005,0.0,0.0
2022-01-11,20433579.039999664,-6951875.747879642,28613131.86122944,522963.6065695756,-3810760.512352677,0.0,0.0,0.0,355.831456,0.0,0.0
2022-01-12,20666999.96000098,-6486602.55469151,28618766.251649037,438448.5771001044,-3956593.106255856,0.0,0.0,0.0,353.81005799999997,0.0,0.0
2022-01-13,22100387.720001377,-6006620.482856228,28624400.642068624,-233836.3705033174,-3586734.69605198,0.0,0.0,0.0,333.81514599999997,0.0,0.0
2022-01-14,24583779.160001427,-5521652.596238681,28630035.032488216,-740477.8214510729,2840660.5311345835,0.0,0.0,0.0,331.92348999999996,0.0,0.0
2022-01-15,27497611.800002217,-5041044.599739583,28635669.422907807,-621392.6666185204,5481025.431232289,0.0,0.0,0.0,322.04238399999997,0.0,0.0
2022-01-16,22800232.800002113,-4573524.385143367,28641303.8133274,-256086.26524420068,5513520.605417796,0.0,0.0,0.0,346.24345199999993,0.0,0.0
2022-01-17,21815034.560001593,-4126983.644361976,28646938.20374699,-445696.0299480384,-2481118.253135266,1652615.3842349066,0.0,0.0,348.74618200000003,0.0,0.0
2022-01-18,21078096.240001276,-3708287.330812728,28652572.594166584,-1436002.4068284964,-3810760.5123467953,0.0,0.0,0.0,352.239658,0.0,0.0
2022-01-19,21257711.000000842,-3323115.897807465,28658206.984586176,-2422149.204613432,-3956593.1062549553,0.0,0.0,0.0,325.79707,0.0,0.0
2022-01-20,20284743.04000128,-2975844.2610211237,28663841.375005767,-2157677.436189309,-3586734.6960516386,0.0,0.0,0.0,352.10745599999996,0.0,0.0
2022-01-21,21922797.000001892,-2669460.349245866,28669475.76542536,-189911.2761063886,2840660.531140195,0.0,0.0,0.0,336.78310600000003,0.0,0.0
2022-01-22,26583168.08000222,-2405524.955395763,28675110.15584495,2461122.216736296,5481025.431234362,0.0,0.0,0.0,349.63326,0.0,0.0
2022-01-23,28826222.88000178,-2184173.411297115,28680744.54626454,3936976.585415584,5513520.605410101,0.0,0.0,0.0,348.2674,0.0,0.0
2022-01-24,22446519.760001764,-2004158.419081168,28686378.93668413,3037914.1083888058,-2481118.2531236247,0.0,0.0,0.0,346.23408399999994,0.0,0.0
2022-01-25,21504203.600001123,-1862932.2129328605,28692013.327103723,276983.98418673314,-3810760.512357131,0.0,0.0,0.0,352.98742400000003,0.0,0.0
2022-01-26,21631667.480001442,-1756765.1298099817,28697647.71752332,-2479677.397204508,-3956593.106252787,0.0,0.0,0.0,341.93291199999993,0.0,0.0
2022-01-27,21841410.28000133,-1680896.667247578,28703282.10794291,-3504868.374315937,-3586734.696051297,0.0,0.0,0.0,356.356336,0.0,0.0
2022-01-28,23264828.4000015,-1629714.2277329147,28708916.4983625,-2534996.2674502884,2840660.531145807,0.0,0.0,0.0,350.49805,0.0,0.0
2022-01-29,28008564.840002313,-1596954.0163382164,28714550.88878209,-791648.4664688924,5481025.431236433,0.0,0.0,0.0,348.488108,0.0,0.0
2022-01-30,31264792.640001867,-1575917.9905274732,28720185.279201683,242938.3651867833,5513520.605431078,0.0,0.0,0.0,368.1259000000001,0.0,0.0
2022-01-31,24724260.280001897,-1559700.373049467,28725819.669621278,130014.9952844916,-2481118.2531258645,0.0,0.0,0.0,371.048632,0.0,0.0
2022-02-01,26484707.960001655,-1541417.0396166043,28731454.060040865,-314015.96594097384,-3810760.51235125,0.0,0.0,0.0,359.786268,0.0,266.9
2022-02-02,24083180.520001486,-1514431.0866964415,28737088.450460464,-186.9637718011794,-3956593.1062591327,0.0,0.0,0.0,359.669688,0.0,981.5000000000001
2022-02-03,20511784.720001917,-1472568.0692780693,28742722.84088005,1268259.2385573178,-3586734.696050955,0.0,0.0,0.0,385.0593179999999,0.0,1391.0
2022-02-04,23946655.880001932,-1410314.7668610292,28748357.231299646,2575132.320289853,2840660.53112166,0.0,0.0,0.0,365.95967200000007,0.0,2624.75
2022-02-05,32101296.600002572,-1322995.875870342,28753991.621719237,2786549.912751164,5481025.431236686,0.0,0.0,0.0,386.173168,0.0,3524.8999999999996
2022-02-06,36059329.9600025,-1206923.720911104,28759626.012138832,1656529.8803819614,5513520.605426262,0.0,0.0,0.0,381.620182,0.0,3276.7000000000003
2022-02-07,27069063.160001732,-1059516.904650902,28765260.402558416,68088.15224957204,-2481118.253128104,0.0,0.0,0.0,380.39646999999997,645.288,2119.15
2022-02-08,26073217.560001962,-879384.7514591748,28770894.79297801,-795668.1061445804,-3810760.512353478,0.0,0.0,0.0,371.431906,500.47200000000004,2633.5
2022-02-09,26280114.440002255,-666375.4155951786,28776529.1833976,-519953.2340562648,-3956593.106248452,0.0,0.0,0.0,390.36746200000005,639.6600000000001,2305.95
2022-02-10,26891228.640001964,-421586.5907805871,28782163.5738172,260334.0641850973,-3586734.6960543287,0.0,0.0,0.0,375.81383,642.46,2648.5499999999997
2022-02-11,29409719.92000214,-147338.84349515385,28787797.964236785,585811.5909728959,2840660.53113179,0.0,0.0,0.0,381.910286,637.98,3222.7499999999995
2022-02-12,37089721.92000274,152887.33397878858,28793432.354656383,133212.458781736,5481025.431238758,0.0,0.0,0.0,374.75871400000005,639.184,3429.8499999999995
2022-02-13,39882316.680003256,474548.62345143815,28799066.745075967,-554065.5430706644,5513520.605421446,0.0,0.0,0.0,383.4073220000001,609.28,2823.6
2022-02-14,30165740.4400023,812167.046592117,28804701.13549557,-755078.7800235362,-2481118.2531303437,0.0,0.0,0.0,355.506458,530.852,1943.8000000000004
2022-02-15,24138360.64000178,1159485.2479580073,28810335.52591516,-418232.9001230362,-3810760.512353603,0.0,0.0,0.0,334.669052,641.928,2219.5000000000005
2022-02-16,24458561.08000182,1509644.2070282768,28815969.91633475,-242438.53610812064,-3956593.106254797,0.0,0.0,0.0,381.32086000000004,642.628,2121.2000000000003
2022-02-17,23269380.32000183,1855378.0932556144,28821604.30675434,-868107.1958230475,-3586734.696053988,0.0,0.0,0.0,392.99409999999995,645.232,1643.45
2022-02-18,27076440.88000225,2189220.537843827,28827238.69717393,-2011244.7287926604,2840660.531132883,0.0,0.0,0.0,386.316632,647.36,2074.2
2022-02-19,31910211.240002956,2503716.3241869085,28832873.08759352,-2506756.924678636,5481025.431239919,0.0,0.0,0.0,375.86412600000006,646.1840000000001,2403.3500000000004
2022-02-20,33940703.52000268,2791632.4016801817,28838507.47801312,-1356756.356759224,5513520.60541663,0.0,0.0,0.0,391.65079399999996,648.76,2211.7999999999997
2022-02-21,29462917.320002265,3046162.205782003,28844141.868432708,1162852.2529736944,-2481118.2531386805,-180910.39931603716,0.0,0.0,392.3855159999999,648.116,1976.7500000000005
2022-02-22,23285407.28000163,3261117.5168827088,28849776.2588523,3454319.9744393667,-3810760.512355831,0.0,0.0,0.0,311.222318,580.9159999999999,1485.3000000000002
2022-02-23,23724052.440001383,3431102.502492009,28855410.64927189,3795923.473207168,-3956593.106261143,0.0,0.0,0.0,393.5105419999999,619.9199999999998,1642.9
2022-02-24,23675529.04000135,3551665.1481440123,28861045.03969148,1790711.8026651654,-3586734.696053646,0.0,0.0,0.0,349.37327400000004,631.9879999999999,1315.0500000000004
2022-02-25,26845792.88000185,3619421.9744027504,28866679.430111077,-1233118.979497149,2840660.531138494,0.0,0.0,0.0,371.4918060000001,629.8879999999999,1845.3000000000004
2022-02-26,32666552.840002507,3632152.739204916,28872313.820530668,-3267517.841524661,5481025.431233541,0.0,0.0,0.0,389.261746,651.14,2067.95
2022-02-27,37516707.120002866,3588862.712245821,28877948.21095026,-3217408.4981760345,5513520.605437608,0.0,0.0,0.0,413.5727739999999,658.8399999999999,2229.1
2022-02-28,27232840.720001884,3489811.0548139694,28883582.60136985,-1654987.3579208069,-2481118.2531348225,0.0,0.0,0.0,397.92571200000003,655.228,1541.7500000000002
2022-03-01,24836096.600001916,3336504.816464092,28889216.99178944,-124332.09879239698,-3810760.512349949,0.0,0.0,0.0,317.06978000000004,653.8000000000001,1518.7500000000002
2022-03-02,22412711.720002215,3131659.0408707107,28894851.382209036,300979.2165942828,-3956593.106250461,0.0,0.0,0.0,336.01991799999996,646.7159999999999,2011.6000000000004
2022-03-03,23091670.120002378,2879124.428705555,28900485.772628624,-128379.73808206063,-3586734.696064252,0.0,0.0,0.0,348.66190200000005,649.936,2796.05
2022-03-04,24560774.16000281,2583784.9085325478,28906120.16304821,-294049.3908001444,2840660.5311441063,0.0,0.0,0.0,338.121222,650.0200000000001,3394.9
2022-03-05,29028099.600003883,2251428.291792247,28911754.55346781,552295.4285254997,5481025.431234703,0.0,0.0,0.0,350.811786,638.2039999999998,3859.4499999999994
2022-03-06,32867902.560004134,1888593.912510916,28917388.9438874,1997701.7843850036,5513520.60543567,0.0,0.0,0.0,352.91941399999996,655.9000000000001,3824.500000000001
2022-03-07,23956711.32000271,1502401.75639488,28923023.334306996,2862814.4339384283,-2481118.25314316,0.0,0.0,0.0,350.1235439999999,647.08,917.9000000000001
2022-03-08,22889060.76000276,1100368.0518476977,28928657.724726584,2354813.4834937234,-3810760.5123521774,0.0,0.0,0.0,336.22400400000004,238.89600000000002,817.7
2022-03-09,22684191.64000237,690212.6150396363,28934292.11514617,838413.9107237121,-3956593.106258074,0.0,0.0,0.0,336.560436,0.0,777.6
2022-03-10,22931272.080002293,279663.4053493682,28939926.505565766,-507223.7133667593,-3586734.6960566784,0.0,0.0,0.0,267.790306,0.0,888.8
2022-03-11,25248824.36000316,-123736.24677630894,28945560.89598536,-780510.7648091275,2840660.531149717,0.0,0.0,0.0,253.13714000000002,0.0,1020.9
2022-03-12,27391551.480004124,-512812.42819516,28951195.286404952,-127652.21677210186,5481025.431236775,0.0,0.0,0.0,340.52173200000004,0.0,965.7
2022-03-13,31670047.280004594,-880932.4372695601,28956829.676824544,522963.6065700204,5513520.605427975,0.0,0.0,0.0,283.34457999999995,0.0,958.5
2022-03-14,23796455.160003055,-1222159.0139937678,28962464.06724413,438448.5770974822,-2481118.2531254203,0.0,0.0,0.0,288.03519200000005,0.0,666.0
2022-03-15,22548967.240003042,-1531383.0017011703,28968098.45766373,-233836.37050701323,-3810760.512354405,0.0,0.0,0.0,279.771776,0.0,648.0
2022-03-16,23441756.680003647,-1804431.1085771543,28973732.84808332,-740477.8214511792,-3956593.106255905,0.0,0.0,0.0,213.96963,0.0,652.5
2022-03-17,22156453.960003335,-2038146.1959576893,28979367.23850291,-621392.666617376,-3586734.6960635683,0.0,0.0,0.0,293.857584,0.0,571.5
2022-03-18,23304916.240003765,-2230438.342237462,28985001.6289225,-256086.26524753685,2840660.531150811,0.0,0.0,0.0,296.187272,0.0,481.5
2022-03-19,27826560.520004883,-2380305.791259844,28990636.01934209,-445696.02994668577,5481025.431237027,0.0,0.0,0.0,350.804284,0.0,886.5
2022-03-20,31522763.720005274,-2487825.7672389834,28996270.40976169,-1436002.40682745,5513520.60542604,0.0,0.0,0.0,360.3074959999999,0.0,945.0
2022-03-21,24180534.800003767,-2554115.998581302,29001904.80018128,-2422149.204612488,-2481118.25312766,0.0,0.0,0.0,330.80544599999996,0.0,513.0
2022-03-22,21562824.960003145,-2581268.6159897456,29007539.19060087,-2157677.4361888296,-3810760.512356632,0.0,0.0,0.0,338.284422,0.0,436.5
2022-03-23,22374204.800003067,-2572258.852311829,29013173.58102046,-189911.2761011108,-3956593.10626225,0.0,0.0,0.0,338.411646,0.0,634.5
2022-03-24,22623494.04000332,-2530831.651525917,29018807.97144005,2461122.216740381,-3586734.6960559958,0.0,0.0,0.0,349.457374,0.0,526.5
2022-03-25,24428889.52000379,-2461369.873369868,29024442.36185964,3936976.5854160935,2840660.531131182,0.0,0.0,0.0,351.3380900000001,0.0,598.5
2022-03-26,28212746.36000475,-2368748.243001002,29030076.75227924,3037914.1083902586,5481025.431231558,0.0,0.0,0.0,335.57794200000006,0.0,670.5
2022-03-27,32651134.04000587,-2258177.529918985,29035711.142698828,276983.9841874579,5513520.605421223,0.0,0.0,0.0,359.94710000000003,0.0,697.5
2022-03-28,25738376.60000376,-2135043.639279589,29041345.53311842,-2479677.397201953,-2481118.2531298986,0.0,0.0,0.0,363.10541200000006,0.0,504.0
2022-03-29,25968568.92000394,-2004746.3579316717,29046979.92353801,-3504868.374318794,-3810760.512350752,0.0,0.0,0.0,342.370346,0.0,423.0
2022-03-30,24718163.360004287,-1872542.4173067843,29052614.3139576,-2534996.2674501976,-3956593.106252836,0.0,0.0,0.0,352.63040199999995,0.0,414.0
2022-03-31,26885694.48000466,-1743397.3202898123,29058248.7043772,-791648.4664693071,-3586734.696048422,0.0,0.0,0.0,391.8229420000001,0.0,472.5
2022-04-01,29708350.960004978,-1621850.0376192243,29063883.094796784,242938.36518750855,2840660.5311367936,0.0,0.0,0.0,275.803722,0.0,711.0
2022-04-02,34278483.16000678,-1511894.2233431137,29069517.485216383,130014.99527856098,5481025.431232721,0.0,0.0,0.0,346.16667,0.0,895.5
2022-04-03,39167759.7600077,-1416879.043540496,29075151.87563597,-314015.96594218933,5513520.605416407,0.0,0.0,0.0,321.873524,0.0,832.5
2022-04-04,28057743.00000454,-1339432.0757905378,29080786.266055565,-186.96377064408685,-2481118.253138237,0.0,0.0,0.0,343.88084199999986,0.0,63.0
2022-04-05,25618400.880003665,-1281406.038972774,29086420.656475157,1268259.238556884,-3810760.5123589854,0.0,0.0,0.0,329.33171,0.0,40.5
2022-04-06,25512345.920002963,-1243850.375290236,29092055.04689475,2575132.32028886,-3956593.1062591816,0.0,0.0,0.0,338.7716880000001,0.0,45.0
2022-04-07,25772460.840003014,-1227007.9516032164,29097689.43731433,2786549.912750909,-3586734.6960553136,0.0,0.0,0.0,321.556294,0.0,18.0
2022-04-08,27104154.000003476,-1230336.3978012386,29103323.82773393,1656529.880382346,2840660.531142405,0.0,0.0,0.0,328.0349220000001,0.0,27.0
2022-04-09,32228926.200004816,-1252552.8781313938,29108958.21815352,68088.15224996133,5481025.431233883,0.0,0.0,0.0,342.737634,0.0,27.0
2022-04-10,36361554.920005366,-1291700.4183440306,29114592.60857312,-795668.106145136,5513520.605434504,0.0,0.0,0.0,340.946342,0.0,0.0
2022-04-11,27724946.720003698,-1345233.3061779563,29120226.998992704,-519953.23405183567,-2481118.253146574,0.0,0.0,0.0,328.75015600000006,0.0,0.0
2022-04-12,26063319.120003488,-1410118.562317171,29125861.389412303,260334.06418272105,-3810760.512353105,0.0,0.0,0.0,288.448672,0.0,0.0
2022-04-13,25712849.48000308,-1482950.0574510717,29131495.779831894,585811.5909720496,-3956593.1062570135,0.0,0.0,0.0,356.92186599999997,0.0,0.0
2022-04-14,28491448.08000344,-1560071.5394603324,29137130.170251485,133212.4587780832,-3586734.69604774,0.0,0.0,0.0,303.701544,0.0,0.0
2022-04-15,34908790.08000507,-1637704.6407133986,29142764.56067108,-554065.5430706312,2840660.531143498,0.0,0.0,0.0,322.72195200000004,0.0,0.0
2022-04-16,46833719.120007984,-1712077.862543832,29148398.951090667,-755078.7800241737,5481025.431235045,0.0,0.0,0.0,338.19949199999996,0.0,0.0
2022-04-17,28706802.16000503,-1779552.5827214231,29154033.34151025,-418232.9001269165,5513520.605432567,0.0,0.0,0.0,274.438886,477.092,0.0
2022-04-18,24101220.9200027,-1836742.298313504,29159667.73192985,-242438.53610906983,-2481118.2531427154,0.0,0.0,0.0,322.512726,481.7120000000001,0.0
2022-04-19,23378920.76000231,-1880621.5940095128,29165302.122349445,-868107.1958206104,-3810760.512355332,0.0,0.0,0.0,301.32399000000004,479.9760000000001,0.0
2022-04-20,22138817.36000228,-1908621.704332624,29170936.51276904,-2011244.728792064,-3956593.106254845,0.0,0.0,0.0,353.06533199999996,478.57599999999996,0.0
2022-04-21,22810714.120002605,-1918710.004197517,29176570.903188627,-2506756.9246830083,-3586734.696058345,0.0,0.0,0.0,354.44336200000004,478.548,0.0
2022-04-22,24116258.120003067,-1909451.3003288575,29182205.29360822,-1356756.3567602895,2840660.531128387,0.0,0.0,0.0,324.24954600000007,476.812,0.0
2022-04-23,28442599.28000408,-1880049.388696045,29187839.68402781,1162852.2529791214,5481025.431237116,0.0,0.0,0.0,366.68396800000005,475.832,0.0
2022-04-24,32854419.480005484,-1830367.9713652297,29193474.0744474,3454319.974438921,5513520.605424872,0.0,0.0,0.0,338.6979759999999,487.788,0.0
2022-04-25,24879064.280003197,-1760930.6704343176,29199108.464866992,3795923.473207414,-2481118.2531510526,0.0,0.0,0.0,306.087356,485.21199999999993,0.0
2022-04-26,22711684.960002612,-1672900.5170400443,29204742.855286587,1790711.8026659216,-3810760.512355457,0.0,0.0,0.0,320.491678,484.20400000000006,0.0
2022-04-27,22090287.880002044,-1568039.9105507503,29210377.24570618,-1233118.9794942772,-3956593.106252677,0.0,0.0,0.0,367.15656799999994,481.7680000000001,0.0
2022-04-28,22403612.12000237,-1448652.6182603503,29216011.63612577,-3267517.841525518,-3586734.696050772,0.0,0.0,0.0,414.69813800000003,479.21999999999997,0.0
2022-04-29,24289645.52000253,-1317509.9028687023,29221646.02654536,-3217408.4981750133,2840660.531129481,0.0,0.0,0.0,441.16864,479.83600000000007,0.0
2022-04-30,28464293.80000363,-1177763.308333833,29227280.416964952,-1654987.3579216888,5481025.431238279,0.0,0.0,0.0,317.3940540000001,479.72399999999993,0.0
2022-05-01,33235270.440004952,-1032846.9926668382,29232914.807384543,-124332.09879241798,5513520.605422935,0.0,0.0,0.0,513.351266,488.68399999999997,26.0
2022-05-02,25517649.200003237,-886372.7590340733,29238549.19780413,300979.2165936178,-2481118.2531333133,0.0,0.0,0.0,366.17414199999996,489.13199999999995,145.60000000000002
2022-05-03,23695805.640002284,-742021.0978786979,29244183.58822373,-128379.7380849488,-3810760.512357684,0.0,0.0,0.0,298.434066,527.072,253.0
2022-05-04,23388514.40000224,-603431.6096516125,29249817.97864332,-294049.3907982575,-3956593.1062590224,0.0,0.0,0.0,366.83342999999996,471.996,1275.2
2022-05-05,23591932.240002517,-474096.1300795693,29255452.36906291,552295.4285248885,-3586734.696057663,0.0,0.0,0.0,373.9571619999999,473.4240000000001,2072.85
2022-05-06,25003737.840002988,-357257.73123932513,29261086.759482503,1997701.7843851936,2840660.531130574,0.0,0.0,0.0,380.32364000000007,472.2480000000001,3063.3499999999995
2022-05-07,32612728.880005043,-255818.52841382916,29266721.14990209,2862814.433939774,5481025.4312319,0.0,0.0,0.0,393.656474,473.22800000000007,3287.2999999999997
2022-05-08,30944117.28000414,-172258.8941015103,29272355.540321685,2354813.4834938496,5513520.60541812,0.0,0.0,0.0,402.05460999999997,475.58000000000004,2776.9000000000005
2022-05-09,25799889.480002828,-108570.278368816,29277989.93074128,838413.910724184,-2481118.2531355536,0.0,0.0,0.0,469.813984,476.8960000000001,2855.95
2022-05-10,24064992.36000248,-66203.37295759819,29283624.32116087,-507223.7133671201,-3810760.512351804,0.0,0.0,0.0,421.6933580000001,476.308,2525.249999999999
2022-05-11,23392913.520002782,-46032.85059476419,29289258.711580463,-780510.764808188,-3956593.1062483415,0.0,0.0,0.0,435.22209599999996,476.672,2167.65
2022-05-12,24022669.560002983,-48339.37754377089,29294893.10200005,-127652.21676783748,-3586734.6960500893,0.0,0.0,0.0,436.236566,478.29600000000005,2240.1499999999996
2022-05-13,25212277.12000283,-72809.0537306916,29300527.492419645,522963.6065687963,2840660.531140704,0.0,0.0,0.0,477.20244599999995,366.408,2962.249999999999
2022-05-14,28479361.560003966,-118549.8981246396,29306161.88283924,438448.5771003338,5481025.4312330615,0.0,0.0,0.0,499.52478999999994,474.17999999999995,2490.5
2022-05-15,32804390.0000049,-184124.48407100237,29311796.273258828,-233836.3705062018,5513520.605416182,0.0,0.0,0.0,491.760178,479.08000000000004,2646.0999999999995
2022-05-16,25810220.640002787,-267597.3558904492,29317430.66367842,-740477.8214502551,-2481118.253137793,0.0,0.0,0.0,497.59476400000005,102.25600000000003,2144.2999999999997
2022-05-17,23996662.40000249,-366595.43817827647,29323065.054098014,-621392.6666203229,-3810760.512345923,0.0,0.0,0.0,412.56536400000005,0.0,1787.1000000000001
2022-05-18,23566496.600002974,-478379.2954056683,29328699.444517605,-256086.2652487725,-3956593.106255953,0.0,0.0,0.0,473.50629800000013,0.0,1640.8000000000002
2022-05-19,24708258.3200036,-599922.821357369,29334333.8349372,-445696.0299490071,-3586734.6960497475,0.0,0.0,0.0,486.7964160000001,0.0,1952.15
2022-05-20,25702081.84000403,-727998.7430466545,29339968.225356787,-1436002.4068301923,2840660.531141797,0.0,0.0,0.0,455.43899999999996,0.0,2394.1
2022-05-21,28575456.32000412,-859267.216680884,29345602.61577638,-2422149.2046161843,5481025.431235135,0.0,0.0,0.0,464.01578400000005,0.0,2293.8500000000004
2022-05-22,32826897.04000512,-990364.7753460658,29351237.00619597,-2157677.4361919924,5513520.605408487,0.0,0.0,0.0,482.207714,0.0,2397.6500000000005
2022-05-23,26092422.52000405,-1117990.9585123968,29356871.39661556,-189911.27610507948,-2481118.2531261514,0.0,0.0,0.0,448.0926300000001,0.0,2000.5
2022-05-24,23622558.520003345,-1238990.107570666,29362505.78703516,2461122.21673978,-3810760.512356258,0.0,0.0,0.0,476.75623799999994,0.0,1592.6000000000001
2022-05-25,26159275.120003298,-1350426.0431352498,29368140.177454747,3936976.585415961,-3956593.106253785,0.0,0.0,0.0,440.81301399999995,0.0,1310.1000000000001
2022-05-26,27555631.64000371,-1449647.6392423562,29373774.56787434,3037914.108390834,-3586734.6960603534,0.0,0.0,0.0,510.99655399999995,0.0,1964.35
2022-05-27,30383063.52000434,-1534343.6656657795,29379408.958293937,276983.98418818245,2840660.531147408,0.0,0.0,0.0,497.792686,0.0,1994.9500000000003
2022-05-28,31562916.44000474,-1602585.6695152684,29385043.34871352,-2479677.3972018966,5481025.431235386,0.0,0.0,0.0,432.62160399999993,0.0,2015.45
2022-05-29,29086608.360004347,-1652858.0966819958,29390677.73913312,-3504868.3743176637,5513520.605429465,0.0,0.0,0.0,467.81300600000003,0.0,1991.1
2022-05-30,29947096.5600049,-1684075.297815337,29396312.129552703,-2534996.2674458167,-2481118.253122293,4845782.443912477,0.0,0.0,467.73657600000007,0.0,1412.0500000000002
2022-05-31,27282074.96000383,-1695585.5069289566,29401946.519972306,-791648.4664682983,-3810760.5123503776,0.0,0.0,0.0,447.28640800000005,0.0,1229.2
2022-06-01,27082895.080003306,-1687162.3087341278,29407580.91039189,242938.36519022976,-3956593.10626013,0.0,0.0,0.0,437.450638,0.0,1719.0
2022-06-02,26946107.240002748,-1658984.508914616,29413215.300811484,130014.99527988066,-3586734.696060012,0.0,0.0,0.0,405.805302,0.0,2042.0
2022-06-03,29003397.240003385,-1611605.6770442517,29418849.691231072,-314015.9659392532,2840660.531123261,0.0,0.0,0.0,424.44287799999995,0.0,2050.45
2022-06-04,32268967.96000437,-1545914.933182664,29424484.08165067,-186.96377107354093,5481025.431237459,0.0,0.0,0.0,415.465624,0.0,2034.5000000000002
